listing_id,brand,model,sub_model,model_year,mileage,ACTUAL_PRICE,PREDICTED_PRICE,ERROR_THB,ABS_ERROR,APE_PCT,PRICE_BAND,brand_MODEL_CATEGORY,brand_IS_OTHER,model_MODEL_CATEGORY,model_IS_OTHER,sub_model_MODEL_CATEGORY,sub_model_IS_OTHER,ANY_OTHER
13633105,Toyota,CORONA,SL,1967,2500,59000.000000,-2709018.881773,2768018.881773,2768018.881773,4691.557427,<500k,Toyota,False,__OTHER__,True,__OTHER__,True,True
11322047,Volvo,144,Classic,1967,2500,79000.000000,-2645559.060341,2724559.060341,2724559.060341,3448.808937,<500k,Volvo,False,__OTHER__,True,__OTHER__,True,True
18921434,Mercedes-Benz,190SL,,1955,50991,1.000000,-2435570.472666,2435571.472666,2435571.472666,243557147.266551,<500k,Mercedes-Benz,False,__OTHER__,True,__MISSING__,False,True
18690330,Volvo,P1800,,1961,42500,2990000.000000,-2418561.162953,5408561.162953,5408561.162953,180.888333,1M-3M,Volvo,False,__OTHER__,True,__MISSING__,False,True
18919406,Mitsubishi,LANCER,,1977,122500,59000.000000,-2159700.572016,2218700.572016,2218700.572016,3760.509444,<500k,Mitsubishi,False,__OTHER__,True,__MISSING__,False,True
18033912,Volvo,144,Classic,1967,2500,88000.000000,-2043504.473534,2131504.473534,2131504.473534,2422.164174,<500k,Volvo,False,__OTHER__,True,__OTHER__,True,True
19180118,Volkswagen,BEETLE,1300,1972,57500,1490000.000000,-1939871.303100,3429871.303100,3429871.303100,230.192705,1M-3M,Volkswagen,False,__OTHER__,True,__OTHER__,True,True
19182933,Volvo,244,DL,1978,2500,29000.000000,-1860339.571022,1889339.571022,1889339.571022,6514.964038,<500k,Volvo,False,__OTHER__,True,__OTHER__,True,True
12710642,Mitsubishi,LANCER,,1977,2500,16000.000000,-1857966.460351,1873966.460351,1873966.460351,11712.290377,<500k,Mitsubishi,False,__OTHER__,True,__MISSING__,False,True
18493531,AUSTIN,Mini,,1978,2500,999000.000000,-1843951.076132,2842951.076132,2842951.076132,284.579687,500k-1M,__OTHER__,True,__OTHER__,True,__MISSING__,False,True
19182978,Volvo,244,GL,1979,2500,25000.000000,-1819970.596437,1844970.596437,1844970.596437,7379.882386,<500k,Volvo,False,__OTHER__,True,__OTHER__,True,True
7932596,DODGE,C Series,,1956,2500,1150000.000000,-1789000.466164,2939000.466164,2939000.466164,255.565258,1M-3M,__OTHER__,True,__OTHER__,True,__MISSING__,False,True
19183645,Volkswagen,BEETLE,,1969,7041,790000.000000,-1780205.649874,2570205.649874,2570205.649874,325.342487,500k-1M,Volkswagen,False,__OTHER__,True,__MISSING__,False,True
17045325,Volvo,P1800,,1961,47500,2990000.000000,-1689158.294957,4679158.294957,4679158.294957,156.493588,1M-3M,Volvo,False,__OTHER__,True,__MISSING__,False,True
18598416,Peugeot,504,,1974,2500,350000.000000,-1678865.462419,2028865.462419,2028865.462419,579.675846,<500k,Peugeot,False,__OTHER__,True,__MISSING__,False,True
19201932,Toyota,STARLET,XL,1986,152500,129000.000000,-1647553.409542,1776553.409542,1776553.409542,1377.173186,<500k,Toyota,False,__OTHER__,True,__OTHER__,True,True
17574373,Mazda,FAMILIA,STR,1990,2500,155000.000000,-1608954.588056,1763954.588056,1763954.588056,1138.035218,<500k,Mazda,False,__OTHER__,True,__OTHER__,True,True
11869034,AUSTIN,Mini,Traveller,1972,177500,2799000.000000,-1604283.389933,4403283.389933,4403283.389933,157.316305,1M-3M,__OTHER__,True,__OTHER__,True,__OTHER__,True,True
19170884,Volkswagen,Karmann Ghia,,1968,57500,1490000.000000,-1548428.685250,3038428.685250,3038428.685250,203.921388,1M-3M,Volkswagen,False,__OTHER__,True,__MISSING__,False,True
18933014,Ford,MUSTANG,,1964,2500,1.000000,-1456450.259259,1456451.259259,1456451.259259,145645125.925926,<500k,Ford,False,__OTHER__,True,__MISSING__,False,True
18630451,Honda,CIVIC,EX,1992,297500,69000.000000,-1433545.817537,1502545.817537,1502545.817537,2177.602634,<500k,Honda,False,CIVIC,False,__OTHER__,True,True
19199811,Isuzu,TFR,Spark EX,1990,297500,98000.000000,-1427642.709383,1525642.709383,1525642.709383,1556.778275,<500k,Isuzu,False,__OTHER__,True,__OTHER__,True,True
18824942,Toyota,HILUX MIGHTY-X,Double Cab,1992,416999,119000.000000,-1417248.630491,1536248.630491,1536248.630491,1290.965236,<500k,Toyota,False,__OTHER__,True,__OTHER__,True,True
18847300,Toyota,HIACE,,1993,282500,360000.000000,-1385399.418235,1745399.418235,1745399.418235,484.833172,<500k,Toyota,False,HIACE,False,__MISSING__,False,False
19132980,Suzuki,CARIBIAN,Sporty,2003,292500,145000.000000,-1367352.564102,1512352.564102,1512352.564102,1043.001768,<500k,Suzuki,False,__OTHER__,True,__OTHER__,True,True
9253949,Toyota,COROLLA,XX,1978,2500,1.000000,-1331118.616579,1331119.616579,1331119.616579,133111961.657867,<500k,Toyota,False,__OTHER__,True,__OTHER__,True,True
11321999,Mercedes-Benz,280S,,1972,2500,78000.000000,-1281542.014311,1359542.014311,1359542.014311,1743.002582,<500k,Mercedes-Benz,False,__OTHER__,True,__MISSING__,False,True
18853343,Isuzu,TFR,Supreme,1994,330000,145000.000000,-1253692.025296,1398692.025296,1398692.025296,964.615190,<500k,Isuzu,False,__OTHER__,True,__OTHER__,True,True
18909958,Honda,CIVIC,EX,1996,187500,159000.000000,-1232502.921594,1391502.921594,1391502.921594,875.159070,<500k,Honda,False,CIVIC,False,__OTHER__,True,True
19023183,Isuzu,TFR,SLX Space Cab,1996,339739,165000.000000,-1231592.005798,1396592.005798,1396592.005798,846.419397,<500k,Isuzu,False,__OTHER__,True,__OTHER__,True,True
19165459,Toyota,COROLLA,GLi,1993,358500,35000.000000,-1226587.598562,1261587.598562,1261587.598562,3604.535996,<500k,Toyota,False,__OTHER__,True,__OTHER__,True,True
12866940,Toyota,COROLLA,Liftback,1979,2500,999000.000000,-1200893.140224,2199893.140224,2199893.140224,220.209524,500k-1M,Toyota,False,__OTHER__,True,__OTHER__,True,True
19102947,Toyota,COROLLA,Liftback,1979,2500,999000.000000,-1200893.140224,2199893.140224,2199893.140224,220.209524,500k-1M,Toyota,False,__OTHER__,True,__OTHER__,True,True
19289455,OLDSMOBILE,CUTLASS,,1963,167500,1490000.000000,-1170617.367716,2660617.367716,2660617.367716,178.564924,1M-3M,__OTHER__,True,__OTHER__,True,__MISSING__,False,True
19237948,Hyundai,H-1,Deluxe,2018,3006700,725000.000000,-1158897.193172,1883897.193172,1883897.193172,259.847889,500k-1M,Hyundai,False,H-1,False,__OTHER__,True,True
14283020,BMW,2800,,1968,2500,750000.000000,-1156677.567435,1906677.567435,1906677.567435,254.223676,500k-1M,BMW,False,__OTHER__,True,__MISSING__,False,True
18716774,Mitsubishi,COLT,GLXi,1992,197500,128000.000000,-1144042.993147,1272042.993147,1272042.993147,993.783588,<500k,Mitsubishi,False,__OTHER__,True,__OTHER__,True,True
19313755,Toyota,COROLLA,SE Limited,1991,62500,88000.000000,-1130956.277741,1218956.277741,1218956.277741,1385.177588,<500k,Toyota,False,__OTHER__,True,__OTHER__,True,True
19031068,Toyota,COROLLA,GXi,1993,237500,46500.000000,-1103126.374067,1149626.374067,1149626.374067,2472.314783,<500k,Toyota,False,__OTHER__,True,__OTHER__,True,True
19088209,Suzuki,VITARA,,1994,97500,250000.000000,-1101845.882837,1351845.882837,1351845.882837,540.738353,<500k,Suzuki,False,__OTHER__,True,__MISSING__,False,True
18011845,Honda,ACCORD,EX,1991,2500,49000.000000,-1096573.380721,1145573.380721,1145573.380721,2337.904859,<500k,Honda,False,ACCORD,False,__OTHER__,True,True
14317480,Honda,ACCORD,EXi,1994,297500,55000.000000,-1087499.446847,1142499.446847,1142499.446847,2077.271722,<500k,Honda,False,ACCORD,False,__OTHER__,True,True
18921994,Honda,CIVIC,EX,1994,197500,78000.000000,-1085263.135788,1163263.135788,1163263.135788,1491.362995,<500k,Honda,False,CIVIC,False,__OTHER__,True,True
18850170,Mazda,FAMILIA,STR,1989,2500,140000.000000,-1083386.002678,1223386.002678,1223386.002678,873.847145,<500k,Mazda,False,__OTHER__,True,__OTHER__,True,True
19232262,Honda,CIVIC,VTi LX,1997,378000,44000.000000,-1064014.136710,1108014.136710,1108014.136710,2518.213947,<500k,Honda,False,CIVIC,False,__OTHER__,True,True
18164602,Toyota,HILUX,Single Cab 106,1991,232500,179000.000000,-1055279.091755,1234279.091755,1234279.091755,689.541392,<500k,Toyota,False,__OTHER__,True,__OTHER__,True,True
14463624,Honda,ACCORD,EXi,1992,2500,35000.000000,-1040576.983655,1075576.983655,1075576.983655,3073.077096,<500k,Honda,False,ACCORD,False,__OTHER__,True,True
18948465,Honda,ACCORD,LXi,1993,112500,220000.000000,-1033956.924118,1253956.924118,1253956.924118,569.980420,<500k,Honda,False,ACCORD,False,__OTHER__,True,True
18950810,Honda,ACCORD,LXi,1993,107500,220000.000000,-1030693.433693,1250693.433693,1250693.433693,568.497015,<500k,Honda,False,ACCORD,False,__OTHER__,True,True
19122773,Honda,CIVIC,VTi EX,1995,112500,88000.000000,-1025136.041118,1113136.041118,1113136.041118,1264.927319,<500k,Honda,False,CIVIC,False,__OTHER__,True,True
18293494,Toyota,HILUX MIGHTY-X,Extra Cab,1993,297500,259000.000000,-1003385.346482,1262385.346482,1262385.346482,487.407470,<500k,Toyota,False,__OTHER__,True,__OTHER__,True,True
14461215,Honda,ACCORD,EX,1992,2500,45000.000000,-989272.632603,1034272.632603,1034272.632603,2298.383628,<500k,Honda,False,ACCORD,False,__OTHER__,True,True
19186108,Volkswagen,Karmann Ghia,,1968,7500,1390000.000000,-973894.471852,2363894.471852,2363894.471852,170.064350,1M-3M,Volkswagen,False,__OTHER__,True,__MISSING__,False,True
19230459,Honda,CIVIC,VTi LX,1995,2500,45000.000000,-953339.251785,998339.251785,998339.251785,2218.531671,<500k,Honda,False,CIVIC,False,__OTHER__,True,True
14318068,Honda,City,EXi,1997,2500,42000.000000,-951453.073597,993453.073597,993453.073597,2365.364461,<500k,Honda,False,City,False,__OTHER__,True,True
18993694,Toyota,COROLLA,GXi,1993,2500,45000.000000,-949742.324127,994742.324127,994742.324127,2210.538498,<500k,Toyota,False,__OTHER__,True,__OTHER__,True,True
18993344,Toyota,COROLLA,GXi,1993,2500,50000.000000,-949742.324127,999742.324127,999742.324127,1999.484648,<500k,Toyota,False,__OTHER__,True,__OTHER__,True,True
16309417,Mercedes-Benz,230S,Classic,1968,1,1500000.000000,-937984.719922,2437984.719922,2437984.719922,162.532315,1M-3M,Mercedes-Benz,False,__OTHER__,True,__OTHER__,True,True
19232928,Mercedes-Benz,C180,,1997,257500,99000.000000,-934350.362065,1033350.362065,1033350.362065,1043.788245,<500k,Mercedes-Benz,False,C180,False,__MISSING__,False,False
18805136,Audi,A3,,1997,162500,125000.000000,-931459.836847,1056459.836847,1056459.836847,845.167869,<500k,Audi,False,__OTHER__,True,__MISSING__,False,True
18216670,Honda,CIVIC,LXi,1999,300000,69000.000000,-918784.565303,987784.565303,987784.565303,1431.571834,<500k,Honda,False,CIVIC,False,__OTHER__,True,True
19175534,Honda,CIVIC,LXi,1996,287500,59000.000000,-899692.753551,958692.753551,958692.753551,1624.902972,<500k,Honda,False,CIVIC,False,__OTHER__,True,True
18857620,Toyota,Corolla Altis,J,2002,207500,68000.000000,-887925.049906,955925.049906,955925.049906,1405.772132,<500k,Toyota,False,Corolla Altis,False,__OTHER__,True,True
15838959,Mercedes-Benz,C200,,1997,297500,89000.000000,-874754.444668,963754.444668,963754.444668,1082.870163,<500k,Mercedes-Benz,False,C200,False,__MISSING__,False,False
18731657,Toyota,CORONA,GLi,1994,2500,49000.000000,-858675.462380,907675.462380,907675.462380,1852.398903,<500k,Toyota,False,__OTHER__,True,__OTHER__,True,True
16408516,Mitsubishi,LANCER,GLX,1993,282500,49000.000000,-858293.536100,907293.536100,907293.536100,1851.619461,<500k,Mitsubishi,False,__OTHER__,True,GLX,False,True
14705256,Mercedes-Benz,C180,,1998,2500,88000.000000,-840231.322130,928231.322130,928231.322130,1054.808321,<500k,Mercedes-Benz,False,C180,False,__MISSING__,False,False
12046305,Nissan,NV,LX Single Cab,1995,2500,59000.000000,-832386.918855,891386.918855,891386.918855,1510.825286,<500k,Nissan,False,__OTHER__,True,__OTHER__,True,True
19331664,Audi,A4,,1997,212500,168000.000000,-824514.355826,992514.355826,992514.355826,590.782355,<500k,Audi,False,__OTHER__,True,__MISSING__,False,True
19211345,Isuzu,TFR,Station Wagon,1995,252500,99000.000000,-824125.415617,923125.415617,923125.415617,932.449915,<500k,Isuzu,False,__OTHER__,True,__OTHER__,True,True
19276189,Honda,CIVIC,EXi,2001,455000,44000.000000,-812755.237469,856755.237469,856755.237469,1947.170994,<500k,Honda,False,CIVIC,False,__OTHER__,True,True
18907893,Toyota,LAND CRUISER,,1982,297500,990000.000000,-810447.248304,1800447.248304,1800447.248304,181.863358,500k-1M,Toyota,False,__OTHER__,True,__MISSING__,False,True
19235771,Isuzu,Dragon Eyes,SLX Space Cab (Air),2000,202500,145000.000000,-808318.956922,953318.956922,953318.956922,657.461350,<500k,Isuzu,False,__OTHER__,True,__OTHER__,True,True
19182910,AUSTIN,Westminster,A110,1968,2500,1280000.000000,-807749.544826,2087749.544826,2087749.544826,163.105433,1M-3M,__OTHER__,True,__OTHER__,True,__OTHER__,True,True
19082743,Toyota,COROLLA,GXi Saloon,1996,17500,49000.000000,-804553.697726,853553.697726,853553.697726,1741.946322,<500k,Toyota,False,__OTHER__,True,__OTHER__,True,True
5357326,Toyota,CAMRY,GXi,1997,2500,77000.000000,-803190.347267,880190.347267,880190.347267,1143.104347,<500k,Toyota,False,CAMRY,False,__OTHER__,True,True
18987539,Honda,ACCORD,EXi,1996,202500,59000.000000,-799186.609516,858186.609516,858186.609516,1454.553575,<500k,Honda,False,ACCORD,False,__OTHER__,True,True
19162508,BMW,520i,,1990,182500,120000.000000,-799027.533948,919027.533948,919027.533948,765.856278,<500k,BMW,False,__OTHER__,True,__MISSING__,False,True
19081847,Honda,CR-V,EXi,2000,332000,49000.000000,-796229.996026,845229.996026,845229.996026,1724.959176,<500k,Honda,False,CR-V,False,__OTHER__,True,True
18313148,Toyota,CAMRY,SEG,2001,400000,87000.000000,-794505.478687,881505.478687,881505.478687,1013.224688,<500k,Toyota,False,CAMRY,False,__OTHER__,True,True
19111753,Toyota,Corolla Altis,G,2001,306019,89000.000000,-792039.740007,881039.740007,881039.740007,989.932292,<500k,Toyota,False,Corolla Altis,False,G,False,False
14318147,Honda,CIVIC,VTi EX,1998,2500,42000.000000,-791813.508028,833813.508028,833813.508028,1985.270257,<500k,Honda,False,CIVIC,False,__OTHER__,True,True
18750859,Mercedes-Benz,C180,,2000,72500,220000.000000,-790906.932717,1010906.932717,1010906.932717,459.503151,<500k,Mercedes-Benz,False,C180,False,__MISSING__,False,False
16504759,Toyota,HILUX MIGHTY-X,GL Extra Cab,1998,202500,119000.000000,-789132.460246,908132.460246,908132.460246,763.136521,<500k,Toyota,False,__OTHER__,True,__OTHER__,True,True
19339942,Toyota,SOLUNA,GLi,1999,354054,40000.000000,-782507.854921,822507.854921,822507.854921,2056.269637,<500k,Toyota,False,__OTHER__,True,__OTHER__,True,True
19207229,Chevrolet,OPTRA,,2004,180000,29000.000000,-777745.039827,806745.039827,806745.039827,2781.879448,<500k,Chevrolet,False,__OTHER__,True,__MISSING__,False,True
19138464,Toyota,HIACE,D4D,2006,882285,299000.000000,-774024.597782,1073024.597782,1073024.597782,358.871103,<500k,Toyota,False,HIACE,False,__OTHER__,True,True
16850645,Honda,CIVIC,Type R,1999,7500,3800000.000000,-770100.693879,4570100.693879,4570100.693879,120.265808,>=3M,Honda,False,CIVIC,False,__OTHER__,True,True
19072512,Volvo,940,GL,1994,77500,58900.000000,-768236.200378,827136.200378,827136.200378,1404.305943,<500k,Volvo,False,__OTHER__,True,__OTHER__,True,True
19318641,Mitsubishi,SPACE WAGON,,1995,232500,59000.000000,-761559.004422,820559.004422,820559.004422,1390.777974,<500k,Mitsubishi,False,__OTHER__,True,__MISSING__,False,True
19306706,Toyota,COROLLA,GXi,1999,248111,50000.000000,-751297.171863,801297.171863,801297.171863,1602.594344,<500k,Toyota,False,__OTHER__,True,__OTHER__,True,True
18601669,Ford,MUSTANG,,1983,2500,499000.000000,-747551.082298,1246551.082298,1246551.082298,249.809836,<500k,Ford,False,__OTHER__,True,__MISSING__,False,True
18223386,Nissan,Big M,DX Double Cab,1989,2500,259000.000000,-741423.879235,1000423.879235,1000423.879235,386.264046,<500k,Nissan,False,__OTHER__,True,__OTHER__,True,True
16546157,Volvo,1800,S,1973,2500,2890000.000000,-739849.386454,3629849.386454,3629849.386454,125.600325,1M-3M,Volvo,False,__OTHER__,True,S,False,True
19200683,Suzuki,VITARA,,2002,152500,139000.000000,-739616.888428,878616.888428,878616.888428,632.098481,<500k,Suzuki,False,__OTHER__,True,__MISSING__,False,True
19301217,Honda,CIVIC,VTi,2001,282500,79000.000000,-738212.692118,817212.692118,817212.692118,1034.446446,<500k,Honda,False,CIVIC,False,__OTHER__,True,True
18662071,Mitsubishi,LANCER,GLXi,1997,182500,65000.000000,-729261.204395,794261.204395,794261.204395,1221.940314,<500k,Mitsubishi,False,__OTHER__,True,__OTHER__,True,True
14307462,Toyota,CAMRY,GXi,2000,192500,80000.000000,-726277.249048,806277.249048,806277.249048,1007.846561,<500k,Toyota,False,CAMRY,False,__OTHER__,True,True
19295215,Honda,CR-V,E,2013,1660000,299000.000000,-719523.989699,1018523.989699,1018523.989699,340.643475,<500k,Honda,False,CR-V,False,E,False,False
19268202,Toyota,Corolla Altis,G,2003,287500,68000.000000,-716167.448283,784167.448283,784167.448283,1153.187424,<500k,Toyota,False,Corolla Altis,False,G,False,False
13744172,Ford,RANGER,XLT Super Cab,2000,142000,89000.000000,-715604.581706,804604.581706,804604.581706,904.050092,<500k,Ford,False,RANGER,False,__OTHER__,True,True
19282695,Toyota,VIOS,J,2003,247500,79000.000000,-710025.439294,789025.439294,789025.439294,998.766379,<500k,Toyota,False,VIOS,False,__OTHER__,True,True
17136169,Toyota,VITZ,RS,2000,117500,235000.000000,-708852.612683,943852.612683,943852.612683,401.639410,<500k,Toyota,False,__OTHER__,True,RS,False,True
14464364,Toyota,COROLLA,SEG,1996,2500,45000.000000,-708722.464638,753722.464638,753722.464638,1674.938810,<500k,Toyota,False,__OTHER__,True,__OTHER__,True,True
14307347,Toyota,CAMRY,GXi,2001,267500,88000.000000,-708022.982444,796022.982444,796022.982444,904.571571,<500k,Toyota,False,CAMRY,False,__OTHER__,True,True
19291740,Toyota,VIOS,S,2004,327000,74000.000000,-700974.174136,774974.174136,774974.174136,1047.262397,<500k,Toyota,False,VIOS,False,S,False,False
12853684,Honda,CIVIC,Type R,2000,2500,2390000.000000,-699630.580487,3089630.580487,3089630.580487,129.273246,1M-3M,Honda,False,CIVIC,False,__OTHER__,True,True
19289742,Honda,CR-V,S,2002,297500,99000.000000,-693979.138348,792979.138348,792979.138348,800.989029,<500k,Honda,False,CR-V,False,S,False,False
18987563,Volvo,940,GL,1994,2500,57000.000000,-693140.330195,750140.330195,750140.330195,1316.035667,<500k,Volvo,False,__OTHER__,True,__OTHER__,True,True
19236293,Toyota,Corolla Altis,E,2004,297500,69000.000000,-686756.685053,755756.685053,755756.685053,1095.299544,<500k,Toyota,False,Corolla Altis,False,E,False,False
14462641,Honda,CIVIC,VTi,1999,2500,48000.000000,-684512.759911,732512.759911,732512.759911,1526.068250,<500k,Honda,False,CIVIC,False,__OTHER__,True,True
14317801,Mazda,626,Cronos,1994,2500,55000.000000,-680806.054334,735806.054334,735806.054334,1337.829190,<500k,Mazda,False,__OTHER__,True,__OTHER__,True,True
19120046,Renault,R-19,TXE,1992,297500,79000.000000,-671362.527036,750362.527036,750362.527036,949.825984,<500k,__OTHER__,True,__OTHER__,True,__OTHER__,True,True
5044857,Toyota,Corolla Altis,E,2004,200000,89000.000000,-667603.378008,756603.378008,756603.378008,850.116155,<500k,Toyota,False,Corolla Altis,False,E,False,False
14307608,Toyota,CAMRY,GXi,2001,197500,75000.000000,-662334.116504,737334.116504,737334.116504,983.112155,<500k,Toyota,False,CAMRY,False,__OTHER__,True,True
18474414,Chevrolet,ZAFIRA,CD,2000,2500,100000.000000,-661904.120668,761904.120668,761904.120668,761.904121,<500k,Chevrolet,False,__OTHER__,True,__OTHER__,True,True
18657504,Isuzu,DRAGON POWER,Rodeo Cab-4,2001,257500,175000.000000,-661257.216509,836257.216509,836257.216509,477.861267,<500k,Isuzu,False,__OTHER__,True,__OTHER__,True,True
14317362,Nissan,Big M,GL Super Single Cab,1991,2500,65000.000000,-660856.032345,725856.032345,725856.032345,1116.701588,<500k,Nissan,False,__OTHER__,True,__OTHER__,True,True
16504806,Toyota,HILUX MIGHTY-X,GL Extra Cab,1998,1,119000.000000,-656961.750761,775961.750761,775961.750761,652.068698,<500k,Toyota,False,__OTHER__,True,__OTHER__,True,True
19088129,Toyota,VIOS,J,2004,200708,70000.000000,-656762.523767,726762.523767,726762.523767,1038.232177,<500k,Toyota,False,VIOS,False,__OTHER__,True,True
19089187,Audi,A4,,1996,127500,129000.000000,-656621.921762,785621.921762,785621.921762,609.009242,<500k,Audi,False,__OTHER__,True,__MISSING__,False,True
12797998,Nissan,CEFIRO,,1992,147500,338000.000000,-656394.153083,994394.153083,994394.153083,294.199454,<500k,Nissan,False,__OTHER__,True,__MISSING__,False,True
18987012,Honda,CIVIC,VTi,2001,212500,79000.000000,-654475.951892,733475.951892,733475.951892,928.450572,<500k,Honda,False,CIVIC,False,__OTHER__,True,True
18668541,Mitsubishi,LANCER,SEi,1996,90000,888000.000000,-649557.695566,1537557.695566,1537557.695566,173.148389,500k-1M,Mitsubishi,False,__OTHER__,True,__OTHER__,True,True
19249682,Suzuki,WAGON R,,2010,42500,188000.000000,-648312.508380,836312.508380,836312.508380,444.847079,<500k,Suzuki,False,__OTHER__,True,__MISSING__,False,True
11232350,Toyota,Sprinter Trueno,,1986,2500,2395000.000000,-645806.339161,3040806.339161,3040806.339161,126.964774,1M-3M,Toyota,False,__OTHER__,True,__MISSING__,False,True
14815357,Isuzu,Dragon Eyes,LS Cab-4,2001,187500,199000.000000,-639428.589348,838428.589348,838428.589348,421.320899,<500k,Isuzu,False,__OTHER__,True,__OTHER__,True,True
19341320,Mazda,2,Spirit Sport,2010,700000,159000.000000,-631717.305139,790717.305139,790717.305139,497.306481,<500k,Mazda,False,2,False,__OTHER__,True,True
14307740,Toyota,Corolla Altis,E,2005,297500,115000.000000,-627188.884671,742188.884671,742188.884671,645.381639,<500k,Toyota,False,Corolla Altis,False,E,False,False
19313030,Chevrolet,OPTRA,,2005,157220,59000.000000,-626210.792931,685210.792931,685210.792931,1161.374225,<500k,Chevrolet,False,__OTHER__,True,__MISSING__,False,True
17179358,Mitsubishi,LANCER,SEi,1997,2500,159000.000000,-622590.057042,781590.057042,781590.057042,491.566074,<500k,Mitsubishi,False,__OTHER__,True,__OTHER__,True,True
19251919,Volvo,850,GLE,1996,217068,99000.000000,-619307.760116,718307.760116,718307.760116,725.563394,<500k,Volvo,False,__OTHER__,True,__OTHER__,True,True
19142305,Toyota,Sport Cruiser,S,2001,247500,199000.000000,-616389.877617,815389.877617,815389.877617,409.743657,<500k,Toyota,False,__OTHER__,True,S,False,True
18335589,Mercedes-Benz,C200,Classic,1995,207500,99000.000000,-614929.464944,713929.464944,713929.464944,721.140874,<500k,Mercedes-Benz,False,C200,False,__OTHER__,True,True
19023305,Toyota,VIOS,J,2006,340000,64900.000000,-613264.899466,678164.899466,678164.899466,1044.938212,<500k,Toyota,False,VIOS,False,__OTHER__,True,True
18856771,Mitsubishi,TRITON,GLX Mega Cab,2005,297500,199000.000000,-612021.375799,811021.375799,811021.375799,407.548430,<500k,Mitsubishi,False,TRITON,False,__OTHER__,True,True
19252657,Toyota,Corolla Altis,E,2004,222500,99000.000000,-611660.814870,710660.814870,710660.814870,717.839207,<500k,Toyota,False,Corolla Altis,False,E,False,False
19252679,Toyota,Corolla Altis,E,2004,222500,99000.000000,-611660.814870,710660.814870,710660.814870,717.839207,<500k,Toyota,False,Corolla Altis,False,E,False,False
19268487,Honda,ACCORD,VTi,2000,389000,44000.000000,-606141.673801,650141.673801,650141.673801,1477.594713,<500k,Honda,False,ACCORD,False,__OTHER__,True,True
19237504,Honda,City,A,2004,182500,68000.000000,-600775.643132,668775.643132,668775.643132,983.493593,<500k,Honda,False,City,False,__OTHER__,True,True
19228291,Isuzu,D-MAX,SLX Cab-4,2004,366000,129000.000000,-600612.141617,729612.141617,729612.141617,565.590807,<500k,Isuzu,False,D-MAX,False,__OTHER__,True,True
18514914,Honda,Life Dunk,Turbo,2002,102500,389000.000000,-598860.286208,987860.286208,987860.286208,253.948660,<500k,Honda,False,__OTHER__,True,__OTHER__,True,True
17792668,Mercedes-Benz,C180,Elegance,2001,192500,139000.000000,-598045.750056,737045.750056,737045.750056,530.248741,<500k,Mercedes-Benz,False,C180,False,__OTHER__,True,True
18941593,Honda,City,S,2004,232096,89000.000000,-591679.769678,680679.769678,680679.769678,764.808730,<500k,Honda,False,City,False,S,False,False
14266286,Mercedes-Benz,C180,,2002,112500,248000.000000,-591402.471406,839402.471406,839402.471406,338.468738,<500k,Mercedes-Benz,False,C180,False,__MISSING__,False,False
19211665,Toyota,COROLLA,GXIS,1999,2500,59000.000000,-590987.342544,649987.342544,649987.342544,1101.673462,<500k,Toyota,False,__OTHER__,True,__OTHER__,True,True
19232256,Toyota,VIOS,J,2005,197500,59000.000000,-587462.045343,646462.045343,646462.045343,1095.698382,<500k,Toyota,False,VIOS,False,__OTHER__,True,True
19110315,Toyota,Corolla Altis,E,2004,137500,88000.000000,-582324.991477,670324.991477,670324.991477,761.732945,<500k,Toyota,False,Corolla Altis,False,E,False,False
18923791,Toyota,AVANZA,S,2005,242500,139000.000000,-578969.168924,717969.168924,717969.168924,516.524582,<500k,Toyota,False,AVANZA,False,S,False,False
18968204,Toyota,INNOVA,V,2007,247500,184000.000000,-578272.267825,762272.267825,762272.267825,414.278406,<500k,Toyota,False,INNOVA,False,V,False,False
18964791,BMW,320i,,1980,162500,179000.000000,-577277.724503,756277.724503,756277.724503,422.501522,<500k,BMW,False,__OTHER__,True,__MISSING__,False,True
19289283,Toyota,INNOVA,V,2005,335000,185000.000000,-575128.471785,760128.471785,760128.471785,410.880255,<500k,Toyota,False,INNOVA,False,V,False,False
18613411,Ford,RANGER,XLT Open Cab,2003,272500,81000.000000,-574607.439531,655607.439531,655607.439531,809.391901,<500k,Ford,False,RANGER,False,__OTHER__,True,True
16482578,Honda,CR-V,EXi Limited,2000,32500,78888.000000,-573909.271229,652797.271229,652797.271229,827.498823,<500k,Honda,False,CR-V,False,__OTHER__,True,True
11058355,BMW,316i,,1982,142500,1.000000,-573502.938387,573503.938387,573503.938387,57350393.838674,<500k,BMW,False,__OTHER__,True,__MISSING__,False,True
19282463,Chevrolet,OPTRA,LT,2005,272500,54000.000000,-566934.659832,620934.659832,620934.659832,1149.879000,<500k,Chevrolet,False,__OTHER__,True,__OTHER__,True,True
19339931,Honda,CIVIC,S (AS),2004,331680,70000.000000,-564426.977145,634426.977145,634426.977145,906.324253,<500k,Honda,False,CIVIC,False,__OTHER__,True,True
19071706,Honda,CIVIC,EXi (AS),2003,237500,79000.000000,-563217.806460,642217.806460,642217.806460,812.933932,<500k,Honda,False,CIVIC,False,__OTHER__,True,True
18671440,Toyota,Corolla Altis,E,2005,330000,75000.000000,-556508.299095,631508.299095,631508.299095,842.011065,<500k,Toyota,False,Corolla Altis,False,E,False,False
19012969,Toyota,HILUX MIGHTY-X,Double Cab,1991,117500,188000.000000,-556306.471323,744306.471323,744306.471323,395.907698,<500k,Toyota,False,__OTHER__,True,__OTHER__,True,True
18925372,Honda,CIVIC,VTi (AS),2003,222500,119000.000000,-552733.200623,671733.200623,671733.200623,564.481681,<500k,Honda,False,CIVIC,False,__OTHER__,True,True
19331980,Honda,CR-V,S,2003,192500,110000.000000,-551294.528448,661294.528448,661294.528448,601.176844,<500k,Honda,False,CR-V,False,S,False,False
19277849,Toyota,VIOS,J,2003,2500,79000.000000,-550114.408505,629114.408505,629114.408505,796.347353,<500k,Toyota,False,VIOS,False,__OTHER__,True,True
14462997,Toyota,COROLLA,DXi Saloon,1997,2500,29000.000000,-547936.883665,576936.883665,576936.883665,1989.437530,<500k,Toyota,False,__OTHER__,True,__OTHER__,True,True
18475903,Toyota,CAMRY,Q,2003,297500,94000.000000,-545088.027383,639088.027383,639088.027383,679.880880,<500k,Toyota,False,CAMRY,False,__OTHER__,True,True
19201080,Mitsubishi,TRITON,GLX Mega Cab,2006,297500,128000.000000,-544814.752831,672814.752831,672814.752831,525.636526,<500k,Mitsubishi,False,TRITON,False,__OTHER__,True,True
19151227,Honda,CIVIC,VTi,2001,2500,78000.000000,-544247.002456,622247.002456,622247.002456,797.752567,<500k,Honda,False,CIVIC,False,__OTHER__,True,True
19173806,Isuzu,D-MAX,Hi-Lander Cab-4,2006,482662,199000.000000,-542343.959655,741343.959655,741343.959655,372.534653,<500k,Isuzu,False,D-MAX,False,__OTHER__,True,True
19331951,Honda,CIVIC,S,2004,297500,1.000000,-540744.794083,540745.794083,540745.794083,54074579.408283,<500k,Honda,False,CIVIC,False,S,False,False
18441839,Honda,CR-V,SF,2002,2500,99000.000000,-539652.099479,638652.099479,638652.099479,645.103131,<500k,Honda,False,CR-V,False,__OTHER__,True,True
19237100,Honda,JAZZ,E,2005,441000,99000.000000,-538989.689148,637989.689148,637989.689148,644.434029,<500k,Honda,False,JAZZ,False,E,False,False
19268922,Toyota,VIOS,E,2004,212500,78000.000000,-538961.193031,616961.193031,616961.193031,790.975889,<500k,Toyota,False,VIOS,False,E,False,False
18736771,Mercedes-Benz,C180,Elegance,2002,202500,149000.000000,-538060.242501,687060.242501,687060.242501,461.114257,<500k,Mercedes-Benz,False,C180,False,__OTHER__,True,True
19037182,Mercedes-Benz,C180,Elegance,2002,202500,219000.000000,-537366.107936,756366.107936,756366.107936,345.372652,<500k,Mercedes-Benz,False,C180,False,__OTHER__,True,True
18324074,Toyota,YARIS,G Limited,2006,297500,115000.000000,-534007.315560,649007.315560,649007.315560,564.354187,<500k,Toyota,False,YARIS,False,__OTHER__,True,True
19004085,Toyota,AVANZA,E,2004,202500,139000.000000,-532788.818108,671788.818108,671788.818108,483.301308,<500k,Toyota,False,AVANZA,False,E,False,False
19129757,Mitsubishi,TRITON,GLS Plus Double Cab,2007,257500,148000.000000,-532108.014520,680108.014520,680108.014520,459.532442,<500k,Mitsubishi,False,TRITON,False,__OTHER__,True,True
14359479,Toyota,CORONA,Exsior SEG,1997,92500,65000.000000,-532011.874445,597011.874445,597011.874445,918.479807,<500k,Toyota,False,__OTHER__,True,__OTHER__,True,True
14299835,Honda,JAZZ,E-V,2004,192500,115000.000000,-531958.716378,646958.716378,646958.716378,562.572797,<500k,Honda,False,JAZZ,False,__OTHER__,True,True
19045574,Nissan,MARCH,EL,2010,222500,99000.000000,-520510.174589,619510.174589,619510.174589,625.767853,<500k,Nissan,False,MARCH,False,EL,False,False
19037056,Isuzu,D-MAX,SL Space Cab,2004,212500,139000.000000,-519659.233912,658659.233912,658659.233912,473.855564,<500k,Isuzu,False,D-MAX,False,__OTHER__,True,True
18935001,Mitsubishi,PAJERO,GLS,1992,197500,179000.000000,-517598.492243,696598.492243,696598.492243,389.161169,<500k,Mitsubishi,False,__OTHER__,True,__OTHER__,True,True
19288313,Nissan,SUNNY,EX Saloon,1995,62500,24800.000000,-516943.073757,541743.073757,541743.073757,2184.447878,<500k,Nissan,False,__OTHER__,True,__OTHER__,True,True
19033090,Honda,CIVIC,VTi (AS),2003,167500,90000.000000,-516834.805956,606834.805956,606834.805956,674.260896,<500k,Honda,False,CIVIC,False,__OTHER__,True,True
19108160,Suzuki,EVERY,,2011,2500,459000.000000,-515875.926268,974875.926268,974875.926268,212.391269,<500k,Suzuki,False,__OTHER__,True,__MISSING__,False,True
15744672,Toyota,Corolla Altis,G,2005,252500,128000.000000,-515119.147713,643119.147713,643119.147713,502.436834,<500k,Toyota,False,Corolla Altis,False,G,False,False
19158330,Honda,JAZZ,E-V (AS),2005,262500,109000.000000,-514706.497230,623706.497230,623706.497230,572.207796,<500k,Honda,False,JAZZ,False,__OTHER__,True,True
19335060,Ford,RANGER,XLT Double Cab,2005,347640,125000.000000,-514486.435597,639486.435597,639486.435597,511.589148,<500k,Ford,False,RANGER,False,__OTHER__,True,True
14360692,Toyota,Corolla Altis,G,2006,212500,125000.000000,-513697.874684,638697.874684,638697.874684,510.958300,<500k,Toyota,False,Corolla Altis,False,G,False,False
11394668,Mitsubishi,TRITON,GLX Mega Cab,2006,247500,168000.000000,-512179.848588,680179.848588,680179.848588,404.868957,<500k,Mitsubishi,False,TRITON,False,__OTHER__,True,True
19105026,Mitsubishi,TRITON,GLS Plus Double Cab,2007,237500,179000.000000,-512109.364801,691109.364801,691109.364801,386.094617,<500k,Mitsubishi,False,TRITON,False,__OTHER__,True,True
13481502,Citroen,CX,20,1989,172500,340000.000000,-511566.362874,851566.362874,851566.362874,250.460695,<500k,Citroen,False,__OTHER__,True,__OTHER__,True,True
19296380,Honda,JAZZ,E-V,2005,257500,129000.000000,-511443.006806,640443.006806,640443.006806,496.467447,<500k,Honda,False,JAZZ,False,__OTHER__,True,True
19288849,Honda,JAZZ,E-V,2005,257500,129000.000000,-511443.006806,640443.006806,640443.006806,496.467447,<500k,Honda,False,JAZZ,False,__OTHER__,True,True
19319920,Toyota,Corolla Altis,E,2008,436775,90000.000000,-509528.853512,599528.853512,599528.853512,666.143171,<500k,Toyota,False,Corolla Altis,False,E,False,False
19266364,Toyota,VIOS,S,2005,132500,89000.000000,-506817.773664,595817.773664,595817.773664,669.458173,<500k,Toyota,False,VIOS,False,S,False,False
19089266,Ford,RANGER,XLT Double Cab,2001,197500,119000.000000,-505697.117192,624697.117192,624697.117192,524.955561,<500k,Ford,False,RANGER,False,__OTHER__,True,True
18774941,Honda,CIVIC,EXi,2004,252176,79000.000000,-505590.180585,584590.180585,584590.180585,739.987570,<500k,Honda,False,CIVIC,False,__OTHER__,True,True
19301515,Mitsubishi,TRITON,GLS Plus Double Cab,2006,122500,139000.000000,-504255.708011,643255.708011,643255.708011,462.773891,<500k,Mitsubishi,False,TRITON,False,__OTHER__,True,True
19284834,Mazda,3,Spirit,2008,217500,79000.000000,-503273.964136,582273.964136,582273.964136,737.055651,<500k,Mazda,False,3,False,__OTHER__,True,True
18646772,Mazda,3,R Sport Sunroof,2006,242500,117000.000000,-501238.208020,618238.208020,618238.208020,528.408725,<500k,Mazda,False,3,False,__OTHER__,True,True
18445608,Toyota,INNOVA,V,2008,162500,179000.000000,-499376.929307,678376.929307,678376.929307,378.981525,<500k,Toyota,False,INNOVA,False,V,False,False
19092848,Kia,K2500,,2012,227500,178000.000000,-498638.239572,676638.239572,676638.239572,380.133842,<500k,Kia,False,__OTHER__,True,__MISSING__,False,True
19138020,Honda,CIVIC,S,2004,232500,125000.000000,-498319.418567,623319.418567,623319.418567,498.655535,<500k,Honda,False,CIVIC,False,S,False,False
18717418,Volkswagen,GOLF,GL,1996,147500,88000.000000,-497698.396029,585698.396029,585698.396029,665.566359,<500k,Volkswagen,False,__OTHER__,True,__OTHER__,True,True
19339738,Toyota,VIOS,E,2005,287500,89000.000000,-494563.412608,583563.412608,583563.412608,655.689228,<500k,Toyota,False,VIOS,False,E,False,False
18614100,Honda,JAZZ,Dynamite Revo i-DSI,2005,247500,89000.000000,-493011.665490,582011.665490,582011.665490,653.945692,<500k,Honda,False,JAZZ,False,__OTHER__,True,True
8954460,Isuzu,DRAGON POWER,SLX Space Cab,2001,2500,160000.000000,-492535.929831,652535.929831,652535.929831,407.834956,<500k,Isuzu,False,__OTHER__,True,__OTHER__,True,True
14359159,Toyota,CORONA,Exsior SEG,1997,92500,69000.000000,-491917.749296,560917.749296,560917.749296,812.924274,<500k,Toyota,False,__OTHER__,True,__OTHER__,True,True
19014244,Toyota,Yaris Ativ,Mid,2020,1342222,385000.000000,-491656.112607,876656.112607,876656.112607,227.702886,<500k,Toyota,False,Yaris Ativ,False,__OTHER__,True,True
19235007,Isuzu,D-MAX,SLX Space Cab (Ddi-TEQ),2005,297500,149000.000000,-488001.565272,637001.565272,637001.565272,427.517829,<500k,Isuzu,False,D-MAX,False,__OTHER__,True,True
19336034,Honda,JAZZ,E-V (AS),2005,227500,119000.000000,-487596.526379,606596.526379,606596.526379,509.744980,<500k,Honda,False,JAZZ,False,__OTHER__,True,True
14270961,Toyota,CAMRY,Q,2002,212500,155000.000000,-486187.043092,641187.043092,641187.043092,413.669060,<500k,Toyota,False,CAMRY,False,__OTHER__,True,True
19261613,Nissan,MARCH,EL,2010,152500,119000.000000,-486031.534553,605031.534553,605031.534553,508.429861,<500k,Nissan,False,MARCH,False,EL,False,False
18329681,Toyota,VIOS,Turbo,2005,97500,175000.000000,-485346.303216,660346.303216,660346.303216,377.340745,<500k,Toyota,False,VIOS,False,__OTHER__,True,True
14307432,Chevrolet,AVEO,LS CNG,2011,112500,85000.000000,-484950.903479,569950.903479,569950.903479,670.530475,<500k,Chevrolet,False,__OTHER__,True,__OTHER__,True,True
18900428,Honda,CR-V,E,2003,197500,88000.000000,-481862.479091,569862.479091,569862.479091,647.570999,<500k,Honda,False,CR-V,False,E,False,False
14307560,Honda,CIVIC,VTi,2003,152500,85000.000000,-480900.820864,565900.820864,565900.820864,665.765672,<500k,Honda,False,CIVIC,False,__OTHER__,True,True
19289237,Toyota,CAMRY,G,2005,287500,129000.000000,-479270.173491,608270.173491,608270.173491,471.527266,<500k,Toyota,False,CAMRY,False,G,False,False
18850064,Opel,CORSA,Swing (5-Door),1995,52500,80000.000000,-478691.629835,558691.629835,558691.629835,698.364537,<500k,__OTHER__,True,__OTHER__,True,__OTHER__,True,True
18806860,Mitsubishi,LANCER,SEi,1999,139407,1090000.000000,-475920.143058,1565920.143058,1565920.143058,143.662398,1M-3M,Mitsubishi,False,__OTHER__,True,__OTHER__,True,True
19242124,Honda,City,ZX SV,2006,197500,1.000000,-475458.733904,475459.733904,475459.733904,47545973.390362,<500k,Honda,False,City,False,__OTHER__,True,True
14319853,Toyota,CORONA,Exsior SEG,1997,2500,65000.000000,-473269.046808,538269.046808,538269.046808,828.106226,<500k,Toyota,False,__OTHER__,True,__OTHER__,True,True
19186145,Honda,JAZZ,S,2006,152500,160000.000000,-471680.189276,631680.189276,631680.189276,394.800118,<500k,Honda,False,JAZZ,False,S,False,False
9532072,Mazda,3,R Sport Sunroof,2006,202500,117000.000000,-470864.746745,587864.746745,587864.746745,502.448501,<500k,Mazda,False,3,False,__OTHER__,True,True
14360521,Toyota,Corolla Altis,E,2003,2500,99000.000000,-470218.234221,569218.234221,569218.234221,574.967913,<500k,Toyota,False,Corolla Altis,False,E,False,False
18976639,Toyota,Corolla Altis,G,2007,247500,99000.000000,-469335.684685,568335.684685,568335.684685,574.076449,<500k,Toyota,False,Corolla Altis,False,G,False,False
19066921,Mercedes-Benz,C180,Classic,1996,297500,139000.000000,-466307.336515,605307.336515,605307.336515,435.472904,<500k,Mercedes-Benz,False,C180,False,__OTHER__,True,True
19053049,Honda,JAZZ,Dynamite Revo i-DSI,2005,187500,118000.000000,-465754.140866,583754.140866,583754.140866,494.706899,<500k,Honda,False,JAZZ,False,__OTHER__,True,True
19142299,Toyota,YARIS,S,2006,192500,118000.000000,-464795.188694,582795.188694,582795.188694,493.894228,<500k,Toyota,False,YARIS,False,S,False,False
19187162,Honda,JAZZ,Cool,2005,202500,99000.000000,-464334.386236,563334.386236,563334.386236,569.024633,<500k,Honda,False,JAZZ,False,__OTHER__,True,True
19140149,Toyota,YARIS,E,2006,311000,99000.000000,-462499.683945,561499.683945,561499.683945,567.171398,<500k,Toyota,False,YARIS,False,E,False,False
19160513,Toyota,Corolla Altis,E,2006,157500,99000.000000,-460965.707237,559965.707237,559965.707237,565.621927,<500k,Toyota,False,Corolla Altis,False,E,False,False
19153370,Toyota,VIOS,E,2006,297500,99000.000000,-460027.284307,559027.284307,559027.284307,564.674025,<500k,Toyota,False,VIOS,False,E,False,False
19303370,Toyota,AVANZA,E,2005,182176,129000.000000,-459955.581849,588955.581849,588955.581849,456.554715,<500k,Toyota,False,AVANZA,False,E,False,False
19239159,Isuzu,D-MAX,SLX Cab-4,2005,252500,155000.000000,-459324.286018,614324.286018,614324.286018,396.338249,<500k,Isuzu,False,D-MAX,False,__OTHER__,True,True
19158935,Toyota,INNOVA,G,2008,297500,115000.000000,-457738.548637,572738.548637,572738.548637,498.033521,<500k,Toyota,False,INNOVA,False,G,False,False
19228747,Toyota,Corolla Altis,G,2005,162500,129000.000000,-456376.320076,585376.320076,585376.320076,453.780093,<500k,Toyota,False,Corolla Altis,False,G,False,False
19272646,Toyota,CAMRY,G,2005,181478,89000.000000,-453860.438802,542860.438802,542860.438802,609.955549,<500k,Toyota,False,CAMRY,False,G,False,False
19108939,Toyota,Corolla Altis,G,2007,212500,149000.000000,-453435.939737,602435.939737,602435.939737,404.319423,<500k,Toyota,False,Corolla Altis,False,G,False,False
19293161,Toyota,HILUX TIGER,E Extra Cab,2003,314428,75000.000000,-453370.251595,528370.251595,528370.251595,704.493669,<500k,Toyota,False,__OTHER__,True,__OTHER__,True,True
19267697,Toyota,CAMRY,G,2007,385220,139000.000000,-452429.206069,591429.206069,591429.206069,425.488637,<500k,Toyota,False,CAMRY,False,G,False,False
18464517,Mercedes-Benz,190E,,1992,97500,350000.000000,-451937.551648,801937.551648,801937.551648,229.125015,<500k,Mercedes-Benz,False,__OTHER__,True,__MISSING__,False,True
19331631,Toyota,VIOS,G,2007,360000,125000.000000,-449753.929857,574753.929857,574753.929857,459.803144,<500k,Toyota,False,VIOS,False,G,False,False
19002928,Mazda,3,Spirit Sports,2010,292500,75000.000000,-448833.167056,523833.167056,523833.167056,698.444223,<500k,Mazda,False,3,False,__OTHER__,True,True
19304911,Toyota,VIOS,E,2006,267500,89000.000000,-448085.164347,537085.164347,537085.164347,603.466477,<500k,Toyota,False,VIOS,False,E,False,False
17853136,Honda,JAZZ,E,2004,197500,108000.000000,-447264.328455,555264.328455,555264.328455,514.133637,<500k,Honda,False,JAZZ,False,E,False,False
14304989,Toyota,Corolla Altis,E,2005,172500,115000.000000,-446763.662709,561763.662709,561763.662709,488.490141,<500k,Toyota,False,Corolla Altis,False,E,False,False
18850089,Toyota,Corolla Altis,G,2009,400300,129000.000000,-445864.932017,574864.932017,574864.932017,445.631730,<500k,Toyota,False,Corolla Altis,False,G,False,False
18616433,Toyota,Corolla Altis,G,2006,97500,49000.000000,-445582.282947,494582.282947,494582.282947,1009.351598,<500k,Toyota,False,Corolla Altis,False,G,False,False
19280459,Toyota,INNOVA,V,2006,247500,198000.000000,-443171.943806,641171.943806,641171.943806,323.824214,<500k,Toyota,False,INNOVA,False,V,False,False
19068722,Mazda,3,Spirit,2009,242500,125000.000000,-441174.567386,566174.567386,566174.567386,452.939654,<500k,Mazda,False,3,False,__OTHER__,True,True
19176642,Honda,JAZZ,SV (AS),2007,202500,140000.000000,-438481.433071,578481.433071,578481.433071,413.201024,<500k,Honda,False,JAZZ,False,__OTHER__,True,True
18487906,Toyota,HILUX VIGO,E Double Cab,2006,479776,299000.000000,-437533.365871,736533.365871,736533.365871,246.332229,<500k,Toyota,False,HILUX VIGO,False,__OTHER__,True,True
18862038,Volkswagen,GOLF,GL,1997,157500,99000.000000,-437018.753909,536018.753909,536018.753909,541.433085,<500k,Volkswagen,False,__OTHER__,True,__OTHER__,True,True
19136569,Honda,City,ZX V,2007,240059,135000.000000,-436030.288728,571030.288728,571030.288728,422.985399,<500k,Honda,False,City,False,__OTHER__,True,True
18611576,Honda,CR-V,E,2003,137500,105000.000000,-435755.905978,540755.905978,540755.905978,515.005625,<500k,Honda,False,CR-V,False,E,False,False
19253813,Mazda,3,R Sunroof,2006,187500,129000.000000,-434319.720861,563319.720861,563319.720861,436.681954,<500k,Mazda,False,3,False,__OTHER__,True,True
19114149,Toyota,CAMRY,Q,2004,297500,90000.000000,-433396.648186,523396.648186,523396.648186,581.551831,<500k,Toyota,False,CAMRY,False,__OTHER__,True,True
19313099,Mazda,3,Spirit Sports,2009,162500,120000.000000,-431189.038993,551189.038993,551189.038993,459.324199,<500k,Mazda,False,3,False,__OTHER__,True,True
18624744,Toyota,HIACE,D4D,2005,252500,259000.000000,-430171.757382,689171.757382,689171.757382,266.089482,<500k,Toyota,False,HIACE,False,__OTHER__,True,True
19055521,Honda,City,ZX V,2007,217500,117000.000000,-428944.895218,545944.895218,545944.895218,466.619569,<500k,Honda,False,City,False,__OTHER__,True,True
18918598,Toyota,Corolla Altis,E,2007,207500,99000.000000,-426393.988511,525393.988511,525393.988511,530.700998,<500k,Toyota,False,Corolla Altis,False,E,False,False
19300021,Toyota,VIOS,J,2007,212500,135000.000000,-425993.337037,560993.337037,560993.337037,415.550620,<500k,Toyota,False,VIOS,False,__OTHER__,True,True
10904463,Mitsubishi,TRITON,GLX Double Cab,2006,2500,149000.000000,-425931.937829,574931.937829,574931.937829,385.860361,<500k,Mitsubishi,False,TRITON,False,__OTHER__,True,True
19037097,Honda,City,ZX V,2007,212500,79000.000000,-425681.404794,504681.404794,504681.404794,638.837221,<500k,Honda,False,City,False,__OTHER__,True,True
16604934,Mitsubishi,EVOLUTION,VI,1998,92500,888000.000000,-424882.921508,1312882.921508,1312882.921508,147.847176,500k-1M,Mitsubishi,False,__OTHER__,True,__OTHER__,True,True
19059549,Nissan,MARCH,EL,2011,177500,116000.000000,-423932.137802,539932.137802,539932.137802,465.458739,<500k,Nissan,False,MARCH,False,EL,False,False
18588203,Honda,City,ZX V,2007,207500,99000.000000,-422417.914370,521417.914370,521417.914370,526.684762,<500k,Honda,False,City,False,__OTHER__,True,True
19319915,Toyota,Corolla Altis,E,2011,594530,95000.000000,-422085.596886,517085.596886,517085.596886,544.300628,<500k,Toyota,False,Corolla Altis,False,E,False,False
19230347,Ford,RANGER,XL Super Cab,2002,205546,59900.000000,-419187.729671,479087.729671,479087.729671,799.812570,<500k,Ford,False,RANGER,False,__OTHER__,True,True
19145065,Isuzu,D-MAX,SLX Space Cab,2003,22500,128000.000000,-418368.464531,546368.464531,546368.464531,426.850363,<500k,Isuzu,False,D-MAX,False,__OTHER__,True,True
18838724,Toyota,VIOS,J,2007,212500,118000.000000,-418354.514451,536354.514451,536354.514451,454.537724,<500k,Toyota,False,VIOS,False,__OTHER__,True,True
18534236,Honda,JAZZ,E,2004,152500,99000.000000,-417198.780072,516198.780072,516198.780072,521.412909,<500k,Honda,False,JAZZ,False,E,False,False
15746963,Toyota,Corolla Altis,J,2006,2500,138000.000000,-414667.180591,552667.180591,552667.180591,400.483464,<500k,Toyota,False,Corolla Altis,False,__OTHER__,True,True
16214250,Mazda,3,Spirit,2009,172500,110000.000000,-406695.927349,516695.927349,516695.927349,469.723570,<500k,Mazda,False,3,False,__OTHER__,True,True
18960420,Honda,JAZZ,E,2005,227500,119000.000000,-406583.336054,525583.336054,525583.336054,441.666669,<500k,Honda,False,JAZZ,False,E,False,False
13771497,Toyota,CAMRY,G,2017,1400000,498000.000000,-405862.005290,903862.005290,903862.005290,181.498395,<500k,Toyota,False,CAMRY,False,G,False,False
19316026,Chevrolet,AVEO,Base,2009,152500,49000.000000,-403570.944443,452570.944443,452570.944443,923.614172,<500k,Chevrolet,False,__OTHER__,True,__OTHER__,True,True
19197800,Toyota,VIOS,J,2007,177500,98000.000000,-403148.904067,501148.904067,501148.904067,511.376433,<500k,Toyota,False,VIOS,False,__OTHER__,True,True
19022748,Toyota,HILUX VIGO,J,2005,324000,159000.000000,-403065.291974,562065.291974,562065.291974,353.500184,<500k,Toyota,False,HILUX VIGO,False,__OTHER__,True,True
19081139,Toyota,Corolla Altis,E,2005,2500,99000.000000,-400860.613234,499860.613234,499860.613234,504.909710,<500k,Toyota,False,Corolla Altis,False,E,False,False
19015373,Mazda,3,Spirit Sports,2010,212500,108000.000000,-396617.320267,504617.320267,504617.320267,467.238260,<500k,Mazda,False,3,False,__OTHER__,True,True
18994706,Mitsubishi,MIRAGE,GLS,2012,252500,139000.000000,-396301.626038,535301.626038,535301.626038,385.109083,<500k,Mitsubishi,False,MIRAGE,False,__OTHER__,True,True
18956738,Suzuki,CARRY,,2011,132500,119000.000000,-395379.985007,514379.985007,514379.985007,432.252088,<500k,Suzuki,False,CARRY,False,__MISSING__,False,False
18934951,Mercedes-Benz,C220,Elegance,1994,227500,169000.000000,-393741.033408,562741.033408,562741.033408,332.982860,<500k,Mercedes-Benz,False,C220,False,__OTHER__,True,True
19301073,Honda,City,V,2008,242500,139000.000000,-392199.484702,531199.484702,531199.484702,382.157903,<500k,Honda,False,City,False,V,False,False
19151849,Nissan,SKYLINE,GTS-t,1993,22500,1890000.000000,-391249.675085,2281249.675085,2281249.675085,120.701041,1M-3M,Nissan,False,__OTHER__,True,__OTHER__,True,True
18816649,Honda,CIVIC,EXi (AS),2003,12500,79000.000000,-389523.088985,468523.088985,468523.088985,593.067201,<500k,Honda,False,CIVIC,False,__OTHER__,True,True
14359297,Toyota,Corolla Altis,G,2006,157500,125000.000000,-385906.206684,510906.206684,510906.206684,408.724965,<500k,Toyota,False,Corolla Altis,False,G,False,False
19118880,Mitsubishi,Strada,Grandis GLS,2000,115915,129000.000000,-385557.346397,514557.346397,514557.346397,398.881664,<500k,Mitsubishi,False,__OTHER__,True,__OTHER__,True,True
19279889,Toyota,YARIS,E,2006,192500,119000.000000,-384460.826326,503460.826326,503460.826326,423.076325,<500k,Toyota,False,YARIS,False,E,False,False
18875100,Toyota,CAMRY,Q,2004,217500,158000.000000,-381180.801398,539180.801398,539180.801398,341.253672,<500k,Toyota,False,CAMRY,False,__OTHER__,True,True
12738582,Toyota,CAMRY,Q,2004,217500,120000.000000,-381180.801398,501180.801398,501180.801398,417.650668,<500k,Toyota,False,CAMRY,False,__OTHER__,True,True
19324448,Honda,CIVIC,EXi,2005,157500,80000.000000,-375894.579171,455894.579171,455894.579171,569.868224,<500k,Honda,False,CIVIC,False,__OTHER__,True,True
19102171,Toyota,CAMRY,Q,2004,207500,118000.000000,-375347.955114,493347.955114,493347.955114,418.091487,<500k,Toyota,False,CAMRY,False,__OTHER__,True,True
14304565,Honda,City,ZX V,2007,142500,115000.000000,-373047.850833,488047.850833,488047.850833,424.389436,<500k,Honda,False,City,False,__OTHER__,True,True
19010641,Toyota,Corolla Altis,G,2008,202500,187000.000000,-372757.647899,559757.647899,559757.647899,299.335641,<500k,Toyota,False,Corolla Altis,False,G,False,False
19269323,Honda,JAZZ,V,2008,319990,130000.000000,-371698.689575,501698.689575,501698.689575,385.922069,<500k,Honda,False,JAZZ,False,V,False,False
19291984,Toyota,VIOS,J,2008,242500,127000.000000,-371422.968592,498422.968592,498422.968592,392.459030,<500k,Toyota,False,VIOS,False,__OTHER__,True,True
19253778,Mazda,2,Groove Sport,2009,192500,109000.000000,-367679.650045,476679.650045,476679.650045,437.320780,<500k,Mazda,False,2,False,__OTHER__,True,True
19106670,Mitsubishi,ATTRAGE,GLX,2018,1116522,239000.000000,-366390.248010,605390.248010,605390.248010,253.301359,<500k,Mitsubishi,False,ATTRAGE,False,GLX,False,False
18516557,Toyota,Corolla Altis,G,2008,192500,138000.000000,-366230.667050,504230.667050,504230.667050,365.384541,<500k,Toyota,False,Corolla Altis,False,G,False,False
19102983,Mitsubishi,EVOLUTION,VI,1998,2500,1.000000,-366140.093872,366141.093872,366141.093872,36614109.387153,<500k,Mitsubishi,False,__OTHER__,True,__OTHER__,True,True
19188495,Chevrolet,AVEO,LS,2008,2500,58000.000000,-365928.166662,423928.166662,423928.166662,730.910632,<500k,Chevrolet,False,__OTHER__,True,__OTHER__,True,True
19248899,Mercedes-Benz,E220,,1993,297500,119000.000000,-365807.605174,484807.605174,484807.605174,407.401349,<500k,Mercedes-Benz,False,E220,False,__MISSING__,False,False
14297877,Toyota,VIOS,J,2008,222500,104000.000000,-365313.694917,469313.694917,469313.694917,451.263168,<500k,Toyota,False,VIOS,False,__OTHER__,True,True
18894273,Toyota,LAND CRUISER,,1991,156568,1599000.000000,-364727.041751,1963727.041751,1963727.041751,122.809696,1M-3M,Toyota,False,__OTHER__,True,__MISSING__,False,True
19188569,Mitsubishi,TRITON,GL Single Cab,2006,2500,138000.000000,-363479.043703,501479.043703,501479.043703,363.390611,<500k,Mitsubishi,False,TRITON,False,__OTHER__,True,True
19120155,Toyota,VIOS,E,2008,354246,90000.000000,-363346.178457,453346.178457,453346.178457,503.717976,<500k,Toyota,False,VIOS,False,E,False,False
19247326,Toyota,HIACE,D4D,2007,351117,459000.000000,-360819.773043,819819.773043,819819.773043,178.609972,<500k,Toyota,False,HIACE,False,__OTHER__,True,True
18753022,Suzuki,CARRY,,2012,182500,129000.000000,-360808.266281,489808.266281,489808.266281,379.696330,<500k,Suzuki,False,CARRY,False,__MISSING__,False,False
18607194,Toyota,Corolla Altis,G,2008,182500,129000.000000,-359009.551637,488009.551637,488009.551637,378.301978,<500k,Toyota,False,Corolla Altis,False,G,False,False
19194271,Toyota,INNOVA,V,2010,152500,198000.000000,-358436.702522,556436.702522,556436.702522,281.028638,<500k,Toyota,False,INNOVA,False,V,False,False
17776981,Toyota,CAMRY,G,2007,297500,159000.000000,-358328.596424,517328.596424,517328.596424,325.363897,<500k,Toyota,False,CAMRY,False,G,False,False
18877109,Nissan,MARCH,EL Sport Version,2011,177500,119000.000000,-355130.618931,474130.618931,474130.618931,398.429092,<500k,Nissan,False,MARCH,False,__OTHER__,True,True
17697114,Nissan,MARCH,VL,2011,177500,119000.000000,-355130.618931,474130.618931,474130.618931,398.429092,<500k,Nissan,False,MARCH,False,__OTHER__,True,True
19229122,Nissan,MARCH,S,2011,177500,99000.000000,-353757.656410,452757.656410,452757.656410,457.330966,<500k,Nissan,False,MARCH,False,S,False,False
16988707,Mercedes-Benz,E200,,2005,305333,259000.000000,-353152.055998,612152.055998,612152.055998,236.352145,<500k,Mercedes-Benz,False,E200,False,__MISSING__,False,False
19186411,Nissan,MARCH,VL,2011,163654,129000.000000,-353038.049270,482038.049270,482038.049270,373.672906,<500k,Nissan,False,MARCH,False,__OTHER__,True,True
19334541,Mitsubishi,TRITON,GLX Mega Cab Plus,2006,2500,179000.000000,-352268.817800,531268.817800,531268.817800,296.798222,<500k,Mitsubishi,False,TRITON,False,__OTHER__,True,True
19114894,Honda,CR-V,S,2007,373900,190000.000000,-351758.722481,541758.722481,541758.722481,285.136170,<500k,Honda,False,CR-V,False,S,False,False
17535039,Chevrolet,CAPTIVA,LT,2008,393641,125000.000000,-351530.189523,476530.189523,476530.189523,381.224152,<500k,Chevrolet,False,CAPTIVA,False,__OTHER__,True,True
19147269,Suzuki,CARRY,,2012,167500,118000.000000,-351017.795009,469017.795009,469017.795009,397.472708,<500k,Suzuki,False,CARRY,False,__MISSING__,False,False
19170296,Toyota,CAMRY,V,2007,434608,135000.000000,-349994.179237,484994.179237,484994.179237,359.254948,<500k,Toyota,False,CAMRY,False,V,False,False
15811169,Toyota,Corolla Altis,E,2006,27500,138000.000000,-349971.442387,487971.442387,487971.442387,353.602494,<500k,Toyota,False,Corolla Altis,False,E,False,False
18977529,Toyota,Corolla Altis,E,2009,282500,125000.000000,-348571.921524,473571.921524,473571.921524,378.857537,<500k,Toyota,False,Corolla Altis,False,E,False,False
17965112,Toyota,VIOS,G,2007,202500,117000.000000,-347648.116057,464648.116057,464648.116057,397.135142,<500k,Toyota,False,VIOS,False,G,False,False
18908356,Toyota,Corolla Altis,G,2008,152500,93000.000000,-347067.431678,440067.431678,440067.431678,473.190787,<500k,Toyota,False,Corolla Altis,False,G,False,False
18850659,Nissan,MARCH,EL Sport Version,2011,147500,118000.000000,-346759.902289,464759.902289,464759.902289,393.864324,<500k,Nissan,False,MARCH,False,__OTHER__,True,True
19047219,Honda,JAZZ,E (AS) Plus,2006,122500,119000.000000,-344217.781915,463217.781915,463217.781915,389.258640,<500k,Honda,False,JAZZ,False,__OTHER__,True,True
19246102,Toyota,VIOS,E,2007,222500,95000.000000,-343868.304974,438868.304974,438868.304974,461.966637,<500k,Toyota,False,VIOS,False,E,False,False
19014534,Isuzu,D-MAX,Hi-Lander Cab-4,2003,152500,139000.000000,-342525.161799,481525.161799,481525.161799,346.420980,<500k,Isuzu,False,D-MAX,False,__OTHER__,True,True
17730911,Hyundai,SONATA,EL,2009,187500,119000.000000,-341580.083736,460580.083736,460580.083736,387.042087,<500k,Hyundai,False,__OTHER__,True,EL,False,True
19187977,Toyota,HILUX TIGER,SGL Extra Cab,2001,248659,120000.000000,-341266.527675,461266.527675,461266.527675,384.388773,<500k,Toyota,False,__OTHER__,True,__OTHER__,True,True
19234129,Mercedes-Benz,230E,,1988,137500,69000.000000,-337519.063764,406519.063764,406519.063764,589.158063,<500k,Mercedes-Benz,False,__OTHER__,True,__MISSING__,False,True
18375812,Honda,CIVIC,S,2005,167500,149000.000000,-335796.095395,484796.095395,484796.095395,325.366507,<500k,Honda,False,CIVIC,False,S,False,False
19322573,Toyota,CAMRY,G,2007,262500,178000.000000,-335484.163455,513484.163455,513484.163455,288.474249,<500k,Toyota,False,CAMRY,False,G,False,False
19154969,Mazda,2,Spirit Sport,2009,132500,129000.000000,-335462.452975,464462.452975,464462.452975,360.048413,<500k,Mazda,False,2,False,__OTHER__,True,True
19191309,Honda,JAZZ,S,2008,316000,179000.000000,-335422.787440,514422.787440,514422.787440,287.387032,<500k,Honda,False,JAZZ,False,S,False,False
19325972,Honda,JAZZ,SV,2006,182500,149000.000000,-333993.078554,482993.078554,482993.078554,324.156429,<500k,Honda,False,JAZZ,False,SV,False,False
19032075,Mazda,3,R Sport Sunroof,2006,2500,119000.000000,-333380.441752,452380.441752,452380.441752,380.151632,<500k,Mazda,False,3,False,__OTHER__,True,True
19026208,Honda,ACCORD,S,2003,247500,98000.000000,-333190.421707,431190.421707,431190.421707,439.990226,<500k,Honda,False,ACCORD,False,S,False,False
18885371,Toyota,YARIS,TRD Sportivo,2008,177500,145000.000000,-333174.659909,478174.659909,478174.659909,329.775628,<500k,Toyota,False,YARIS,False,__OTHER__,True,True
18137587,Honda,CIVIC,EXi,2005,22500,89000.000000,-332265.093943,421265.093943,421265.093943,473.331566,<500k,Honda,False,CIVIC,False,__OTHER__,True,True
19176656,Toyota,CAMRY,G Extremo,2008,272500,199000.000000,-332039.250858,531039.250858,531039.250858,266.853895,<500k,Toyota,False,CAMRY,False,__OTHER__,True,True
19205449,Honda,JAZZ,E,2005,123558,87000.000000,-331101.769132,418101.769132,418101.769132,480.576746,<500k,Honda,False,JAZZ,False,E,False,False
18864869,Honda,City,S,2009,217500,149000.000000,-330004.620402,479004.620402,479004.620402,321.479611,<500k,Honda,False,City,False,S,False,False
19084601,Toyota,VOXY,,2004,344000,209000.000000,-328896.279923,537896.279923,537896.279923,257.366641,<500k,Toyota,False,__OTHER__,True,__MISSING__,False,True
19079452,Mitsubishi,TRITON,GLS Plus Double Cab,2010,252500,169000.000000,-327224.655190,496224.655190,496224.655190,293.624056,<500k,Mitsubishi,False,TRITON,False,__OTHER__,True,True
19187403,Mitsubishi,TRITON,GLS Plus Double Cab,2010,262500,234000.000000,-326806.948017,560806.948017,560806.948017,239.661089,<500k,Mitsubishi,False,TRITON,False,__OTHER__,True,True
18935309,Honda,City,V,2009,227500,255000.000000,-326412.616363,581412.616363,581412.616363,228.004948,<500k,Honda,False,City,False,V,False,False
3894580,Mercedes-Benz,190E,,1993,7500,78000.000000,-325988.101043,403988.101043,403988.101043,517.933463,<500k,Mercedes-Benz,False,__OTHER__,True,__MISSING__,False,True
15034268,Honda,CR-V,E,2002,2500,115000.000000,-325645.415656,440645.415656,440645.415656,383.169927,<500k,Honda,False,CR-V,False,E,False,False
18974006,Suzuki,SX4,,2012,217500,179000.000000,-325454.862106,504454.862106,504454.862106,281.818359,<500k,Suzuki,False,__OTHER__,True,__MISSING__,False,True
18964331,Toyota,VIOS,E,2010,484754,99000.000000,-325325.480082,424325.480082,424325.480082,428.611596,<500k,Toyota,False,VIOS,False,E,False,False
19331653,BMW,325i,,1993,57500,168000.000000,-324395.035184,492395.035184,492395.035184,293.092283,<500k,BMW,False,__OTHER__,True,__MISSING__,False,True
19336053,Toyota,AVANZA,S,2007,192500,148000.000000,-324293.283292,472293.283292,472293.283292,319.117083,<500k,Toyota,False,AVANZA,False,S,False,False
18737659,Isuzu,CAMEO,,1993,182500,128000.000000,-323827.784847,451827.784847,451827.784847,352.990457,<500k,Isuzu,False,__OTHER__,True,__MISSING__,False,True
18734958,Toyota,HIACE,D4D,2006,192500,369000.000000,-323803.249322,692803.249322,692803.249322,187.751558,<500k,Toyota,False,HIACE,False,__OTHER__,True,True
18362531,Toyota,VIOS,J,2009,272500,120000.000000,-323797.288170,443797.288170,443797.288170,369.831073,<500k,Toyota,False,VIOS,False,__OTHER__,True,True
19302919,Mitsubishi,MIRAGE,GLS,2012,147500,139000.000000,-323502.789247,462502.789247,462502.789247,332.735820,<500k,Mitsubishi,False,MIRAGE,False,__OTHER__,True,True
8389983,Isuzu,D-MAX,EX Spark,2007,232500,149000.000000,-323067.304287,472067.304287,472067.304287,316.823694,<500k,Isuzu,False,D-MAX,False,__OTHER__,True,True
18910013,Toyota,RAV4,,2001,217500,149000.000000,-323009.180852,472009.180852,472009.180852,316.784685,<500k,Toyota,False,__OTHER__,True,__MISSING__,False,True
19129821,Toyota,CAMRY,G,2007,242500,169000.000000,-322430.201757,491430.201757,491430.201757,290.787102,<500k,Toyota,False,CAMRY,False,G,False,False
18867537,Audi,A6,,2001,277500,98000.000000,-321739.284903,419739.284903,419739.284903,428.305393,<500k,Audi,False,__OTHER__,True,__MISSING__,False,True
19083932,Toyota,CAMRY,Q,2005,227500,129000.000000,-320501.159278,449501.159278,449501.159278,348.450511,<500k,Toyota,False,CAMRY,False,__OTHER__,True,True
19100428,Toyota,Corolla Altis,G,2008,252500,147000.000000,-320443.966830,467443.966830,467443.966830,317.989093,<500k,Toyota,False,Corolla Altis,False,G,False,False
19036098,Isuzu,D-MAX,Hi-Lander Space Cab,2007,235000,150000.000000,-320433.511618,470433.511618,470433.511618,313.622341,<500k,Isuzu,False,D-MAX,False,__OTHER__,True,True
19325849,Toyota,HILUX TIGER,E Extra Cab (ABS),2003,2500,145000.000000,-320403.713430,465403.713430,465403.713430,320.968078,<500k,Toyota,False,__OTHER__,True,__OTHER__,True,True
19284461,Suzuki,CARRY,,2013,222500,98000.000000,-319709.566707,417709.566707,417709.566707,426.234252,<500k,Suzuki,False,CARRY,False,__MISSING__,False,False
19215524,Toyota,CAMRY,G,2002,2500,99000.000000,-318029.229568,417029.229568,417029.229568,421.241646,<500k,Toyota,False,CAMRY,False,G,False,False
19112072,Toyota,HILUX TIGER,E Extra Cab (ABS),2002,2500,129000.000000,-316982.066352,445982.066352,445982.066352,345.722532,<500k,Toyota,False,__OTHER__,True,__OTHER__,True,True
18975233,Chevrolet,OPTRA,LS,2010,262500,59000.000000,-316267.837475,375267.837475,375267.837475,636.047182,<500k,Chevrolet,False,__OTHER__,True,__OTHER__,True,True
19192096,Honda,ACCORD,E,2005,267500,99000.000000,-315977.456330,414977.456330,414977.456330,419.169148,<500k,Honda,False,ACCORD,False,E,False,False
19200988,Nissan,TEANA,230 JM,2004,197500,109000.000000,-315623.979189,424623.979189,424623.979189,389.563284,<500k,Nissan,False,TEANA,False,__OTHER__,True,True
18878702,Toyota,VIOS,E,2007,177500,49888.000000,-315191.025720,365079.025720,365079.025720,731.797277,<500k,Toyota,False,VIOS,False,E,False,False
19269897,Mazda,2,Spirit Sport,2010,197435,90000.000000,-314904.318028,404904.318028,404904.318028,449.893687,<500k,Mazda,False,2,False,__OTHER__,True,True
19170281,Toyota,VIOS,J,2010,360747,118000.000000,-314189.313095,432189.313095,432189.313095,366.262130,<500k,Toyota,False,VIOS,False,__OTHER__,True,True
9223226,Toyota,Corolla Altis,J,2008,2500,147000.000000,-314036.271059,461036.271059,461036.271059,313.630116,<500k,Toyota,False,Corolla Altis,False,__OTHER__,True,True
19136804,Nissan,MARCH,VL,2012,217500,109000.000000,-314031.919357,423031.919357,423031.919357,388.102678,<500k,Nissan,False,MARCH,False,__OTHER__,True,True
18841842,Toyota,CAMRY,G Extremo,2009,329374,189000.000000,-313858.539235,502858.539235,502858.539235,266.062719,<500k,Toyota,False,CAMRY,False,__OTHER__,True,True
19331228,Isuzu,D-MAX,SLX Cab-4 (Ddi-TEQ),2004,277500,129000.000000,-313115.177774,442115.177774,442115.177774,342.724944,<500k,Isuzu,False,D-MAX,False,__OTHER__,True,True
19181325,Toyota,CAMRY,G,2007,227500,124000.000000,-312639.730485,436639.730485,436639.730485,352.128815,<500k,Toyota,False,CAMRY,False,G,False,False
19157220,Nissan,MARCH,VL,2010,142500,99000.000000,-312499.882895,411499.882895,411499.882895,415.656447,<500k,Nissan,False,MARCH,False,__OTHER__,True,True
19202100,Toyota,CAMRY,V,2007,387695,155000.000000,-312429.465961,467429.465961,467429.465961,301.567397,<500k,Toyota,False,CAMRY,False,V,False,False
18532905,Mercedes-Benz,220E,,1993,257500,98000.000000,-312320.763612,410320.763612,410320.763612,418.694657,<500k,Mercedes-Benz,False,__OTHER__,True,__MISSING__,False,True
19300626,Toyota,VIOS,G,2007,147500,139000.000000,-311749.721390,450749.721390,450749.721390,324.280375,<500k,Toyota,False,VIOS,False,G,False,False
18739695,Toyota,VIOS,S Limited,2009,242500,199000.000000,-311161.033646,510161.033646,510161.033646,256.362328,<500k,Toyota,False,VIOS,False,__OTHER__,True,True
17674987,Suzuki,CELERIO,GL,2014,127500,139000.000000,-310519.507102,449519.507102,449519.507102,323.395329,<500k,Suzuki,False,CELERIO,False,__OTHER__,True,True
19122045,Isuzu,D-MAX,EXL Spark,2006,172500,179000.000000,-310029.317895,489029.317895,489029.317895,273.200736,<500k,Isuzu,False,D-MAX,False,__OTHER__,True,True
19030904,Kia,K2500,,2016,350000,149000.000000,-309767.263093,458767.263093,458767.263093,307.897492,<500k,Kia,False,__OTHER__,True,__MISSING__,False,True
14267472,Isuzu,D-MAX,SLX Space Cab,2007,227500,175000.000000,-308593.587959,483593.587959,483593.587959,276.339193,<500k,Isuzu,False,D-MAX,False,__OTHER__,True,True
17739072,Mini,COOPER,3-Door,2006,150109,425000.000000,-307845.971536,732845.971536,732845.971536,172.434346,<500k,Mini,False,COOPER,False,__OTHER__,True,True
18775003,Isuzu,D-MAX,SLX Space Cab (Ddi-TEQ),2006,122500,229000.000000,-307266.912018,536266.912018,536266.912018,234.177691,<500k,Isuzu,False,D-MAX,False,__OTHER__,True,True
14814446,BMW,318i,,1984,2500,890000.000000,-307123.038289,1197123.038289,1197123.038289,134.508207,500k-1M,BMW,False,__OTHER__,True,__MISSING__,False,True
19211493,Suzuki,CARRY,,2013,202500,109000.000000,-306655.605010,415655.605010,415655.605010,381.335417,<500k,Suzuki,False,CARRY,False,__MISSING__,False,False
10468693,Toyota,CORONA,GLi,1995,222500,78000.000000,-306170.182889,384170.182889,384170.182889,492.525875,<500k,Toyota,False,__OTHER__,True,__OTHER__,True,True
19151010,Toyota,VIOS,J,2008,182500,118000.000000,-305423.435118,423423.435118,423423.435118,358.833420,<500k,Toyota,False,VIOS,False,__OTHER__,True,True
18981604,Nissan,ALMERA,V,2011,197500,69000.000000,-305337.266848,374337.266848,374337.266848,542.517778,<500k,Nissan,False,ALMERA,False,V,False,False
19186253,Isuzu,D-MAX,SLX Cab-4,2007,262500,219000.000000,-304600.372546,523600.372546,523600.372546,239.086928,<500k,Isuzu,False,D-MAX,False,__OTHER__,True,True
18998466,Toyota,VIOS,J,2009,242500,145000.000000,-304216.345624,449216.345624,449216.345624,309.804376,<500k,Toyota,False,VIOS,False,__OTHER__,True,True
19272377,Isuzu,D-MAX,SLX Space Cab,2003,197500,135000.000000,-303551.580611,438551.580611,438551.580611,324.853023,<500k,Isuzu,False,D-MAX,False,__OTHER__,True,True
17782896,Toyota,VIOS,S,2008,140000,159000.000000,-302454.317809,461454.317809,461454.317809,290.222841,<500k,Toyota,False,VIOS,False,S,False,False
19233250,Nissan,TEANA,230 JM,2004,177500,85000.000000,-301875.882927,386875.882927,386875.882927,455.148098,<500k,Nissan,False,TEANA,False,__OTHER__,True,True
19280563,Nissan,MARCH,E,2011,202500,118000.000000,-301645.106631,419645.106631,419645.106631,355.631446,<500k,Nissan,False,MARCH,False,E,False,False
19179758,Toyota,Corolla Altis,G,2009,197500,150000.000000,-301593.399941,451593.399941,451593.399941,301.062267,<500k,Toyota,False,Corolla Altis,False,G,False,False
19339022,Mitsubishi,MIRAGE,GLS,2012,112500,139000.000000,-300658.356278,439658.356278,439658.356278,316.300976,<500k,Mitsubishi,False,MIRAGE,False,__OTHER__,True,True
19319903,Mitsubishi,MIRAGE,GLS,2012,122500,120000.000000,-300240.649105,420240.649105,420240.649105,350.200541,<500k,Mitsubishi,False,MIRAGE,False,__OTHER__,True,True
19006937,Toyota,Corolla Altis,G,2010,297500,129000.000000,-299656.585458,428656.585458,428656.585458,332.291927,<500k,Toyota,False,Corolla Altis,False,G,False,False
18614096,MG,MG6,D,2014,97500,165000.000000,-299625.704103,464625.704103,464625.704103,281.591336,<500k,MG,False,__OTHER__,True,__OTHER__,True,True
18739387,Nissan,MARCH,VL,2012,177500,159000.000000,-299134.221866,458134.221866,458134.221866,288.134731,<500k,Nissan,False,MARCH,False,__OTHER__,True,True
19332405,Nissan,MARCH,EL,2012,222500,129000.000000,-299104.002617,428104.002617,428104.002617,331.863568,<500k,Nissan,False,MARCH,False,EL,False,False
18711093,Toyota,CAMRY,Q,2006,297500,60000.000000,-298983.402250,358983.402250,358983.402250,598.305670,<500k,Toyota,False,CAMRY,False,__OTHER__,True,True
18717774,Volvo,S60,,2004,147500,68000.000000,-298428.649403,366428.649403,366428.649403,538.865661,<500k,Volvo,False,__OTHER__,True,__MISSING__,False,True
18863875,Honda,City,V,2009,189614,158000.000000,-297418.958839,455418.958839,455418.958839,288.239847,<500k,Honda,False,City,False,V,False,False
14297055,Isuzu,TROOPER,XS,1994,297500,150000.000000,-296543.935222,446543.935222,446543.935222,297.695957,<500k,Isuzu,False,__OTHER__,True,__OTHER__,True,True
19210864,BMW,525i,,1993,2500,88000.000000,-296135.463103,384135.463103,384135.463103,436.517572,<500k,BMW,False,__OTHER__,True,__MISSING__,False,True
18515854,Honda,City,S,2008,129469,199000.000000,-295962.956599,494962.956599,494962.956599,248.725104,<500k,Honda,False,City,False,S,False,False
19116409,Mitsubishi,MIRAGE,GLS LTD,2012,102500,119000.000000,-294131.375429,413131.375429,413131.375429,347.169223,<500k,Mitsubishi,False,MIRAGE,False,__OTHER__,True,True
19330328,Mazda,2,Groove,2010,212500,100000.000000,-293717.122184,393717.122184,393717.122184,393.717122,<500k,Mazda,False,2,False,__OTHER__,True,True
18686823,Honda,City,S,2008,112500,158000.000000,-291832.010819,449832.010819,449832.010819,284.703804,<500k,Honda,False,City,False,S,False,False
18697937,Suzuki,CELERIO,GL,2014,98201,159000.000000,-291396.105914,450396.105914,450396.105914,283.267991,<500k,Suzuki,False,CELERIO,False,__OTHER__,True,True
19340223,Toyota,CAMRY,G,2008,297500,199000.000000,-291121.973456,490121.973456,490121.973456,246.292449,<500k,Toyota,False,CAMRY,False,G,False,False
18921883,Mitsubishi,MIRAGE,GLS LTD,2013,193483,139000.000000,-290574.720196,429574.720196,429574.720196,309.046561,<500k,Mitsubishi,False,MIRAGE,False,__OTHER__,True,True
19112763,Honda,City,S,2008,120000,250000.000000,-289782.558434,539782.558434,539782.558434,215.913023,<500k,Honda,False,City,False,S,False,False
18951445,Toyota,YARIS,J,2010,315843,169000.000000,-289057.625125,458057.625125,458057.625125,271.040015,<500k,Toyota,False,YARIS,False,__OTHER__,True,True
18920859,Mazda,FIGHTER,Double Cab,2000,297500,105000.000000,-288735.394495,393735.394495,393735.394495,374.986090,<500k,Mazda,False,__OTHER__,True,__OTHER__,True,True
19242702,Honda,City,ZX V,2007,2500,89000.000000,-288614.806975,377614.806975,377614.806975,424.286300,<500k,Honda,False,City,False,__OTHER__,True,True
18944934,Mitsubishi,MIRAGE,GLS,2012,87500,156000.000000,-288606.442038,444606.442038,444606.442038,285.004130,<500k,Mitsubishi,False,MIRAGE,False,__OTHER__,True,True
18358113,Mazda,2,Groove,2010,204400,150000.000000,-288430.267697,438430.267697,438430.267697,292.286845,<500k,Mazda,False,2,False,__OTHER__,True,True
17636793,Honda,CIVIC,S,2007,297500,145000.000000,-286233.600489,431233.600489,431233.600489,297.402483,<500k,Honda,False,CIVIC,False,S,False,False
18816680,Toyota,Corolla Altis,TRD Sportivo,2011,402900,154000.000000,-286128.979877,440128.979877,440128.979877,285.798039,<500k,Toyota,False,Corolla Altis,False,__OTHER__,True,True
19319546,MG,MG6,X (Sunroof),2014,137500,148000.000000,-285639.502348,433639.502348,433639.502348,292.999664,<500k,MG,False,__OTHER__,True,__OTHER__,True,True
18167826,Toyota,CAMRY,Q,2005,172500,137000.000000,-285296.899176,422296.899176,422296.899176,308.245912,<500k,Toyota,False,CAMRY,False,__OTHER__,True,True
5940928,Mitsubishi,TRITON,GLX Plus Mega Cab,2007,2500,137000.000000,-285062.194831,422062.194831,422062.194831,308.074595,<500k,Mitsubishi,False,TRITON,False,__OTHER__,True,True
13366945,Toyota,YARIS,E Limited,2008,102500,145000.000000,-284222.303545,429222.303545,429222.303545,296.015382,<500k,Toyota,False,YARIS,False,__OTHER__,True,True
18176553,Honda,CIVIC,S,2006,192500,139000.000000,-284212.789984,423212.789984,423212.789984,304.469633,<500k,Honda,False,CIVIC,False,S,False,False
19090269,Suzuki,SWIFT,GL,2012,192500,144000.000000,-283403.463111,427403.463111,427403.463111,296.807960,<500k,Suzuki,False,SWIFT,False,__OTHER__,True,True
19076024,Honda,CR-V,S,2008,368000,144000.000000,-280701.180812,424701.180812,424701.180812,294.931376,<500k,Honda,False,CR-V,False,S,False,False
19313429,Toyota,CAMRY,V,2007,321000,159000.000000,-280107.993095,439107.993095,439107.993095,276.168549,<500k,Toyota,False,CAMRY,False,V,False,False
19237492,MG,MG6,D,2014,2500,138000.000000,-279849.704437,417849.704437,417849.704437,302.789641,<500k,MG,False,__OTHER__,True,__OTHER__,True,True
19176352,Nissan,ALMERA,V,2012,267500,128000.000000,-279553.971938,407553.971938,407553.971938,318.401541,<500k,Nissan,False,ALMERA,False,V,False,False
19226652,Suzuki,SWIFT,GLX,2012,287500,155000.000000,-279177.272625,434177.272625,434177.272625,280.114369,<500k,Suzuki,False,SWIFT,False,GLX,False,False
19154644,Honda,CIVIC,S,2006,182500,137000.000000,-278379.943700,415379.943700,415379.943700,303.197039,<500k,Honda,False,CIVIC,False,S,False,False
19078632,Honda,CIVIC,E,2005,202500,139000.000000,-278306.165997,417306.165997,417306.165997,300.220263,<500k,Honda,False,CIVIC,False,E,False,False
19009465,Honda,JAZZ,Cool,2006,2500,100000.000000,-277798.372200,377798.372200,377798.372200,377.798372,<500k,Honda,False,JAZZ,False,__OTHER__,True,True
19339532,Honda,ACCORD,E,2003,2500,99000.000000,-277425.709781,376425.709781,376425.709781,380.227990,<500k,Honda,False,ACCORD,False,E,False,False
19257853,Honda,City,V,2010,272500,179000.000000,-277367.181310,456367.181310,456367.181310,254.953733,<500k,Honda,False,City,False,V,False,False
14599412,Mitsubishi,TRITON,GLS Plus Double Cab,2011,272500,199000.000000,-277337.531800,476337.531800,476337.531800,239.365594,<500k,Mitsubishi,False,TRITON,False,__OTHER__,True,True
18858044,Mazda,3,Spirit Sports,2012,233599,179000.000000,-275975.351223,454975.351223,454975.351223,254.176174,<500k,Mazda,False,3,False,__OTHER__,True,True
18813770,Isuzu,D-MAX,SLX Space Cab,2007,177500,185000.000000,-275958.683717,460958.683717,460958.683717,249.166856,<500k,Isuzu,False,D-MAX,False,__OTHER__,True,True
11233775,Daihatsu,TANTO,660 Turbo,2008,37500,790000.000000,-275460.717251,1065460.717251,1065460.717251,134.868445,500k-1M,Daihatsu,False,__OTHER__,True,__OTHER__,True,True
19299359,Toyota,Corolla Altis,E,2010,284021,109000.000000,-275413.364321,384413.364321,384413.364321,352.672811,<500k,Toyota,False,Corolla Altis,False,E,False,False
10411775,Mitsubishi,TRITON,GLS Plus Double Cab,2010,182500,199000.000000,-274591.101229,473591.101229,473591.101229,237.985478,<500k,Mitsubishi,False,TRITON,False,__OTHER__,True,True
19288670,Nissan,MARCH,E,2011,167500,115000.000000,-274535.135779,389535.135779,389535.135779,338.726205,<500k,Nissan,False,MARCH,False,E,False,False
18669755,Honda,City,SV,2009,202500,168000.000000,-271506.388634,439506.388634,439506.388634,261.610946,<500k,Honda,False,City,False,SV,False,False
19304974,Toyota,HIACE,GL D4D,2005,157500,349000.000000,-270642.080513,619642.080513,619642.080513,177.547874,<500k,Toyota,False,HIACE,False,__OTHER__,True,True
12525389,Mitsubishi,MIRAGE,GLS,2013,162500,129000.000000,-270352.175433,399352.175433,399352.175433,309.575330,<500k,Mitsubishi,False,MIRAGE,False,__OTHER__,True,True
19274410,Honda,City,S,2009,182500,135000.000000,-270314.253790,405314.253790,405314.253790,300.232781,<500k,Honda,False,City,False,S,False,False
19303429,Toyota,YARIS,E Limited,2009,190000,139000.000000,-269861.225120,408861.225120,408861.225120,294.144766,<500k,Toyota,False,YARIS,False,__OTHER__,True,True
18688528,Mitsubishi,RVR,,1997,132500,219000.000000,-269839.460576,488839.460576,488839.460576,223.214366,<500k,Mitsubishi,False,__OTHER__,True,__MISSING__,False,True
17674082,Toyota,Corolla Altis,G,2008,182500,147000.000000,-267810.412868,414810.412868,414810.412868,282.183954,<500k,Toyota,False,Corolla Altis,False,G,False,False
18847214,BMW,730i,,1992,277500,289000.000000,-267154.239406,556154.239406,556154.239406,192.440913,<500k,BMW,False,__OTHER__,True,__MISSING__,False,True
19198662,Honda,CIVIC,S,2006,162500,129000.000000,-265325.982003,394325.982003,394325.982003,305.679056,<500k,Honda,False,CIVIC,False,S,False,False
18539645,Mitsubishi,MIRAGE,GLS,2013,172500,119000.000000,-264974.795814,383974.795814,383974.795814,322.667896,<500k,Mitsubishi,False,MIRAGE,False,__OTHER__,True,True
18716408,Honda,CIVIC,S,2007,197500,185000.000000,-264754.413667,449754.413667,449754.413667,243.110494,<500k,Honda,False,CIVIC,False,S,False,False
19210001,Mitsubishi,Strada,GLX Super,2002,122500,165000.000000,-264670.080411,429670.080411,429670.080411,260.406109,<500k,Mitsubishi,False,__OTHER__,True,__OTHER__,True,True
19183685,Mercedes-Benz,C220,,1997,97500,95000.000000,-263146.091677,358146.091677,358146.091677,376.995886,<500k,Mercedes-Benz,False,C220,False,__MISSING__,False,False
19046036,Mitsubishi,TRITON,GLS Plus Double Cab,2010,152500,219000.000000,-261954.846705,480954.846705,480954.846705,219.614085,<500k,Mitsubishi,False,TRITON,False,__OTHER__,True,True
19169200,Toyota,CAMRY,G Extremo,2008,162500,199000.000000,-260936.596089,459936.596089,459936.596089,231.123918,<500k,Toyota,False,CAMRY,False,__OTHER__,True,True
19263592,Mazda,FIGHTER,Double Cab,2005,252500,99000.000000,-259899.483937,358899.483937,358899.483937,362.524731,<500k,Mazda,False,__OTHER__,True,__OTHER__,True,True
19304980,Ford,FIESTA,Sport,2013,112500,159000.000000,-259615.377725,418615.377725,418615.377725,263.280112,<500k,Ford,False,__OTHER__,True,Sport,False,True
18867586,Mercedes-Benz,230E,Classic,1979,92500,128000.000000,-259085.787421,387085.787421,387085.787421,302.410771,<500k,Mercedes-Benz,False,__OTHER__,True,__OTHER__,True,True
19286725,Isuzu,D-MAX,Hi-Lander Cab-4,2005,297500,158000.000000,-258962.516503,416962.516503,416962.516503,263.900327,<500k,Isuzu,False,D-MAX,False,__OTHER__,True,True
19150592,Isuzu,D-MAX,SX Space Cab,2007,192500,158000.000000,-258911.506606,416911.506606,416911.506606,263.868042,<500k,Isuzu,False,D-MAX,False,__OTHER__,True,True
18961885,Honda,CIVIC,E,2006,274348,185000.000000,-258688.729594,443688.729594,443688.729594,239.831746,<500k,Honda,False,CIVIC,False,E,False,False
19210797,Toyota,YARIS,E Limited,2009,182500,138000.000000,-258021.301462,396021.301462,396021.301462,286.971958,<500k,Toyota,False,YARIS,False,__OTHER__,True,True
18166430,Mitsubishi,MIRAGE,GLS LTD,2013,142500,118000.000000,-257298.213736,375298.213736,375298.213736,318.049334,<500k,Mitsubishi,False,MIRAGE,False,__OTHER__,True,True
19206505,Honda,JAZZ,E,2007,197500,149000.000000,-256854.685453,405854.685453,405854.685453,272.385695,<500k,Honda,False,JAZZ,False,E,False,False
18743570,Toyota,INNOVA,G,2010,177500,199000.000000,-256211.758421,455211.758421,455211.758421,228.749627,<500k,Toyota,False,INNOVA,False,G,False,False
18743553,Toyota,INNOVA,G,2010,177500,199000.000000,-256211.758421,455211.758421,455211.758421,228.749627,<500k,Toyota,False,INNOVA,False,G,False,False
19339943,Nissan,ALMERA,E,2012,397785,80000.000000,-255544.415225,335544.415225,335544.415225,419.430519,<500k,Nissan,False,ALMERA,False,E,False,False
18466381,BMW,316i,,1997,77500,250000.000000,-255356.870800,505356.870800,505356.870800,202.142748,<500k,BMW,False,__OTHER__,True,__MISSING__,False,True
19279778,Suzuki,SWIFT,GL,2010,137500,119000.000000,-255288.630284,374288.630284,374288.630284,314.528261,<500k,Suzuki,False,SWIFT,False,__OTHER__,True,True
18686718,Toyota,CAMRY,V,2007,282500,185000.000000,-254979.116828,439979.116828,439979.116828,237.826550,<500k,Toyota,False,CAMRY,False,V,False,False
18731472,Mazda,3,Spirit,2012,247500,149000.000000,-254028.414808,403028.414808,403028.414808,270.488869,<500k,Mazda,False,3,False,__OTHER__,True,True
19156484,Toyota,Corolla Altis,G,2010,227500,169000.000000,-253967.719519,422967.719519,422967.719519,250.276757,<500k,Toyota,False,Corolla Altis,False,G,False,False
19254353,Mazda,2,Groove Sport,2010,182500,130000.000000,-253851.921079,383851.921079,383851.921079,295.270709,<500k,Mazda,False,2,False,__OTHER__,True,True
19329037,Honda,City,V,2010,237500,145000.000000,-253828.613776,398828.613776,398828.613776,275.054216,<500k,Honda,False,City,False,V,False,False
18616862,Toyota,INNOVA,V,2011,182500,219000.000000,-253676.252995,472676.252995,472676.252995,215.833905,<500k,Toyota,False,INNOVA,False,V,False,False
19081186,Mitsubishi,MIRAGE,GLS,2012,112500,129000.000000,-253619.543107,382619.543107,382619.543107,296.604297,<500k,Mitsubishi,False,MIRAGE,False,__OTHER__,True,True
19081183,Mitsubishi,MIRAGE,GLS,2012,112500,129000.000000,-253619.543107,382619.543107,382619.543107,296.604297,<500k,Mitsubishi,False,MIRAGE,False,__OTHER__,True,True
9083289,Mitsubishi,MIRAGE,GLS LTD,2012,112500,100000.000000,-253619.543107,353619.543107,353619.543107,353.619543,<500k,Mitsubishi,False,MIRAGE,False,__OTHER__,True,True
19122085,Honda,JAZZ,SV,2008,247500,169000.000000,-253215.434035,422215.434035,422215.434035,249.831618,<500k,Honda,False,JAZZ,False,SV,False,False
18969505,Toyota,YARIS,E,2007,93324,138000.000000,-252522.218094,390522.218094,390522.218094,282.987115,<500k,Toyota,False,YARIS,False,E,False,False
19033906,Nissan,MARCH,VL,2012,112500,104000.000000,-252443.308469,356443.308469,356443.308469,342.733950,<500k,Nissan,False,MARCH,False,__OTHER__,True,True
19176039,Nissan,MARCH,VL,2011,2500,159000.000000,-252118.679985,411118.679985,411118.679985,258.565208,<500k,Nissan,False,MARCH,False,__OTHER__,True,True
19125983,Hyundai,VELOSTER,,2014,140000,299000.000000,-251870.235013,550870.235013,550870.235013,184.237537,<500k,Hyundai,False,__OTHER__,True,__MISSING__,False,True
19031894,Honda,City,ZX V,2008,58000,90000.000000,-250688.239694,340688.239694,340688.239694,378.542489,<500k,Honda,False,City,False,__OTHER__,True,True
19228041,Honda,JAZZ,V,2009,237500,179000.000000,-250651.001587,429651.001587,429651.001587,240.028493,<500k,Honda,False,JAZZ,False,V,False,False
19101161,Nissan,MARCH,EL,2013,117500,149000.000000,-249662.872210,398662.872210,398662.872210,267.558975,<500k,Nissan,False,MARCH,False,EL,False,False
17507191,Toyota,Corolla Altis,G,2008,142500,149000.000000,-248647.177496,397647.177496,397647.177496,266.877300,<500k,Toyota,False,Corolla Altis,False,G,False,False
19063779,Honda,CIVIC,S,2007,172500,139000.000000,-248436.961546,387436.961546,387436.961546,278.731627,<500k,Honda,False,CIVIC,False,S,False,False
19164656,Toyota,Corolla Altis,G,2010,200000,139000.000000,-247922.882653,386922.882653,386922.882653,278.361786,<500k,Toyota,False,Corolla Altis,False,G,False,False
18628445,Nissan,MARCH,VL,2011,2500,139000.000000,-247853.142104,386853.142104,386853.142104,278.311613,<500k,Nissan,False,MARCH,False,__OTHER__,True,True
19315537,Honda,ACCORD,LXi,1995,217500,34000.000000,-247291.468567,281291.468567,281291.468567,827.327849,<500k,Honda,False,ACCORD,False,__OTHER__,True,True
19199714,Toyota,CAMRY,V,2006,167500,175000.000000,-247125.460038,422125.460038,422125.460038,241.214549,<500k,Toyota,False,CAMRY,False,V,False,False
19111335,Suzuki,ERTIGA,GX,2013,365398,229000.000000,-247066.890846,476066.890846,476066.890846,207.889472,<500k,Suzuki,False,__OTHER__,True,__OTHER__,True,True
12201280,Isuzu,D-MAX,Hi-Lander Space Cab,2007,122500,180000.000000,-247004.977072,427004.977072,427004.977072,237.224987,<500k,Isuzu,False,D-MAX,False,__OTHER__,True,True
14509739,Mercedes-Benz,C220,Elegance,1994,2500,129000.000000,-246883.964316,375883.964316,375883.964316,291.382918,<500k,Mercedes-Benz,False,C220,False,__OTHER__,True,True
17645274,Mitsubishi,MIRAGE,GLX,2012,202500,108000.000000,-246823.996761,354823.996761,354823.996761,328.540738,<500k,Mitsubishi,False,MIRAGE,False,GLX,False,False
19102125,Mazda,3,Spirit Sports,2012,192500,189000.000000,-244884.574752,433884.574752,433884.574752,229.568558,<500k,Mazda,False,3,False,__OTHER__,True,True
18440558,Honda,CIVIC,S,2006,192500,189000.000000,-244812.799399,433812.799399,433812.799399,229.530582,<500k,Honda,False,CIVIC,False,S,False,False
18852565,Toyota,Corolla Altis,G,2011,297500,155000.000000,-244354.322957,399354.322957,399354.322957,257.647950,<500k,Toyota,False,Corolla Altis,False,G,False,False
19077320,Mitsubishi,TRITON,GLS Plus Double Cab,2012,297500,159000.000000,-244274.626709,403274.626709,403274.626709,253.631841,<500k,Mitsubishi,False,TRITON,False,__OTHER__,True,True
19281010,Isuzu,D-MAX,Hi-Lander Cab-4,2008,232500,228000.000000,-243956.320851,471956.320851,471956.320851,206.998386,<500k,Isuzu,False,D-MAX,False,__OTHER__,True,True
19187308,Honda,CIVIC,E,2006,292500,124000.000000,-243698.856847,367698.856847,367698.856847,296.531336,<500k,Honda,False,CIVIC,False,E,False,False
18613211,Mazda,2,Groove Sport,2009,2500,99000.000000,-243667.013923,342667.013923,342667.013923,346.128297,<500k,Mazda,False,2,False,__OTHER__,True,True
17244295,Mini,COOPER,3-Door,2005,97500,450000.000000,-243364.734090,693364.734090,693364.734090,154.081052,<500k,Mini,False,COOPER,False,__OTHER__,True,True
19265066,Honda,CIVIC,E (AS),2007,212500,199999.000000,-243337.451701,443336.451701,443336.451701,221.669334,<500k,Honda,False,CIVIC,False,__OTHER__,True,True
19215405,MG,MG6,D,2015,102500,149000.000000,-242627.259581,391627.259581,391627.259581,262.837087,<500k,MG,False,__OTHER__,True,__OTHER__,True,True
19267219,Honda,CIVIC,S,2007,230343,135000.000000,-242400.355205,377400.355205,377400.355205,279.555819,<500k,Honda,False,CIVIC,False,S,False,False
19257416,Suzuki,SWIFT,GL,2012,112500,139000.000000,-242397.842226,381397.842226,381397.842226,274.386937,<500k,Suzuki,False,SWIFT,False,__OTHER__,True,True
18575642,Toyota,VIOS,J,2009,147500,119000.000000,-242210.027563,361210.027563,361210.027563,303.537838,<500k,Toyota,False,VIOS,False,__OTHER__,True,True
18934820,Toyota,Corolla Altis,J,2011,212500,115000.000000,-241844.177387,356844.177387,356844.177387,310.299285,<500k,Toyota,False,Corolla Altis,False,__OTHER__,True,True
19233039,Toyota,Corolla Altis,E,2010,232500,159000.000000,-241785.706292,400785.706292,400785.706292,252.066482,<500k,Toyota,False,Corolla Altis,False,E,False,False
18987036,Mazda,3,Spirit,2012,227500,169000.000000,-240974.453111,409974.453111,409974.453111,242.588434,<500k,Mazda,False,3,False,__OTHER__,True,True
19188468,Mazda,2,Groove Sport,2010,162500,118000.000000,-240797.959382,358797.959382,358797.959382,304.066067,<500k,Mazda,False,2,False,__OTHER__,True,True
18972222,Honda,JAZZ,S,2008,152500,139000.000000,-239916.876470,378916.876470,378916.876470,272.602069,<500k,Honda,False,JAZZ,False,S,False,False
18523831,Isuzu,D-MAX,SLX Space Cab,2005,237500,169000.000000,-239036.879732,408036.879732,408036.879732,241.441941,<500k,Isuzu,False,D-MAX,False,__OTHER__,True,True
19328761,Toyota,Corolla Altis,G,2010,202500,125000.000000,-238344.401962,363344.401962,363344.401962,290.675522,<500k,Toyota,False,Corolla Altis,False,G,False,False
19233682,Nissan,MARCH,E,2010,2500,129000.000000,-238312.112629,367312.112629,367312.112629,284.738072,<500k,Nissan,False,MARCH,False,E,False,False
19212164,Toyota,CAMRY,V,2007,262500,145000.000000,-237659.617249,382659.617249,382659.617249,263.903184,<500k,Toyota,False,CAMRY,False,V,False,False
18159450,Subaru,FORESTER,XT,2006,122500,499000.000000,-237582.906751,736582.906751,736582.906751,147.611805,<500k,Subaru,False,FORESTER,False,__OTHER__,True,True
18985012,Toyota,INNOVA,V,2010,22500,175000.000000,-236740.017849,411740.017849,411740.017849,235.280010,<500k,Toyota,False,INNOVA,False,V,False,False
19237493,Isuzu,D-MAX,EX Spark,2008,217500,139000.000000,-234859.984143,373859.984143,373859.984143,268.964017,<500k,Isuzu,False,D-MAX,False,__OTHER__,True,True
19261681,Isuzu,D-MAX,EX Spark,2008,217500,139000.000000,-234859.984143,373859.984143,373859.984143,268.964017,<500k,Isuzu,False,D-MAX,False,__OTHER__,True,True
18505186,Mitsubishi,MIRAGE,GLS LTD,2012,82500,109000.000000,-234038.600562,343038.600562,343038.600562,314.714312,<500k,Mitsubishi,False,MIRAGE,False,__OTHER__,True,True
19146628,Volvo,V70,XC,2001,182500,130000.000000,-233874.529494,363874.529494,363874.529494,279.903484,<500k,Volvo,False,__OTHER__,True,__OTHER__,True,True
19261668,Nissan,ALMERA,ES,2012,222500,119000.000000,-233359.647649,352359.647649,352359.647649,296.100544,<500k,Nissan,False,ALMERA,False,__OTHER__,True,True
19198634,Nissan,MARCH,E,2011,102500,139000.000000,-232109.760264,371109.760264,371109.760264,266.985439,<500k,Nissan,False,MARCH,False,E,False,False
18694569,Mitsubishi,TRITON,GLS Plus Double Cab,2009,2500,235000.000000,-231256.756945,466256.756945,466256.756945,198.407131,<500k,Mitsubishi,False,TRITON,False,__OTHER__,True,True
19270613,Toyota,VIOS,J,2011,318983,115000.000000,-230933.633214,345933.633214,345933.633214,300.811855,<500k,Toyota,False,VIOS,False,__OTHER__,True,True
14319714,Honda,CIVIC,VTi EX,1997,2500,48000.000000,-230127.895806,278127.895806,278127.895806,579.433116,<500k,Honda,False,CIVIC,False,__OTHER__,True,True
19307932,Mitsubishi,MIRAGE,GLS,2015,157500,169000.000000,-230025.505941,399025.505941,399025.505941,236.109767,<500k,Mitsubishi,False,MIRAGE,False,__OTHER__,True,True
17645814,Toyota,CAMRY,E,2004,102500,95000.000000,-229968.292727,324968.292727,324968.292727,342.071887,<500k,Toyota,False,CAMRY,False,E,False,False
18486623,Honda,CIVIC,S,2006,97500,119000.000000,-229845.294509,348845.294509,348845.294509,293.147306,<500k,Honda,False,CIVIC,False,S,False,False
11254759,Mini,ONE,,2008,60000,419000.000000,-229706.860394,648706.860394,648706.860394,154.822640,<500k,Mini,False,__OTHER__,True,__MISSING__,False,True
12798110,Mercedes-Benz,190E,,1994,297500,198000.000000,-229540.965252,427540.965252,427540.965252,215.929780,<500k,Mercedes-Benz,False,__OTHER__,True,__MISSING__,False,True
18807038,Mazda,3,Spirit,2012,207500,127000.000000,-227920.491414,354920.491414,354920.491414,279.464954,<500k,Mazda,False,3,False,__OTHER__,True,True
19274577,Isuzu,D-MAX,SLX Cab-4,2005,182500,178000.000000,-227692.858408,405692.858408,405692.858408,227.917336,<500k,Isuzu,False,D-MAX,False,__OTHER__,True,True
19204820,Toyota,HIACE,GL D4D,2007,297500,359000.000000,-227606.566455,586606.566455,586606.566455,163.400158,<500k,Toyota,False,HIACE,False,__OTHER__,True,True
13481528,Citroen,CX,Prestige,1980,2500,340000.000000,-227524.924071,567524.924071,567524.924071,166.919095,<500k,Citroen,False,__OTHER__,True,__OTHER__,True,True
19222784,Toyota,CAMRY,V,2007,257500,155000.000000,-226757.304239,381757.304239,381757.304239,246.295035,<500k,Toyota,False,CAMRY,False,V,False,False
19263824,Honda,ACCORD,E,2005,197500,94000.000000,-226497.968727,320497.968727,320497.968727,340.955286,<500k,Honda,False,ACCORD,False,E,False,False
12547257,Toyota,INNOVA,G Exclusive,2011,172500,320000.000000,-226060.823795,546060.823795,546060.823795,170.644007,<500k,Toyota,False,INNOVA,False,__OTHER__,True,True
19338090,Mercedes-Benz,E220,,1995,277500,129000.000000,-225979.220126,354979.220126,354979.220126,275.177690,<500k,Mercedes-Benz,False,E220,False,__MISSING__,False,False
18751897,Mercedes-Benz,E220,,1995,287500,219000.000000,-225561.512953,444561.512953,444561.512953,202.996125,<500k,Mercedes-Benz,False,E220,False,__MISSING__,False,False
18941785,Isuzu,D-MAX,SLX Space Cab,2008,192500,133000.000000,-225487.220043,358487.220043,358487.220043,269.539263,<500k,Isuzu,False,D-MAX,False,__OTHER__,True,True
18614094,MG,MG6,X (Sunroof),2016,172500,169000.000000,-225375.040433,394375.040433,394375.040433,233.358012,<500k,MG,False,__OTHER__,True,__OTHER__,True,True
13290677,Toyota,Corolla Altis,G,2010,222500,129000.000000,-224560.715275,353560.715275,353560.715275,274.078074,<500k,Toyota,False,Corolla Altis,False,G,False,False
19032279,Mitsubishi,AIRTREK,,2001,102500,389000.000000,-224359.768894,613359.768894,613359.768894,157.676033,<500k,Mitsubishi,False,__OTHER__,True,__MISSING__,False,True
19228183,Toyota,AVANZA,E,2007,167500,169000.000000,-224070.065486,393070.065486,393070.065486,232.585838,<500k,Toyota,False,AVANZA,False,E,False,False
18551779,Suzuki,SWIFT,GLX,2012,182500,159000.000000,-222548.334183,381548.334183,381548.334183,239.967506,<500k,Suzuki,False,SWIFT,False,GLX,False,False
19201998,Mitsubishi,TRITON,GLS Plus Double Cab,2011,188335,239000.000000,-222403.197488,461403.197488,461403.197488,193.055731,<500k,Mitsubishi,False,TRITON,False,__OTHER__,True,True
19143511,Toyota,CAMRY,G,2008,202500,159000.000000,-222170.967373,381170.967373,381170.967373,239.730168,<500k,Toyota,False,CAMRY,False,G,False,False
17489260,Toyota,CAMRY,G Extremo,2010,297500,238000.000000,-221582.279629,459582.279629,459582.279629,193.101798,<500k,Toyota,False,CAMRY,False,__OTHER__,True,True
18294988,Mercedes-Benz,230E,,1992,97500,368000.000000,-221510.233751,589510.233751,589510.233751,160.192998,<500k,Mercedes-Benz,False,__OTHER__,True,__MISSING__,False,True
19040990,Toyota,CAMRY,G,2008,202500,155000.000000,-221476.832809,376476.832809,376476.832809,242.888279,<500k,Toyota,False,CAMRY,False,G,False,False
19185413,Honda,JAZZ,E (AS),2004,2500,88000.000000,-221381.672414,309381.672414,309381.672414,351.570082,<500k,Honda,False,JAZZ,False,__OTHER__,True,True
19262635,Toyota,YARIS,G,2007,2500,138000.000000,-221285.565918,359285.565918,359285.565918,260.351859,<500k,Toyota,False,YARIS,False,G,False,False
18502854,Toyota,YARIS,E,2009,232500,155000.000000,-220853.241282,375853.241282,375853.241282,242.485962,<500k,Toyota,False,YARIS,False,E,False,False
19284435,Honda,CIVIC,E (AS),2008,287500,195000.000000,-220817.647216,415817.647216,415817.647216,213.239819,<500k,Honda,False,CIVIC,False,__OTHER__,True,True
19151024,Honda,CIVIC,EL,2007,212500,238000.000000,-220245.697239,458245.697239,458245.697239,192.540209,<500k,Honda,False,CIVIC,False,EL,False,False
12867531,Tata,Super Ace Mint,,2015,72500,157000.000000,-219445.525113,376445.525113,376445.525113,239.774220,<500k,Tata,False,__OTHER__,True,__MISSING__,False,True
19210749,Honda,ACCORD,EL,2006,341628,118000.000000,-219391.577862,337391.577862,337391.577862,285.925066,<500k,Honda,False,ACCORD,False,EL,False,False
13633075,Volvo,960,Executive,1998,2500,88000.000000,-219262.288368,307262.288368,307262.288368,349.161691,<500k,Volvo,False,__OTHER__,True,__OTHER__,True,True
18645768,Nissan,ALMERA,V,2012,167500,159000.000000,-218549.701334,377549.701334,377549.701334,237.452642,<500k,Nissan,False,ALMERA,False,V,False,False
19211542,Mazda,3,Spirit,2012,192500,189000.000000,-218130.020141,407130.020141,407130.020141,215.412709,<500k,Mazda,False,3,False,__OTHER__,True,True
19331393,Mazda,3,Spirit,2012,192500,189000.000000,-218130.020141,407130.020141,407130.020141,215.412709,<500k,Mazda,False,3,False,__OTHER__,True,True
17741059,Honda,JAZZ,V,2009,187500,209000.000000,-218016.097345,427016.097345,427016.097345,204.313922,<500k,Honda,False,JAZZ,False,V,False,False
19284770,Suzuki,SWIFT,GA,2013,177500,149000.000000,-217616.594773,366616.594773,366616.594773,246.051406,<500k,Suzuki,False,SWIFT,False,__OTHER__,True,True
19044305,Nissan,MARCH,V,2011,67500,117000.000000,-217429.351914,334429.351914,334429.351914,285.837053,<500k,Nissan,False,MARCH,False,V,False,False
19261583,Mitsubishi,TRITON,GLS Plus Double Cab,2011,197500,199000.000000,-217174.949533,416174.949533,416174.949533,209.133140,<500k,Mitsubishi,False,TRITON,False,__OTHER__,True,True
19237579,Mitsubishi,TRITON,GLS Plus Double Cab,2011,197500,199000.000000,-217174.949533,416174.949533,416174.949533,209.133140,<500k,Mitsubishi,False,TRITON,False,__OTHER__,True,True
19148141,MG,MG6,X,2014,72500,148000.000000,-216645.558520,364645.558520,364645.558520,246.382134,<500k,MG,False,__OTHER__,True,X,False,True
19179911,Mazda,BT-50,V Commonrail Freestyle Cab,2007,237500,149000.000000,-215502.400576,364502.400576,364502.400576,244.632484,<500k,Mazda,False,__OTHER__,True,__OTHER__,True,True
19192263,Mazda,2,Groove Sport,2011,147500,119000.000000,-215105.216193,334105.216193,334105.216193,280.760686,<500k,Mazda,False,2,False,__OTHER__,True,True
19204185,Mazda,2,Elegance Groove,2012,297500,110000.000000,-214783.213460,324783.213460,324783.213460,295.257467,<500k,Mazda,False,2,False,__OTHER__,True,True
18362548,Honda,JAZZ,V,2009,182500,150000.000000,-214752.606920,364752.606920,364752.606920,243.168405,<500k,Honda,False,JAZZ,False,V,False,False
18779344,Toyota,VIOS,TRD Sportivo,2010,197500,149000.000000,-214582.996859,363582.996859,363582.996859,244.015434,<500k,Toyota,False,VIOS,False,__OTHER__,True,True
19304725,Honda,CIVIC,S,2007,187500,145000.000000,-214436.811156,359436.811156,359436.811156,247.887456,<500k,Honda,False,CIVIC,False,S,False,False
19188032,Honda,City,V,2010,158211,169000.000000,-213981.195794,382981.195794,382981.195794,226.616092,<500k,Honda,False,City,False,V,False,False
12311068,Mercedes-Benz,E200,,2006,192500,1.000000,-212299.550021,212300.550021,212300.550021,21230055.002105,<500k,Mercedes-Benz,False,E200,False,__MISSING__,False,False
19069682,Mazda,3,Spirit Sports,2012,152500,158000.000000,-211831.963336,369831.963336,369831.963336,234.070863,<500k,Mazda,False,3,False,__OTHER__,True,True
18534377,Toyota,CAMRY,G Extremo,2009,172500,218000.000000,-211467.179872,429467.179872,429467.179872,197.003294,<500k,Toyota,False,CAMRY,False,__OTHER__,True,True
19207057,Suzuki,SWIFT,GLX,2013,267500,1.000000,-210821.048427,210822.048427,210822.048427,21082204.842744,<500k,Suzuki,False,SWIFT,False,GLX,False,False
19207063,Suzuki,SWIFT,GLX,2013,267500,1.000000,-210821.048427,210822.048427,210822.048427,21082204.842744,<500k,Suzuki,False,SWIFT,False,GLX,False,False
19166821,Honda,JAZZ,E,2006,22500,95000.000000,-209839.143572,304839.143572,304839.143572,320.883309,<500k,Honda,False,JAZZ,False,E,False,False
19255121,Toyota,CAMRY,G Extremo,2010,272500,179000.000000,-209530.365389,388530.365389,388530.365389,217.056070,<500k,Toyota,False,CAMRY,False,__OTHER__,True,True
18523861,Isuzu,D-MAX,SLX Space Cab,2004,197500,139000.000000,-209507.309259,348507.309259,348507.309259,250.724683,<500k,Isuzu,False,D-MAX,False,__OTHER__,True,True
19276267,Toyota,COROLLA,GXi S-Limited,1997,242500,65000.000000,-209365.271992,274365.271992,274365.271992,422.100418,<500k,Toyota,False,__OTHER__,True,__OTHER__,True,True
18544000,Toyota,CAMRY,V,2007,212500,158000.000000,-209290.250888,367290.250888,367290.250888,232.462184,<500k,Toyota,False,CAMRY,False,V,False,False
19230948,Nissan,ALMERA,VL,2012,202500,119000.000000,-209095.460049,328095.460049,328095.460049,275.710471,<500k,Nissan,False,ALMERA,False,__OTHER__,True,True
19004721,Mazda,2,Maxx Sports,2010,100000,130000.000000,-209078.361735,339078.361735,339078.361735,260.829509,<500k,Mazda,False,2,False,__OTHER__,True,True
18904502,Mitsubishi,Strada,Grandis GLX,2001,182500,109000.000000,-209028.553972,318028.553972,318028.553972,291.769316,<500k,Mitsubishi,False,__OTHER__,True,__OTHER__,True,True
19315442,Nissan,MARCH,V,2012,157500,128000.000000,-208965.556582,336965.556582,336965.556582,263.254341,<500k,Nissan,False,MARCH,False,V,False,False
19339247,MG,MG5,Turbo X Sunroof,2015,112500,189000.000000,-208365.950408,397365.950408,397365.950408,210.246535,<500k,MG,False,MG5,False,__OTHER__,True,True
19204120,Mitsubishi,MIRAGE,GLX,2013,167500,139000.000000,-208077.291875,347077.291875,347077.291875,249.695893,<500k,Mitsubishi,False,MIRAGE,False,GLX,False,False
19335891,Toyota,CAMRY,V,2006,107500,199000.000000,-207963.574947,406963.574947,406963.574947,204.504309,<500k,Toyota,False,CAMRY,False,V,False,False
19047792,Toyota,HILUX TIGER,S Extra Cab,2003,172500,249000.000000,-207952.046372,456952.046372,456952.046372,183.514878,<500k,Toyota,False,__OTHER__,True,__OTHER__,True,True
18957865,Mitsubishi,MIRAGE,GLX,2012,63393,198000.000000,-207333.475324,405333.475324,405333.475324,204.713876,<500k,Mitsubishi,False,MIRAGE,False,GLX,False,False
19198126,Toyota,VIOS,J,2009,92500,149000.000000,-206311.632896,355311.632896,355311.632896,238.464183,<500k,Toyota,False,VIOS,False,__OTHER__,True,True
19284276,Chevrolet,COLORADO,LT Flex Cab,2012,252500,159000.000000,-206057.147560,365057.147560,365057.147560,229.595690,<500k,Chevrolet,False,COLORADO,False,__OTHER__,True,True
18863404,Toyota,CAMRY,G,2008,177500,197000.000000,-205853.515252,402853.515252,402853.515252,204.494170,<500k,Toyota,False,CAMRY,False,G,False,False
19272962,Nissan,MARCH,V,2012,7500,129000.000000,-204998.457912,333998.457912,333998.457912,258.913533,<500k,Nissan,False,MARCH,False,V,False,False
19230289,Toyota,VIOS,J,2010,192500,138000.000000,-204374.818413,342374.818413,342374.818413,248.097695,<500k,Toyota,False,VIOS,False,__OTHER__,True,True
12869227,Honda,City,SV,2009,207500,188000.000000,-204141.609011,392141.609011,392141.609011,208.585962,<500k,Honda,False,City,False,SV,False,False
19277425,Toyota,CAMRY,V,2006,107500,150000.000000,-203698.037066,353698.037066,353698.037066,235.798691,<500k,Toyota,False,CAMRY,False,V,False,False
18539555,Mitsubishi,MIRAGE,GLS,2013,60000,169000.000000,-203450.621736,372450.621736,372450.621736,220.384983,<500k,Mitsubishi,False,MIRAGE,False,__OTHER__,True,True
18920069,Toyota,HILUX TIGER,E Prerunner Extra Cab,2004,267500,99000.000000,-202751.741465,301751.741465,301751.741465,304.799739,<500k,Toyota,False,__OTHER__,True,__OTHER__,True,True
19293055,Mazda,2,Elegance Spirit,2011,192874,90000.000000,-202490.420699,292490.420699,292490.420699,324.989356,<500k,Mazda,False,2,False,__OTHER__,True,True
19312226,Nissan,MARCH,V,2012,147500,128000.000000,-202438.575734,330438.575734,330438.575734,258.155137,<500k,Nissan,False,MARCH,False,V,False,False
19184475,Nissan,X-TRAIL,Comfort,2007,207500,149000.000000,-201088.488518,350088.488518,350088.488518,234.958717,<500k,Nissan,False,X-TRAIL,False,__OTHER__,True,True
7129464,Isuzu,D-MAX,LS Cab-4,2003,2500,179000.000000,-200829.827408,379829.827408,379829.827408,212.195434,<500k,Isuzu,False,D-MAX,False,__OTHER__,True,True
12857586,Nissan,ALMERA,VL,2012,172500,127000.000000,-200724.743407,327724.743407,327724.743407,258.050979,<500k,Nissan,False,ALMERA,False,__OTHER__,True,True
19313441,Toyota,Corolla Altis,E,2011,272500,149000.000000,-200687.006717,349687.006717,349687.006717,234.689266,<500k,Toyota,False,Corolla Altis,False,E,False,False
18813829,Toyota,HIACE,D4D,2006,2500,359000.000000,-200484.747765,559484.747765,559484.747765,155.845334,<500k,Toyota,False,HIACE,False,__OTHER__,True,True
18911823,Mitsubishi,MIRAGE,GLS,2014,157500,225000.000000,-199882.062041,424882.062041,424882.062041,188.836472,<500k,Mitsubishi,False,MIRAGE,False,__OTHER__,True,True
19335540,Nissan,MARCH,S,2012,27500,95000.000000,-199856.546617,294856.546617,294856.546617,310.375312,<500k,Nissan,False,MARCH,False,S,False,False
18275970,Nissan,MARCH,VL,2013,127500,159000.000000,-199292.694655,358292.694655,358292.694655,225.341317,<500k,Nissan,False,MARCH,False,__OTHER__,True,True
18764584,Toyota,Corolla Altis,E,2010,100000,168000.000000,-199093.831712,367093.831712,367093.831712,218.508233,<500k,Toyota,False,Corolla Altis,False,E,False,False
19210766,Honda,City,S,2010,167500,178000.000000,-197582.697430,375582.697430,375582.697430,211.001515,<500k,Honda,False,City,False,S,False,False
19054897,Mitsubishi,MIRAGE,GLS,2014,152500,199000.000000,-196618.571616,395618.571616,395618.571616,198.803302,<500k,Mitsubishi,False,MIRAGE,False,__OTHER__,True,True
18665356,BMW,528i,,1997,272500,150000.000000,-196592.766118,346592.766118,346592.766118,231.061844,<500k,BMW,False,__OTHER__,True,__MISSING__,False,True
9463702,Mitsubishi,i,,2011,2500,299000.000000,-196406.687172,495406.687172,495406.687172,165.687855,<500k,Mitsubishi,False,__OTHER__,True,__MISSING__,False,True
18590447,Honda,JAZZ,V,2009,172500,178000.000000,-196321.265604,374321.265604,374321.265604,210.292846,<500k,Honda,False,JAZZ,False,V,False,False
19312657,Mitsubishi,MIRAGE,GLX,2013,227500,95000.000000,-195934.825914,290934.825914,290934.825914,306.247185,<500k,Mitsubishi,False,MIRAGE,False,GLX,False,False
18970818,Toyota,YARIS,E,2009,212500,170000.000000,-195894.919118,365894.919118,365894.919118,215.232305,<500k,Toyota,False,YARIS,False,E,False,False
16998965,Toyota,RAV4,,2002,142500,499000.000000,-194945.841052,693945.841052,693945.841052,139.067303,<500k,Toyota,False,__OTHER__,True,__MISSING__,False,True
18520141,Suzuki,APV,GLX (8-Seater),2011,182500,229000.000000,-194069.927905,423069.927905,423069.927905,184.746693,<500k,Suzuki,False,__OTHER__,True,__OTHER__,True,True
19227877,Toyota,CAMRY,G,2010,365000,199000.000000,-193821.160225,392821.160225,392821.160225,197.397568,<500k,Toyota,False,CAMRY,False,G,False,False
18785657,Nissan,MARCH,V,2013,92500,149000.000000,-193271.172156,342271.172156,342271.172156,229.712196,<500k,Nissan,False,MARCH,False,V,False,False
19031459,Isuzu,D-MAX,Hi-Lander Platinum Cab-4,2009,254984,259000.000000,-192119.096187,451119.096187,451119.096187,174.177257,<500k,Isuzu,False,D-MAX,False,__OTHER__,True,True
19313475,Toyota,VIOS,G,2009,152500,149000.000000,-191810.191781,340810.191781,340810.191781,228.731672,<500k,Toyota,False,VIOS,False,G,False,False
9089091,Toyota,RAV4,,2002,137500,418000.000000,-191682.350628,609682.350628,609682.350628,145.857022,<500k,Toyota,False,__OTHER__,True,__MISSING__,False,True
19050256,Toyota,HIACE,D4D,2009,297500,369000.000000,-190716.679326,559716.679326,559716.679326,151.684737,<500k,Toyota,False,HIACE,False,__OTHER__,True,True
19028277,Volvo,V70,XC,2002,177500,189000.000000,-190242.064484,379242.064484,379242.064484,200.657177,<500k,Volvo,False,__OTHER__,True,__OTHER__,True,True
19337098,Toyota,YARIS,E,2010,287500,139000.000000,-189545.012981,328545.012981,328545.012981,236.363319,<500k,Toyota,False,YARIS,False,E,False,False
19293105,Toyota,CAMRY,G,2007,49329,210000.000000,-189403.171987,399403.171987,399403.171987,190.191987,<500k,Toyota,False,CAMRY,False,G,False,False
18574115,MG,MG3,C,2017,207500,148000.000000,-189389.467511,337389.467511,337389.467511,227.965856,<500k,MG,False,MG3,False,__OTHER__,True,True
19225551,Isuzu,D-MAX,EX Spark,2007,27500,109000.000000,-189264.196892,298264.196892,298264.196892,273.636878,<500k,Isuzu,False,D-MAX,False,__OTHER__,True,True
19055556,Honda,City,V,2011,222500,187000.000000,-188735.880002,375735.880002,375735.880002,200.928278,<500k,Honda,False,City,False,V,False,False
19243217,Mazda,2,Spirit Sports,2010,127500,94000.000000,-186933.433920,280933.433920,280933.433920,298.865355,<500k,Mazda,False,2,False,__OTHER__,True,True
18752050,Honda,JAZZ,V,2010,242500,215000.000000,-186707.869043,401707.869043,401707.869043,186.840869,<500k,Honda,False,JAZZ,False,V,False,False
19323778,Nissan,MARCH,EL,2013,2500,145000.000000,-186506.952919,331506.952919,331506.952919,228.625485,<500k,Nissan,False,MARCH,False,EL,False,False
18930139,Honda,CIVIC,S (AS),2007,202500,175000.000000,-185506.119801,360506.119801,360506.119801,206.003497,<500k,Honda,False,CIVIC,False,__OTHER__,True,True
19251949,Mitsubishi,ATTRAGE,GLS,2013,216752,99000.000000,-184949.118908,283949.118908,283949.118908,286.817292,<500k,Mitsubishi,False,ATTRAGE,False,__OTHER__,True,True
19040726,Nissan,MARCH,VL Sport Version,2013,122500,128000.000000,-184818.978328,312818.978328,312818.978328,244.389827,<500k,Nissan,False,MARCH,False,__OTHER__,True,True
19054572,Toyota,Corolla Altis,E,2011,237500,159000.000000,-184787.261769,343787.261769,343787.261769,216.218404,<500k,Toyota,False,Corolla Altis,False,E,False,False
19239130,Honda,JAZZ,SV,2008,142500,148000.000000,-184682.135126,332682.135126,332682.135126,224.785226,<500k,Honda,False,JAZZ,False,SV,False,False
19335488,Toyota,CAMRY,G,2010,340000,189000.000000,-184448.396125,373448.396125,373448.396125,197.591744,<500k,Toyota,False,CAMRY,False,G,False,False
19119982,Mazda,2,Elegance Groove,2011,147500,90000.000000,-184085.123700,274085.123700,274085.123700,304.539026,<500k,Mazda,False,2,False,__OTHER__,True,True
18976388,Mazda,2,Groove,2011,147500,149000.000000,-184085.123700,333085.123700,333085.123700,223.547063,<500k,Mazda,False,2,False,__OTHER__,True,True
19339960,Honda,JAZZ,V,2010,237500,150000.000000,-183444.378619,333444.378619,333444.378619,222.296252,<500k,Honda,False,JAZZ,False,V,False,False
19015315,Toyota,HILUX VIGO,G Double Cab,2006,440823,199000.000000,-182375.634039,381375.634039,381375.634039,191.646047,<500k,Toyota,False,HILUX VIGO,False,__OTHER__,True,True
16718043,Mini,ONE,,2008,152500,340000.000000,-181521.140471,521521.140471,521521.140471,153.388571,<500k,Mini,False,__OTHER__,True,__MISSING__,False,True
19212148,Honda,CIVIC,E (AS),2008,237500,135000.000000,-181238.054951,316238.054951,316238.054951,234.250411,<500k,Honda,False,CIVIC,False,__OTHER__,True,True
19331839,Nissan,ALMERA,V,2012,127500,1.000000,-181231.552037,181232.552037,181232.552037,18123255.203722,<500k,Nissan,False,ALMERA,False,V,False,False
18697787,Mitsubishi,TRITON,GLS Plus Double Cab,2012,217500,149000.000000,-180848.554018,329848.554018,329848.554018,221.374868,<500k,Mitsubishi,False,TRITON,False,__OTHER__,True,True
19340969,Mitsubishi,ATTRAGE,GLS,2013,207500,129000.000000,-178910.356227,307910.356227,307910.356227,238.690199,<500k,Mitsubishi,False,ATTRAGE,False,__OTHER__,True,True
19312840,Toyota,Corolla Altis,G,2010,112500,198000.000000,-178907.439761,376907.439761,376907.439761,190.357293,<500k,Toyota,False,Corolla Altis,False,G,False,False
18747464,Suzuki,SWIFT,GL,2011,122500,132000.000000,-178291.536043,310291.536043,310291.536043,235.069345,<500k,Suzuki,False,SWIFT,False,__OTHER__,True,True
18935027,Nissan,ALMERA,VL,2012,137500,149000.000000,-177880.310437,326880.310437,326880.310437,219.382759,<500k,Nissan,False,ALMERA,False,__OTHER__,True,True
19044151,Suzuki,SX4,,2011,162500,148000.000000,-177837.505153,325837.505153,325837.505153,220.160476,<500k,Suzuki,False,__OTHER__,True,__MISSING__,False,True
12848454,Toyota,CAMRY,G,2009,237500,258000.000000,-177114.642810,435114.642810,435114.642810,168.649086,<500k,Toyota,False,CAMRY,False,G,False,False
19210112,Toyota,Corolla Altis,G,2012,247500,69000.000000,-177093.191507,246093.191507,246093.191507,356.656799,<500k,Toyota,False,Corolla Altis,False,G,False,False
18866669,Honda,JAZZ,SV,2010,187500,149000.000000,-176990.369876,325990.369876,325990.369876,218.785483,<500k,Honda,False,JAZZ,False,SV,False,False
19196442,Toyota,INNOVA,V,2012,167500,258000.000000,-176679.158754,434679.158754,434679.158754,168.480294,<500k,Toyota,False,INNOVA,False,V,False,False
19234198,Suzuki,CARRY,,2013,2500,99000.000000,-176115.988039,275115.988039,275115.988039,277.894937,<500k,Suzuki,False,CARRY,False,__MISSING__,False,False
18918676,Suzuki,CARRY,,2013,2500,99000.000000,-176115.988039,275115.988039,275115.988039,277.894937,<500k,Suzuki,False,CARRY,False,__MISSING__,False,False
19318283,Volvo,S60,,2006,22500,160000.000000,-175783.296631,335783.296631,335783.296631,209.864560,<500k,Volvo,False,__OTHER__,True,__MISSING__,False,True
19327482,Nissan,ALMERA,ES,2012,192500,149000.000000,-175730.830817,324730.830817,324730.830817,217.940155,<500k,Nissan,False,ALMERA,False,__OTHER__,True,True
19143249,Nissan,ALMERA,VL,2012,140000,139000.000000,-175246.517768,314246.517768,314246.517768,226.076631,<500k,Nissan,False,ALMERA,False,__OTHER__,True,True
19165029,Suzuki,SWIFT,GL,2013,112500,139000.000000,-175191.219258,314191.219258,314191.219258,226.036848,<500k,Suzuki,False,SWIFT,False,__OTHER__,True,True
18755530,Honda,CIVIC,S (AS),2008,227500,125000.000000,-174711.074103,299711.074103,299711.074103,239.768859,<500k,Honda,False,CIVIC,False,__OTHER__,True,True
19151279,Suzuki,CELERIO,GLX,2015,122500,155000.000000,-174511.019727,329511.019727,329511.019727,212.587755,<500k,Suzuki,False,CELERIO,False,GLX,False,False
19245925,Kia,RIO,,2012,162500,139000.000000,-174415.195107,313415.195107,313415.195107,225.478558,<500k,Kia,False,__OTHER__,True,__MISSING__,False,True
18308823,Toyota,YARIS,J,2014,340734,199000.000000,-174317.351281,373317.351281,373317.351281,187.596659,<500k,Toyota,False,YARIS,False,__OTHER__,True,True
15068236,Suzuki,CARRY,,2014,102500,157000.000000,-174179.173556,331179.173556,331179.173556,210.942149,<500k,Suzuki,False,CARRY,False,__MISSING__,False,False
19164467,Toyota,CAMRY,Q,2005,2500,118000.000000,-173644.090186,291644.090186,291644.090186,247.156009,<500k,Toyota,False,CAMRY,False,__OTHER__,True,True
19284474,Toyota,VIOS,TRD,2010,127500,139000.000000,-173159.668801,312159.668801,312159.668801,224.575301,<500k,Toyota,False,VIOS,False,__OTHER__,True,True
18693322,Honda,CIVIC,EL,2008,242500,259000.000000,-172620.016816,431620.016816,431620.016816,166.648655,<500k,Honda,False,CIVIC,False,EL,False,False
17984738,Mazda,2,Elegance Groove,2012,232500,159000.000000,-172357.837944,331357.837944,331357.837944,208.401156,<500k,Mazda,False,2,False,__OTHER__,True,True
19110630,Suzuki,SWIFT,GLX,2013,214421,199000.000000,-171910.948900,370910.948900,370910.948900,186.387412,<500k,Suzuki,False,SWIFT,False,GLX,False,False
14732276,Toyota,HIACE,D4D,2009,267500,357000.000000,-171829.871345,528829.871345,528829.871345,148.131617,<500k,Toyota,False,HIACE,False,__OTHER__,True,True
19314079,Chevrolet,COLORADO,LT Z71 Flex Cab,2012,217500,195000.000000,-171308.354123,366308.354123,366308.354123,187.850438,<500k,Chevrolet,False,COLORADO,False,__OTHER__,True,True
12072815,Volvo,V70,T,2003,252500,189000.000000,-171293.663315,360293.663315,360293.663315,190.631568,<500k,Volvo,False,__OTHER__,True,__OTHER__,True,True
19339967,Toyota,CAMRY,V,2007,172500,33888.000000,-171277.967027,205165.967027,205165.967027,605.423652,<500k,Toyota,False,CAMRY,False,V,False,False
12364252,Mazda,3,Spirit Sports,2012,90000,178000.000000,-171038.333033,349038.333033,349038.333033,196.088951,<500k,Mazda,False,3,False,__OTHER__,True,True
13751443,Mitsubishi,TRITON,GL Single Cab,2012,297500,99000.000000,-170611.506680,269611.506680,269611.506680,272.334855,<500k,Mitsubishi,False,TRITON,False,__OTHER__,True,True
14297794,BMW,523i,,1997,232500,99000.000000,-170484.842724,269484.842724,269484.842724,272.206912,<500k,BMW,False,__OTHER__,True,__MISSING__,False,True
18809413,Suzuki,SWIFT,GLX,2012,102500,235000.000000,-170332.487395,405332.487395,405332.487395,172.481910,<500k,Suzuki,False,SWIFT,False,GLX,False,False
19124786,Mitsubishi,LANCER,GL,1990,2500,99000.000000,-169347.548389,268347.548389,268347.548389,271.058130,<500k,Mitsubishi,False,__OTHER__,True,__OTHER__,True,True
18697908,Suzuki,SWIFT,GA,2013,102500,209000.000000,-168664.238409,377664.238409,377664.238409,180.700593,<500k,Suzuki,False,SWIFT,False,__OTHER__,True,True
18965381,Mazda,CX-3,XDL,2016,197500,339000.000000,-167212.186032,506212.186032,506212.186032,149.325129,<500k,Mazda,False,CX-3,False,__OTHER__,True,True
19261573,Toyota,Corolla Altis,G,2011,197500,119000.000000,-167180.154005,286180.154005,286180.154005,240.487524,<500k,Toyota,False,Corolla Altis,False,G,False,False
19274026,Suzuki,SWIFT,GLX,2012,97500,199000.000000,-167068.996971,366068.996971,366068.996971,183.954270,<500k,Suzuki,False,SWIFT,False,GLX,False,False
19125108,Volvo,V70,XC,2002,142500,170000.000000,-166703.496950,336703.496950,336703.496950,198.060881,<500k,Volvo,False,__OTHER__,True,__OTHER__,True,True
19038796,Isuzu,D-MAX,EX Spark,2006,2500,129000.000000,-166490.247710,295490.247710,295490.247710,229.062208,<500k,Isuzu,False,D-MAX,False,__OTHER__,True,True
18748429,Toyota,Corolla Altis,G,2010,222500,185000.000000,-166449.778347,351449.778347,351449.778347,189.972853,<500k,Toyota,False,Corolla Altis,False,G,False,False
19196902,Mazda,2,Sports Spirit,2012,192500,139000.000000,-166059.781140,305059.781140,305059.781140,219.467468,<500k,Mazda,False,2,False,__OTHER__,True,True
19298481,Toyota,CAMRY,V,2007,162500,195000.000000,-165445.120742,360445.120742,360445.120742,184.843652,<500k,Toyota,False,CAMRY,False,V,False,False
18701030,Chevrolet,AVEO,LSX,2011,127500,100000.000000,-165212.510933,265212.510933,265212.510933,265.212511,<500k,Chevrolet,False,__OTHER__,True,__OTHER__,True,True
17152297,Suzuki,SWIFT,GLX,2013,197500,199000.000000,-165132.182488,364132.182488,364132.182488,182.980996,<500k,Suzuki,False,SWIFT,False,GLX,False,False
18819034,Mini,COOPER,S 3-Door,2007,182500,489000.000000,-164430.825365,653430.825365,653430.825365,133.625936,<500k,Mini,False,COOPER,False,__OTHER__,True,True
19319325,Kia,CARNIVAL,CEO,2004,282500,99000.000000,-164406.421231,263406.421231,263406.421231,266.067092,<500k,Kia,False,__OTHER__,True,__OTHER__,True,True
19255101,Toyota,YARIS,J,2011,227500,159000.000000,-164189.695246,323189.695246,323189.695246,203.263959,<500k,Toyota,False,YARIS,False,__OTHER__,True,True
19184460,Honda,JAZZ,V,2010,207500,139000.000000,-163863.436073,302863.436073,302863.436073,217.887364,<500k,Honda,False,JAZZ,False,V,False,False
7908119,LANCIA,Beta Coupe,,1976,2500,490000.000000,-163850.419038,653850.419038,653850.419038,133.438861,<500k,__OTHER__,True,__OTHER__,True,__MISSING__,False,True
19249951,Nissan,ALMERA,VL,2012,132500,100000.000000,-163406.594110,263406.594110,263406.594110,263.406594,<500k,Nissan,False,ALMERA,False,__OTHER__,True,True
19035981,Toyota,VIOS,E,2010,242500,159000.000000,-162941.220352,321941.220352,321941.220352,202.478755,<500k,Toyota,False,VIOS,False,E,False,False
19204692,Mitsubishi,MIRAGE,GLX,2013,97500,129000.000000,-162388.425935,291388.425935,291388.425935,225.882501,<500k,Mitsubishi,False,MIRAGE,False,GLX,False,False
19232711,Honda,CIVIC,E Navi,2008,197500,1.000000,-162074.819579,162075.819579,162075.819579,16207581.957884,<500k,Honda,False,CIVIC,False,__OTHER__,True,True
19232688,Honda,CIVIC,E Navi,2008,197500,1.000000,-162074.819579,162075.819579,162075.819579,16207581.957884,<500k,Honda,False,CIVIC,False,__OTHER__,True,True
19281892,Toyota,CAMRY,V,2008,242500,159000.000000,-161664.570465,320664.570465,320664.570465,201.675830,<500k,Toyota,False,CAMRY,False,V,False,False
19269209,Toyota,CAMRY,G,2009,212500,188000.000000,-160797.190689,348797.190689,348797.190689,185.530421,<500k,Toyota,False,CAMRY,False,G,False,False
19129044,Mercedes-Benz,190E,,1992,2500,325000.000000,-160198.050254,485198.050254,485198.050254,149.291708,<500k,Mercedes-Benz,False,__OTHER__,True,__MISSING__,False,True
18920417,MG,GS,X Sunroof (Two-Tone),2017,192500,199000.000000,-159738.006510,358738.006510,358738.006510,180.270355,<500k,MG,False,__OTHER__,True,__OTHER__,True,True
19155302,Honda,JAZZ,S,2010,235512,149000.000000,-159685.403953,308685.403953,308685.403953,207.171412,<500k,Honda,False,JAZZ,False,S,False,False
19009423,Mazda,2,Sports Groove,2012,182500,120000.000000,-159532.800291,279532.800291,279532.800291,232.944000,<500k,Mazda,False,2,False,__OTHER__,True,True
17128144,Suzuki,SWIFT,GL,2014,197500,169000.000000,-159198.395620,328198.395620,328198.395620,194.200234,<500k,Suzuki,False,SWIFT,False,__OTHER__,True,True
18651861,Toyota,Corolla Altis,E,2009,2500,159000.000000,-158871.769744,317871.769744,317871.769744,199.919352,<500k,Toyota,False,Corolla Altis,False,E,False,False
19068796,Mazda,2,Sports Spirit,2012,182500,155000.000000,-158838.665727,313838.665727,313838.665727,202.476559,<500k,Mazda,False,2,False,__OTHER__,True,True
18938853,Toyota,CAMRY,G,2007,2500,188000.000000,-158837.973371,346837.973371,346837.973371,184.488284,<500k,Toyota,False,CAMRY,False,G,False,False
19090069,Isuzu,ELF,NLR,2011,17500,120000.000000,-158799.685526,278799.685526,278799.685526,232.333071,<500k,Isuzu,False,__OTHER__,True,__OTHER__,True,True
12272164,Toyota,VIOS,J,2009,2500,99000.000000,-158779.031162,257779.031162,257779.031162,260.382860,<500k,Toyota,False,VIOS,False,__OTHER__,True,True
18921902,Mitsubishi,MIRAGE,GLX,2013,108155,229000.000000,-158132.698126,387132.698126,387132.698126,169.053580,<500k,Mitsubishi,False,MIRAGE,False,GLX,False,False
19029413,Isuzu,D-MAX,SLX Platinum Space Cab,2009,202500,159000.000000,-157862.889901,316862.889901,316862.889901,199.284836,<500k,Isuzu,False,D-MAX,False,__OTHER__,True,True
18650433,MG,MG5,Turbo X Sunroof,2016,137500,159000.000000,-157476.779561,316476.779561,316476.779561,199.042000,<500k,MG,False,MG5,False,__OTHER__,True,True
18991104,MG,MG5,Turbo X Sunroof,2016,137500,159000.000000,-157476.779561,316476.779561,316476.779561,199.042000,<500k,MG,False,MG5,False,__OTHER__,True,True
19317356,Mitsubishi,TRITON,GLS Plus VG Turbo Double Cab,2012,197500,215000.000000,-156913.014586,371913.014586,371913.014586,172.982797,<500k,Mitsubishi,False,TRITON,False,__OTHER__,True,True
19115754,Honda,City,S,2011,207500,185000.000000,-156483.997856,341483.997856,341483.997856,184.585945,<500k,Honda,False,City,False,S,False,False
10291013,Toyota,Corolla Altis,E,2010,242500,139000.000000,-156419.413807,295419.413807,295419.413807,212.531952,<500k,Toyota,False,Corolla Altis,False,E,False,False
19011326,Honda,CR-V,E,2007,197500,158000.000000,-156288.417945,314288.417945,314288.417945,198.916720,<500k,Honda,False,CR-V,False,E,False,False
14270406,Nissan,MARCH,E,2012,82500,199000.000000,-156114.713480,355114.713480,355114.713480,178.449605,<500k,Nissan,False,MARCH,False,E,False,False
18264984,Mitsubishi,MIRAGE,GL,2015,192500,75000.000000,-155519.872042,230519.872042,230519.872042,307.359829,<500k,Mitsubishi,False,MIRAGE,False,__OTHER__,True,True
19063913,Honda,JAZZ,SV,2009,217500,189000.000000,-155217.642618,344217.642618,344217.642618,182.125737,<500k,Honda,False,JAZZ,False,SV,False,False
19037712,Mitsubishi,TRITON,GLS Plus Double Cab,2013,297500,228000.000000,-154976.200103,382976.200103,382976.200103,167.972018,<500k,Mitsubishi,False,TRITON,False,__OTHER__,True,True
19126545,Peugeot,308,Turbo,2009,112500,199000.000000,-154575.128439,353575.128439,353575.128439,177.675944,<500k,Peugeot,False,__OTHER__,True,__OTHER__,True,True
18850762,Mazda,2,Sports Groove,2012,157500,129000.000000,-154425.574073,283425.574073,283425.574073,219.709747,<500k,Mazda,False,2,False,__OTHER__,True,True
18863199,Mazda,2,Sports Groove,2012,157500,129000.000000,-154425.574073,283425.574073,283425.574073,219.709747,<500k,Mazda,False,2,False,__OTHER__,True,True
19158932,MG,GS,D (Two-Tone),2017,177500,180000.000000,-154213.073118,334213.073118,334213.073118,185.673930,<500k,MG,False,__OTHER__,True,__OTHER__,True,True
19154060,Toyota,VIOS,E,2010,172500,158000.000000,-154098.288054,312098.288054,312098.288054,197.530562,<500k,Toyota,False,VIOS,False,E,False,False
19153928,Toyota,VIOS,E,2010,172500,158000.000000,-154098.288054,312098.288054,312098.288054,197.530562,<500k,Toyota,False,VIOS,False,E,False,False
19291054,Suzuki,SWIFT,GA,2014,182500,169000.000000,-153673.462229,322673.462229,322673.462229,190.931043,<500k,Suzuki,False,SWIFT,False,__OTHER__,True,True
19309078,Mitsubishi,MIRAGE,GLX,2013,162500,119000.000000,-153509.450399,272509.450399,272509.450399,228.999538,<500k,Mitsubishi,False,MIRAGE,False,GLX,False,False
19261123,Honda,ACCORD,EL,2006,267500,69888.000000,-153398.688907,223286.688907,223286.688907,319.492172,<500k,Honda,False,ACCORD,False,EL,False,False
19258694,Isuzu,D-MAX,Hi-Lander X-Series Cab-4,2010,287500,222000.000000,-153080.292167,375080.292167,375080.292167,168.955087,<500k,Isuzu,False,D-MAX,False,__OTHER__,True,True
7255211,Kia,CARNIVAL,GS,2002,2500,87000.000000,-152910.137051,239910.137051,239910.137051,275.758778,<500k,Kia,False,__OTHER__,True,__OTHER__,True,True
19261949,Toyota,INNOVA,G,2010,17500,169000.000000,-151780.064845,320780.064845,320780.064845,189.810689,<500k,Toyota,False,INNOVA,False,G,False,False
18756766,Honda,JAZZ,SV,2009,201450,170000.000000,-151686.526378,321686.526378,321686.526378,189.227368,<500k,Honda,False,JAZZ,False,SV,False,False
18769885,Toyota,VIOS,E,2009,132500,149000.000000,-151406.365965,300406.365965,300406.365965,201.615011,<500k,Toyota,False,VIOS,False,E,False,False
19186964,Mazda,2,Sports Spirit,2012,152500,138000.000000,-151162.083648,289162.083648,289162.083648,209.537742,<500k,Mazda,False,2,False,__OTHER__,True,True
14317238,Mitsubishi,LANCER,SEi-LTD,2002,2500,75000.000000,-151159.001045,226159.001045,226159.001045,301.545335,<500k,Mitsubishi,False,__OTHER__,True,__OTHER__,True,True
18779237,Suzuki,SWIFT,GA,2013,152500,169000.000000,-149994.791600,318994.791600,318994.791600,188.754315,<500k,Suzuki,False,SWIFT,False,__OTHER__,True,True
19106546,Toyota,CAMRY,V,2008,242500,199000.000000,-149760.209998,348760.209998,348760.209998,175.256387,<500k,Toyota,False,CAMRY,False,V,False,False
18614051,Mazda,2,Elegance Groove,2012,197500,139000.000000,-149513.404975,288513.404975,288513.404975,207.563601,<500k,Mazda,False,2,False,__OTHER__,True,True
19042529,Honda,City,V,2012,282500,130000.000000,-149480.916222,279480.916222,279480.916222,214.985320,<500k,Honda,False,City,False,V,False,False
19228214,Toyota,Corolla Altis,CNG,2011,292500,139000.000000,-149393.235087,288393.235087,288393.235087,207.477148,<500k,Toyota,False,Corolla Altis,False,__OTHER__,True,True
19052954,Toyota,VIOS,G Limited,2011,192500,148000.000000,-148378.421348,296378.421348,296378.421348,200.255690,<500k,Toyota,False,VIOS,False,__OTHER__,True,True
19177455,Toyota,VIOS,G,2012,453000,99000.000000,-148278.223088,247278.223088,247278.223088,249.775983,<500k,Toyota,False,VIOS,False,G,False,False
11341997,Honda,ACCORD,E,2006,217500,158000.000000,-147790.934113,305790.934113,305790.934113,193.538566,<500k,Honda,False,ACCORD,False,E,False,False
18881923,Hyundai,VELOSTER,,2014,47500,1.000000,-147705.040501,147706.040501,147706.040501,14770604.050120,<500k,Hyundai,False,__OTHER__,True,__MISSING__,False,True
19237115,Honda,CR-V,E,2007,172500,189000.000000,-147609.788409,336609.788409,336609.788409,178.100417,<500k,Honda,False,CR-V,False,E,False,False
19210315,Toyota,VIOS,J,2009,2500,118000.000000,-147568.805259,265568.805259,265568.805259,225.058310,<500k,Toyota,False,VIOS,False,__OTHER__,True,True
15493738,Toyota,CAMRY,G,2009,172500,248000.000000,-146593.627762,394593.627762,394593.627762,159.110334,<500k,Toyota,False,CAMRY,False,G,False,False
18846376,Mazda,CX-3,XDL,2016,157500,339000.000000,-145369.800519,484369.800519,484369.800519,142.881947,<500k,Mazda,False,CX-3,False,__OTHER__,True,True
16792523,Toyota,VIOS,J Standard,2011,187500,169000.000000,-145114.930923,314114.930923,314114.930923,185.866823,<500k,Toyota,False,VIOS,False,__OTHER__,True,True
18870375,Toyota,YARIS,J,2013,192661,229000.000000,-144877.010731,373877.010731,373877.010731,163.265070,<500k,Toyota,False,YARIS,False,__OTHER__,True,True
19325869,Toyota,Corolla Altis,E,2010,222500,159000.000000,-143365.452110,302365.452110,302365.452110,190.166951,<500k,Toyota,False,Corolla Altis,False,E,False,False
18410016,Toyota,Corolla Altis,E,2011,167500,189000.000000,-143363.933711,332363.933711,332363.933711,175.853933,<500k,Toyota,False,Corolla Altis,False,E,False,False
19281957,Nissan,ALMERA,VL,2012,102500,119000.000000,-143131.517000,262131.517000,262131.517000,220.278586,<500k,Nissan,False,ALMERA,False,__OTHER__,True,True
18936619,Mini,COOPER,S 3-Door,2006,64000,1490000.000000,-143082.499376,1633082.499376,1633082.499376,109.602852,1M-3M,Mini,False,COOPER,False,__OTHER__,True,True
17073616,Toyota,VIOS,G,2012,386669,158000.000000,-143031.980708,301031.980708,301031.980708,190.526570,<500k,Toyota,False,VIOS,False,G,False,False
16566193,Toyota,VIOS,G,2012,386669,158000.000000,-143031.980708,301031.980708,301031.980708,190.526570,<500k,Toyota,False,VIOS,False,G,False,False
19051571,Nissan,TEANA,200 XL,2009,237500,140000.000000,-142844.563177,282844.563177,282844.563177,202.031831,<500k,Nissan,False,TEANA,False,__OTHER__,True,True
19249920,Honda,City,S,2011,192500,129000.000000,-142427.988702,271427.988702,271427.988702,210.409294,<500k,Honda,False,City,False,S,False,False
19186185,Honda,City,V,2011,157500,199000.000000,-142044.966605,341044.966605,341044.966605,171.379380,<500k,Honda,False,City,False,V,False,False
19211506,Toyota,VIOS,J,2011,182500,129000.000000,-141851.440499,270851.440499,270851.440499,209.962357,<500k,Toyota,False,VIOS,False,__OTHER__,True,True
19176032,Mazda,MX-5,,1997,78069,1290000.000000,-141699.131946,1431699.131946,1431699.131946,110.984429,1M-3M,Mazda,False,__OTHER__,True,__MISSING__,False,True
18643714,Isuzu,D-MAX,SX Platinum Space Cab,2009,272500,199000.000000,-141098.861715,340098.861715,340098.861715,170.903951,<500k,Isuzu,False,D-MAX,False,__OTHER__,True,True
19023470,Nissan,ALMERA,ES,2012,137500,135000.000000,-139832.436150,274832.436150,274832.436150,203.579582,<500k,Nissan,False,ALMERA,False,__OTHER__,True,True
14317308,Honda,ACCORD,V6,1998,2500,88000.000000,-139823.004892,227823.004892,227823.004892,258.889778,<500k,Honda,False,ACCORD,False,__OTHER__,True,True
18993493,Mazda,CX-3,XDL,2016,227500,294000.000000,-139754.315407,433754.315407,433754.315407,147.535481,<500k,Mazda,False,CX-3,False,__OTHER__,True,True
19185033,Mazda,2,Elegance Groove,2012,182500,129000.000000,-139722.933702,268722.933702,268722.933702,208.312352,<500k,Mazda,False,2,False,__OTHER__,True,True
19044598,Nissan,ALMERA,VL,2013,197500,138000.000000,-138625.346657,276625.346657,276625.346657,200.453150,<500k,Nissan,False,ALMERA,False,__OTHER__,True,True
18842663,Isuzu,D-MAX,Hi-Lander X-Series Super Titanium Cab-4,2011,368000,227000.000000,-138415.865029,365415.865029,365415.865029,160.976152,<500k,Isuzu,False,D-MAX,False,__OTHER__,True,True
19331867,Toyota,YARIS,J,2011,187500,95000.000000,-138081.771852,233081.771852,233081.771852,245.349234,<500k,Toyota,False,YARIS,False,__OTHER__,True,True
18362543,Toyota,YARIS,E,2007,242500,100000.000000,-138030.287567,238030.287567,238030.287567,238.030288,<500k,Toyota,False,YARIS,False,E,False,False
19334391,Toyota,VIOS,E,2010,197500,150000.000000,-137835.344415,287835.344415,287835.344415,191.890230,<500k,Toyota,False,VIOS,False,E,False,False
19208375,Honda,CR-V,E,2007,167500,165000.000000,-137401.609964,302401.609964,302401.609964,183.273703,<500k,Honda,False,CR-V,False,E,False,False
19233262,Nissan,ALMERA,E,2013,319000,95000.000000,-136914.973641,231914.973641,231914.973641,244.121025,<500k,Nissan,False,ALMERA,False,E,False,False
19182872,Suzuki,SWIFT,GLX,2013,172500,159000.000000,-136910.369899,295910.369899,295910.369899,186.107151,<500k,Suzuki,False,SWIFT,False,GLX,False,False
19306052,Mercedes-Benz,300TD,,1986,2500,1.000000,-136788.958730,136789.958730,136789.958730,13678995.872989,<500k,Mercedes-Benz,False,__OTHER__,True,__MISSING__,False,True
18092867,Mitsubishi,ATTRAGE,GLS LTD,2013,142500,175000.000000,-136484.980712,311484.980712,311484.980712,177.991418,<500k,Mitsubishi,False,ATTRAGE,False,__OTHER__,True,True
18614089,Chevrolet,SONIC,LT,2013,117500,139000.000000,-135975.424070,274975.424070,274975.424070,197.824046,<500k,Chevrolet,False,__OTHER__,True,__OTHER__,True,True
18987690,Toyota,Corolla Altis,G,2012,252500,185000.000000,-135871.925703,320871.925703,320871.925703,173.444284,<500k,Toyota,False,Corolla Altis,False,G,False,False
19306988,Suzuki,SWIFT,GL,2013,202500,149000.000000,-135730.894956,284730.894956,284730.894956,191.094560,<500k,Suzuki,False,SWIFT,False,__OTHER__,True,True
18919317,Nissan,MARCH,V,2012,237500,139000.000000,-135621.374809,274621.374809,274621.374809,197.569334,<500k,Nissan,False,MARCH,False,V,False,False
18668808,Chevrolet,COLORADO,LT Crew Cab,2012,202500,174000.000000,-135374.369031,309374.369031,309374.369031,177.801362,<500k,Chevrolet,False,COLORADO,False,__OTHER__,True,True
19253249,Mazda,2,Sports Groove,2013,230000,100000.000000,-134539.562256,234539.562256,234539.562256,234.539562,<500k,Mazda,False,2,False,__OTHER__,True,True
19290193,Nissan,ALMERA,VL,2012,128844,128000.000000,-134182.681528,262182.681528,262182.681528,204.830220,<500k,Nissan,False,ALMERA,False,__OTHER__,True,True
19140540,Toyota,INNOVA,V,2013,222500,289000.000000,-134160.704550,423160.704550,423160.704550,146.422389,<500k,Toyota,False,INNOVA,False,V,False,False
18964263,Nissan,ALMERA,V,2013,147500,129000.000000,-134023.578788,263023.578788,263023.578788,203.894247,<500k,Nissan,False,ALMERA,False,V,False,False
11061034,Isuzu,D-MAX,SLX Cab-4,2004,2500,149000.000000,-133623.204440,282623.204440,282623.204440,189.680003,<500k,Isuzu,False,D-MAX,False,__OTHER__,True,True
19320279,Mazda,2,Elegance Spirit,2012,172500,149000.000000,-133195.952853,282195.952853,282195.952853,189.393257,<500k,Mazda,False,2,False,__OTHER__,True,True
19037129,Honda,CR-V,E,2008,251058,189000.000000,-131677.821591,320677.821591,320677.821591,169.670805,<500k,Honda,False,CR-V,False,E,False,False
8612871,Toyota,HILUX VIGO,J Single Cab,2005,2500,129000.000000,-131464.098132,260464.098132,260464.098132,201.910154,<500k,Toyota,False,HILUX VIGO,False,__OTHER__,True,True
8366328,Kia,CARNIVAL,CEO,2004,242500,105000.000000,-131353.809815,236353.809815,236353.809815,225.098866,<500k,Kia,False,__OTHER__,True,__OTHER__,True,True
19254029,Mitsubishi,TRITON,GLX Mega Cab,2011,152000,159000.000000,-130946.197834,289946.197834,289946.197834,182.356099,<500k,Mitsubishi,False,TRITON,False,__OTHER__,True,True
18910155,Nissan,ALMERA,ES,2013,167500,159000.000000,-130254.630014,289254.630014,289254.630014,181.921151,<500k,Nissan,False,ALMERA,False,__OTHER__,True,True
19033412,Toyota,YARIS,E,2009,100000,139000.000000,-130105.207158,269105.207158,269105.207158,193.600868,<500k,Toyota,False,YARIS,False,E,False,False
18912044,Toyota,VIOS,J,2011,182500,118000.000000,-129947.080032,247947.080032,247947.080032,210.124644,<500k,Toyota,False,VIOS,False,__OTHER__,True,True
18972959,Toyota,VIOS,ES,2011,182500,179000.000000,-129947.080032,308947.080032,308947.080032,172.596134,<500k,Toyota,False,VIOS,False,__OTHER__,True,True
19077328,Toyota,Corolla Altis,TRD Sportivo,2011,162500,199000.000000,-129220.360278,328220.360278,328220.360278,164.934854,<500k,Toyota,False,Corolla Altis,False,__OTHER__,True,True
19035924,Honda,JAZZ,SV,2009,177500,199000.000000,-129109.719224,328109.719224,328109.719224,164.879256,<500k,Honda,False,JAZZ,False,SV,False,False
17636769,Honda,City,V,2011,137500,265000.000000,-128991.004908,393991.004908,393991.004908,148.675851,<500k,Honda,False,City,False,V,False,False
19207471,Toyota,CAMRY,G,2009,162500,199000.000000,-128856.421011,327856.421011,327856.421011,164.751970,<500k,Toyota,False,CAMRY,False,G,False,False
19150695,Tata,XENON,CLE,2011,227500,78000.000000,-128747.039237,206747.039237,206747.039237,265.060307,<500k,Tata,False,__OTHER__,True,__OTHER__,True,True
19331193,MG,GS,D,2017,137500,169000.000000,-128105.149724,297105.149724,297105.149724,175.801864,<500k,MG,False,__OTHER__,True,__OTHER__,True,True
19288276,Toyota,VIOS,E,2010,182500,149000.000000,-128044.873142,277044.873142,277044.873142,185.936156,<500k,Toyota,False,VIOS,False,E,False,False
19131052,Suzuki,SWIFT,GLX,2013,157500,209000.000000,-127814.033191,336814.033191,336814.033191,161.155040,<500k,Suzuki,False,SWIFT,False,GLX,False,False
19254565,Honda,City,V,2008,112500,179000.000000,-127729.013851,306729.013851,306729.013851,171.356991,<500k,Honda,False,City,False,V,False,False
19222843,Mercedes-Benz,230E,,1992,278000,95000.000000,-127463.418034,222463.418034,222463.418034,234.172019,<500k,Mercedes-Benz,False,__OTHER__,True,__MISSING__,False,True
18751690,Mitsubishi,MIRAGE,GLX,2013,122500,99900.000000,-127401.527005,227301.527005,227301.527005,227.529056,<500k,Mitsubishi,False,MIRAGE,False,GLX,False,False
16224456,Nissan,MARCH,E,2013,147500,139000.000000,-127067.928146,266067.928146,266067.928146,191.415776,<500k,Nissan,False,MARCH,False,E,False,False
19188453,Toyota,YARIS,E,2008,2500,108000.000000,-126729.078831,234729.078831,234729.078831,217.341740,<500k,Toyota,False,YARIS,False,E,False,False
8029624,Honda,City,V,2008,110870,179000.000000,-126665.115973,305665.115973,305665.115973,170.762635,<500k,Honda,False,City,False,V,False,False
18850069,Toyota,VIOS,E,2010,197500,84000.000000,-126625.118512,210625.118512,210625.118512,250.744189,<500k,Toyota,False,VIOS,False,E,False,False
19319570,Nissan,TEANA,230 JK,2006,102500,139000.000000,-126149.103213,265149.103213,265149.103213,190.754751,<500k,Nissan,False,TEANA,False,__OTHER__,True,True
19299425,Suzuki,SWIFT,GLX,2013,137500,180000.000000,-125970.297397,305970.297397,305970.297397,169.983499,<500k,Suzuki,False,SWIFT,False,GLX,False,False
14273404,Isuzu,D-MAX,EX Spark,2006,232500,135000.000000,-125780.861503,260780.861503,260780.861503,193.171009,<500k,Isuzu,False,D-MAX,False,__OTHER__,True,True
18397655,Toyota,YARIS,J,2013,162500,189000.000000,-125190.983794,314190.983794,314190.983794,166.238616,<500k,Toyota,False,YARIS,False,__OTHER__,True,True
17854994,Mazda,3,Spirit Sports,2012,2500,159000.000000,-125137.476512,284137.476512,284137.476512,178.702815,<500k,Mazda,False,3,False,__OTHER__,True,True
18174651,BMW,730i,,1993,162500,299000.000000,-124887.336680,423887.336680,423887.336680,141.768340,<500k,BMW,False,__OTHER__,True,__MISSING__,False,True
18677470,Honda,JAZZ,V,2010,147500,179000.000000,-124701.550982,303701.550982,303701.550982,169.665671,<500k,Honda,False,JAZZ,False,V,False,False
19093155,Mazda,CX-3,XDL,2016,142500,325000.000000,-124369.103343,449369.103343,449369.103343,138.267416,<500k,Mazda,False,CX-3,False,__OTHER__,True,True
18677220,Mercedes-Benz,230E,Classic,1983,297500,268000.000000,-124062.402942,392062.402942,392062.402942,146.291941,<500k,Mercedes-Benz,False,__OTHER__,True,__OTHER__,True,True
19113052,Nissan,ALMERA,VL,2013,157500,119000.000000,-123727.649166,242727.649166,242727.649166,203.972814,<500k,Nissan,False,ALMERA,False,__OTHER__,True,True
18735636,Toyota,AVANZA,J,2008,2500,139000.000000,-123236.760820,262236.760820,262236.760820,188.659540,<500k,Toyota,False,AVANZA,False,__OTHER__,True,True
19277815,Toyota,CAMRY,G,2010,257500,159000.000000,-122961.981539,281961.981539,281961.981539,177.334580,<500k,Toyota,False,CAMRY,False,G,False,False
18362607,Suzuki,SWIFT,GLX,2013,132500,209000.000000,-122706.806972,331706.806972,331706.806972,158.711391,<500k,Suzuki,False,SWIFT,False,GLX,False,False
18992244,Suzuki,SWIFT,GL,2015,237500,184000.000000,-122365.233928,306365.233928,306365.233928,166.502845,<500k,Suzuki,False,SWIFT,False,__OTHER__,True,True
18474462,Toyota,Corolla Altis,E,2011,152500,180000.000000,-121669.101971,301669.101971,301669.101971,167.593946,<500k,Toyota,False,Corolla Altis,False,E,False,False
19106014,Nissan,ALMERA,E,2012,192500,124000.000000,-121555.288876,245555.288876,245555.288876,198.028459,<500k,Nissan,False,ALMERA,False,E,False,False
19212139,Toyota,VIOS,E,2011,292500,125000.000000,-121424.813605,246424.813605,246424.813605,197.139851,<500k,Toyota,False,VIOS,False,E,False,False
19232925,Toyota,FORTUNER,V,2005,268480,239000.000000,-121234.612023,360234.612023,360234.612023,150.725779,<500k,Toyota,False,FORTUNER,False,V,False,False
19088189,Mitsubishi,TRITON,GLX Double Cab,2012,152500,195000.000000,-120596.912746,315596.912746,315596.912746,161.844571,<500k,Mitsubishi,False,TRITON,False,__OTHER__,True,True
18390252,Mazda,2,Maxx Sports,2011,2500,159000.000000,-120463.993889,279463.993889,279463.993889,175.763518,<500k,Mazda,False,2,False,__OTHER__,True,True
18987788,Toyota,Corolla Altis,CNG,2011,297500,149000.000000,-120076.329751,269076.329751,269076.329751,180.588141,<500k,Toyota,False,Corolla Altis,False,__OTHER__,True,True
17105692,Toyota,YARIS,J,2012,262500,149000.000000,-119827.505248,268827.505248,268827.505248,180.421144,<500k,Toyota,False,YARIS,False,__OTHER__,True,True
13850921,Mercedes-Benz,C220,Elegance,1996,2500,100000.000000,-119415.406401,219415.406401,219415.406401,219.415406,<500k,Mercedes-Benz,False,C220,False,__OTHER__,True,True
19262143,Toyota,CAMRY,V,2009,297500,155000.000000,-119146.116261,274146.116261,274146.116261,176.868462,<500k,Toyota,False,CAMRY,False,V,False,False
18340410,Isuzu,D-MAX,SLX Super Titanium Space Cab,2011,182500,169000.000000,-118955.975040,287955.975040,287955.975040,170.388151,<500k,Isuzu,False,D-MAX,False,__OTHER__,True,True
19336287,Toyota,YARIS,Ace,2011,157500,156000.000000,-118500.829306,274500.829306,274500.829306,175.962070,<500k,Toyota,False,YARIS,False,__OTHER__,True,True
19211499,Ford,FIESTA,Sport,2011,142500,79000.000000,-118119.879619,197119.879619,197119.879619,249.518835,<500k,Ford,False,__OTHER__,True,Sport,False,True
19035786,Citroen,CX,20,1984,50000,250000.000000,-117711.891405,367711.891405,367711.891405,147.084757,<500k,Citroen,False,__OTHER__,True,__OTHER__,True,True
19088393,Nissan,ALMERA,V,2013,122500,100000.000000,-117706.126666,217706.126666,217706.126666,217.706127,<500k,Nissan,False,ALMERA,False,V,False,False
19262951,Mazda,2,Sports Groove,2012,107500,179000.000000,-117525.131949,296525.131949,296525.131949,165.656498,<500k,Mazda,False,2,False,__OTHER__,True,True
19236331,Suzuki,SWIFT,GLX,2013,142500,123000.000000,-117329.427353,240329.427353,240329.427353,195.389778,<500k,Suzuki,False,SWIFT,False,GLX,False,False
15935123,Ssangyong,ACTYON,Comfort,2007,2500,178000.000000,-117170.361307,295170.361307,295170.361307,165.826046,<500k,Ssangyong,False,__OTHER__,True,__OTHER__,True,True
19186307,Toyota,VIOS,E,2011,268731,125000.000000,-117121.058729,242121.058729,242121.058729,193.696847,<500k,Toyota,False,VIOS,False,E,False,False
19312419,Isuzu,Grand Adventure,,2001,2500,119000.000000,-116956.944369,235956.944369,235956.944369,198.283147,<500k,Isuzu,False,__OTHER__,True,__MISSING__,False,True
19212058,Honda,ACCORD,E,2004,197500,175000.000000,-116862.733051,291862.733051,291862.733051,166.778705,<500k,Honda,False,ACCORD,False,E,False,False
18828230,Toyota,WISH,Q,2004,247500,139000.000000,-116747.594212,255747.594212,255747.594212,183.991075,<500k,Toyota,False,__OTHER__,True,__OTHER__,True,True
19269185,Toyota,HILUX TIGER,G Extra Cab,2004,212500,259000.000000,-116739.883284,375739.883284,375739.883284,145.073314,<500k,Toyota,False,__OTHER__,True,__OTHER__,True,True
18715312,Suzuki,SWIFT,GLX,2013,122500,169000.000000,-116179.826124,285179.826124,285179.826124,168.745459,<500k,Suzuki,False,SWIFT,False,GLX,False,False
19211513,Toyota,VIOS,E,2010,182500,99000.000000,-116140.512675,215140.512675,215140.512675,217.313649,<500k,Toyota,False,VIOS,False,E,False,False
16895203,Toyota,INNOVA,V,2013,177500,299000.000000,-115999.516634,414999.516634,414999.516634,138.795825,<500k,Toyota,False,INNOVA,False,V,False,False
19136595,Toyota,CAMRY,V,2008,172500,199000.000000,-115975.704526,314975.704526,314975.704526,158.279249,<500k,Toyota,False,CAMRY,False,V,False,False
18751495,Mitsubishi,Strada,STD,2004,247500,89000.000000,-114010.850553,203010.850553,203010.850553,228.102079,<500k,Mitsubishi,False,__OTHER__,True,__OTHER__,True,True
14459566,Toyota,CORONA,GLi,1993,2500,45000.000000,-113203.303492,158203.303492,158203.303492,351.562897,<500k,Toyota,False,__OTHER__,True,__OTHER__,True,True
19081210,Toyota,Corolla Altis,G,2010,152500,149000.000000,-113122.089821,262122.089821,262122.089821,175.920866,<500k,Toyota,False,Corolla Altis,False,G,False,False
18862776,Toyota,YARIS,J,2013,142500,168000.000000,-112137.022097,280137.022097,280137.022097,166.748227,<500k,Toyota,False,YARIS,False,__OTHER__,True,True
19276794,Toyota,VIOS,E,2011,267500,134000.000000,-112052.049505,246052.049505,246052.049505,183.620932,<500k,Toyota,False,VIOS,False,E,False,False
19313235,Mitsubishi,MIRAGE,GLS LTD,2015,142500,149000.000000,-111674.741896,260674.741896,260674.741896,174.949491,<500k,Mitsubishi,False,MIRAGE,False,__OTHER__,True,True
19208439,MG,MG5,Turbo X Sunroof,2017,152500,158000.000000,-111270.853768,269270.853768,269270.853768,170.424591,<500k,MG,False,MG5,False,__OTHER__,True,True
19071275,MG,MG3,X (2-Tone),2017,87500,179000.000000,-111065.697328,290065.697328,290065.697328,162.047876,<500k,MG,False,MG3,False,__OTHER__,True,True
19154846,Toyota,Corolla Altis,G,2010,137500,209000.000000,-110970.441135,319970.441135,319970.441135,153.095905,<500k,Toyota,False,Corolla Altis,False,G,False,False
19339952,Toyota,Corolla Altis,TRD Sportivo,2012,237500,145000.000000,-110966.093674,255966.093674,255966.093674,176.528340,<500k,Toyota,False,Corolla Altis,False,__OTHER__,True,True
19331958,Toyota,Corolla Altis,TRD Sportivo,2012,237500,145000.000000,-110966.093674,255966.093674,255966.093674,176.528340,<500k,Toyota,False,Corolla Altis,False,__OTHER__,True,True
19088184,Mitsubishi,TRITON,GLX Double Cab,2012,137500,195000.000000,-110806.441474,305806.441474,305806.441474,156.823816,<500k,Mitsubishi,False,TRITON,False,__OTHER__,True,True
13743435,Isuzu,D-MAX,Hi-Lander Super Platinum Cab-4,2010,222500,249000.000000,-110654.916652,359654.916652,359654.916652,144.439726,<500k,Isuzu,False,D-MAX,False,__OTHER__,True,True
18756672,Toyota,VIOS,E,2010,162374,160000.000000,-110643.133605,270643.133605,270643.133605,169.151959,<500k,Toyota,False,VIOS,False,E,False,False
19269874,Mazda,BT-50 PRO,Hi-Racer Double Cab,2012,258302,220000.000000,-110596.132041,330596.132041,330596.132041,150.270969,<500k,Mazda,False,BT-50 PRO,False,__OTHER__,True,True
18862685,Mazda,2,Elegance Spirit,2012,137500,1.000000,-110351.519883,110352.519883,110352.519883,11035251.988334,<500k,Mazda,False,2,False,__OTHER__,True,True
18250625,Honda,JAZZ,S,2010,177500,209000.000000,-109916.722187,318916.722187,318916.722187,152.591733,<500k,Honda,False,JAZZ,False,S,False,False
19284623,Toyota,HILUX VIGO,J Extra Cab,2007,192500,168000.000000,-109853.262414,277853.262414,277853.262414,165.388847,<500k,Toyota,False,HILUX VIGO,False,__OTHER__,True,True
18763754,Toyota,Corolla Altis,G,2010,287500,179000.000000,-109343.057943,288343.057943,288343.057943,161.085507,<500k,Toyota,False,Corolla Altis,False,G,False,False
12077879,Toyota,HILUX VIGO,J Single Cab,2008,277500,188000.000000,-109336.202561,297336.202561,297336.202561,158.157555,<500k,Toyota,False,HILUX VIGO,False,__OTHER__,True,True
19236020,Isuzu,D-MAX,Hi-Lander Super Titanium Cab-4,2011,334000,209000.000000,-109279.442123,318279.442123,318279.442123,152.286814,<500k,Isuzu,False,D-MAX,False,__OTHER__,True,True
18760239,Toyota,VIOS,E,2010,160000,148000.000000,-109093.628352,257093.628352,257093.628352,173.711911,<500k,Toyota,False,VIOS,False,E,False,False
19317454,Mitsubishi,TRITON,GLS Plus VG Turbo Double Cab,2012,117500,235000.000000,-108962.705680,343962.705680,343962.705680,146.367109,<500k,Mitsubishi,False,TRITON,False,__OTHER__,True,True
18657347,Nissan,ALMERA,E,2012,162500,99000.000000,-108919.034352,207919.034352,207919.034352,210.019227,<500k,Nissan,False,ALMERA,False,E,False,False
19060607,Suzuki,CARRY,,2014,2500,139000.000000,-108909.365071,247909.365071,247909.365071,178.352061,<500k,Suzuki,False,CARRY,False,__MISSING__,False,False
19130231,Toyota,VIOS,E,2010,152500,99000.000000,-108463.930597,207463.930597,207463.930597,209.559526,<500k,Toyota,False,VIOS,False,E,False,False
19130326,Toyota,VIOS,E,2010,152500,129000.000000,-108463.930597,237463.930597,237463.930597,184.080566,<500k,Toyota,False,VIOS,False,E,False,False
19091536,Ford,FIESTA,Sport,2012,112500,88000.000000,-108299.043264,196299.043264,196299.043264,223.067095,<500k,Ford,False,__OTHER__,True,Sport,False,True
18721454,Mitsubishi,TRITON,GLS Plus Double Cab,2013,208260,175000.000000,-107611.000745,282611.000745,282611.000745,161.492000,<500k,Mitsubishi,False,TRITON,False,__OTHER__,True,True
18764152,Toyota,VIOS,E,2010,157500,148000.000000,-107461.883140,255461.883140,255461.883140,172.609380,<500k,Toyota,False,VIOS,False,E,False,False
14270341,Toyota,Corolla Altis,G,2010,142500,185000.000000,-107289.243537,292289.243537,292289.243537,157.994186,<500k,Toyota,False,Corolla Altis,False,G,False,False
14318365,Honda,ACCORD,VTi EX,1995,2500,68000.000000,-106961.380323,174961.380323,174961.380323,257.296148,<500k,Honda,False,ACCORD,False,__OTHER__,True,True
19306717,Hyundai,VELOSTER,,2014,118179,298000.000000,-106844.162405,404844.162405,404844.162405,135.853746,<500k,Hyundai,False,__OTHER__,True,__MISSING__,False,True
19268938,Nissan,ALMERA,V,2013,157500,99000.000000,-106768.223231,205768.223231,205768.223231,207.846690,<500k,Nissan,False,ALMERA,False,V,False,False
19179881,Nissan,ALMERA,V,2012,2500,129000.000000,-106588.979452,235588.979452,235588.979452,182.627116,<500k,Nissan,False,ALMERA,False,V,False,False
10649430,Nissan,ALMERA,E,2012,158321,149000.000000,-106191.409055,255191.409055,255191.409055,171.269402,<500k,Nissan,False,ALMERA,False,E,False,False
19210725,Nissan,TEANA,200 XL,2009,162500,138000.000000,-105796.567280,243796.567280,243796.567280,176.664179,<500k,Nissan,False,TEANA,False,__OTHER__,True,True
18861999,Toyota,YARIS,J,2014,252540,169000.000000,-105543.070483,274543.070483,274543.070483,162.451521,<500k,Toyota,False,YARIS,False,__OTHER__,True,True
19268342,Toyota,YARIS,J,2014,252500,219000.000000,-105516.962559,324516.962559,324516.962559,148.181261,<500k,Toyota,False,YARIS,False,__OTHER__,True,True
19325044,Nissan,ALMERA,ES,2014,232500,159000.000000,-105473.382561,264473.382561,264473.382561,166.335461,<500k,Nissan,False,ALMERA,False,__OTHER__,True,True
18914986,Toyota,Corolla Altis,J,2011,2500,159000.000000,-105471.714132,264471.714132,264471.714132,166.334411,<500k,Toyota,False,Corolla Altis,False,__OTHER__,True,True
18914392,Toyota,Corolla Altis,J,2011,2500,129000.000000,-105471.714132,234471.714132,234471.714132,181.761019,<500k,Toyota,False,Corolla Altis,False,__OTHER__,True,True
19006096,Mazda,3,Spirit Sports,2013,92500,199000.000000,-105463.455277,304463.455277,304463.455277,152.996711,<500k,Mazda,False,3,False,__OTHER__,True,True
18073778,Suzuki,SWIFT,GLX,2012,2500,169000.000000,-105062.678910,274062.678910,274062.678910,162.167266,<500k,Suzuki,False,SWIFT,False,GLX,False,False
19262568,Mitsubishi,ATTRAGE,GLX,2014,297500,138000.000000,-104908.186913,242908.186913,242908.186913,176.020425,<500k,Mitsubishi,False,ATTRAGE,False,GLX,False,False
18902777,Mazda,BT-50 PRO,Hi-Racer Double Cab,2013,346000,204000.000000,-104895.363599,308895.363599,308895.363599,151.419296,<500k,Mazda,False,BT-50 PRO,False,__OTHER__,True,True
18852685,Honda,CIVIC,S,2008,122500,145000.000000,-104804.812672,249804.812672,249804.812672,172.279181,<500k,Honda,False,CIVIC,False,S,False,False
19030504,Chevrolet,SONIC,LT,2013,117500,98000.000000,-104261.197013,202261.197013,202261.197013,206.388977,<500k,Chevrolet,False,__OTHER__,True,__OTHER__,True,True
19283898,Toyota,CAMRY,G,2010,227500,199000.000000,-104075.173558,303075.173558,303075.173558,152.299082,<500k,Toyota,False,CAMRY,False,G,False,False
19264444,Nissan,MARCH,E,2012,152500,114000.000000,-103600.427481,217600.427481,217600.427481,190.877568,<500k,Nissan,False,MARCH,False,E,False,False
18755078,Toyota,Corolla Altis,G,2012,202500,199000.000000,-103237.021461,302237.021461,302237.021461,151.877900,<500k,Toyota,False,Corolla Altis,False,G,False,False
18754941,Toyota,Corolla Altis,G,2012,202500,159000.000000,-103237.021461,262237.021461,262237.021461,164.928944,<500k,Toyota,False,Corolla Altis,False,G,False,False
19229356,MG,MG6,D,2016,2500,189000.000000,-103206.140105,292206.140105,292206.140105,154.606423,<500k,MG,False,__OTHER__,True,__OTHER__,True,True
18839900,Honda,JAZZ,SV,2009,137500,189999.000000,-103001.795830,293000.795830,293000.795830,154.211757,<500k,Honda,False,JAZZ,False,SV,False,False
16187388,Toyota,bB,Z,2008,120000,348000.000000,-102940.556316,450940.556316,450940.556316,129.580620,<500k,Toyota,False,__OTHER__,True,__OTHER__,True,True
16608599,Mitsubishi,MIRAGE,GLX,2014,187500,129000.000000,-102620.279552,231620.279552,231620.279552,179.550604,<500k,Mitsubishi,False,MIRAGE,False,GLX,False,False
18858001,Honda,JAZZ,SV,2009,137500,199000.000000,-102307.661266,301307.661266,301307.661266,151.410885,<500k,Honda,False,JAZZ,False,SV,False,False
19125697,Honda,CIVIC,S,2009,222500,135000.000000,-102173.863624,237173.863624,237173.863624,175.684343,<500k,Honda,False,CIVIC,False,S,False,False
18895429,Toyota,VIOS,G,2011,227500,188000.000000,-102083.764327,290083.764327,290083.764327,154.299875,<500k,Toyota,False,VIOS,False,G,False,False
19101488,Mitsubishi,MIRAGE,GLX,2012,192500,130000.000000,-100771.421242,230771.421242,230771.421242,177.516478,<500k,Mitsubishi,False,MIRAGE,False,GLX,False,False
14360628,Honda,ACCORD,E,2006,107500,182000.000000,-100548.518122,282548.518122,282548.518122,155.246439,<500k,Honda,False,ACCORD,False,E,False,False
19327578,Mazda,BT-50 PRO,Hi-Racer Double Cab,2012,242500,199000.000000,-100282.196904,299282.196904,299282.196904,150.393064,<500k,Mazda,False,BT-50 PRO,False,__OTHER__,True,True
19001115,Toyota,FORTUNER,V,2005,252500,239000.000000,-99594.270724,338594.270724,338594.270724,141.671243,<500k,Toyota,False,FORTUNER,False,V,False,False
19272989,Toyota,CELICA,,1994,262500,299000.000000,-99525.104345,398525.104345,398525.104345,133.285988,<500k,Toyota,False,__OTHER__,True,__MISSING__,False,True
19223659,Mercedes-Benz,E200,NGT,2006,192500,215000.000000,-99520.358915,314520.358915,314520.358915,146.288539,<500k,Mercedes-Benz,False,E200,False,__OTHER__,True,True
18415958,Toyota,YARIS,J,2014,232500,199000.000000,-99407.688884,298407.688884,298407.688884,149.953613,<500k,Toyota,False,YARIS,False,__OTHER__,True,True
18735204,Suzuki,CELERIO,GL,2017,112500,159000.000000,-99109.166924,258109.166924,258109.166924,162.332809,<500k,Suzuki,False,CELERIO,False,__OTHER__,True,True
19102176,Toyota,WISH,Q Limited,2004,237500,158000.000000,-99010.387460,257010.387460,257010.387460,162.664802,<500k,Toyota,False,__OTHER__,True,__OTHER__,True,True
18799972,Mazda,3,Spirit,2013,112500,199000.000000,-98707.550385,297707.550385,297707.550385,149.601784,<500k,Mazda,False,3,False,__OTHER__,True,True
19313224,Chevrolet,CAPTIVA,LTZ,2011,297500,138000.000000,-98369.499945,236369.499945,236369.499945,171.282246,<500k,Chevrolet,False,CAPTIVA,False,__OTHER__,True,True
19309892,Chevrolet,CAPTIVA,LTZ,2011,297500,138000.000000,-98369.499945,236369.499945,236369.499945,171.282246,<500k,Chevrolet,False,CAPTIVA,False,__OTHER__,True,True
18911929,Toyota,Corolla Altis,TRD Sportivo,2013,321000,169000.000000,-98259.760791,267259.760791,267259.760791,158.141870,<500k,Toyota,False,Corolla Altis,False,__OTHER__,True,True
19147231,Suzuki,SWIFT,GL,2014,97500,199000.000000,-98194.125017,297194.125017,297194.125017,149.343781,<500k,Suzuki,False,SWIFT,False,__OTHER__,True,True
19191863,Suzuki,SWIFT,GA,2014,97500,185900.000000,-98194.125017,284094.125017,284094.125017,152.820939,<500k,Suzuki,False,SWIFT,False,__OTHER__,True,True
19269217,Toyota,VIOS,ES,2012,218469,135000.000000,-98121.714945,233121.714945,233121.714945,172.682752,<500k,Toyota,False,VIOS,False,__OTHER__,True,True
19260962,Tata,XENON,Giant,2010,77500,95000.000000,-98048.949477,193048.949477,193048.949477,203.209421,<500k,Tata,False,__OTHER__,True,__OTHER__,True,True
19125573,Toyota,INNOVA,V,2013,167500,289000.000000,-97568.175318,386568.175318,386568.175318,133.760614,<500k,Toyota,False,INNOVA,False,V,False,False
18562966,Honda,CR-V,EL,2007,147500,179000.000000,-97320.498818,276320.498818,276320.498818,154.368994,<500k,Honda,False,CR-V,False,EL,False,False
19331215,Nissan,ALMERA,V,2013,142500,119000.000000,-96977.751958,215977.751958,215977.751958,181.493909,<500k,Nissan,False,ALMERA,False,V,False,False
19277795,Toyota,CAMRY,G Extremo,2011,202500,259000.000000,-96634.876481,355634.876481,355634.876481,137.310763,<500k,Toyota,False,CAMRY,False,__OTHER__,True,True
18649021,Suzuki,SWIFT,GLX,2013,92500,199000.000000,-96598.883578,295598.883578,295598.883578,148.542153,<500k,Suzuki,False,SWIFT,False,GLX,False,False
18863374,Honda,City,SV,2011,207500,197000.000000,-96566.011458,293566.011458,293566.011458,149.018280,<500k,Honda,False,City,False,SV,False,False
19186733,Honda,CIVIC,S,2009,212500,169000.000000,-96341.017340,265341.017340,265341.017340,157.006519,<500k,Honda,False,CIVIC,False,S,False,False
19101892,Nissan,TEANA,200 XL,2010,257500,159000.000000,-96330.724491,255330.724491,255330.724491,160.585361,<500k,Nissan,False,TEANA,False,__OTHER__,True,True
17763325,Mini,COOPER,S 3-Door,2005,164565,399000.000000,-96307.985428,495307.985428,495307.985428,124.137340,<500k,Mini,False,COOPER,False,__OTHER__,True,True
19151348,Toyota,VIOS,J,2012,232500,125000.000000,-96069.495870,221069.495870,221069.495870,176.855597,<500k,Toyota,False,VIOS,False,__OTHER__,True,True
18959822,Mitsubishi,TRITON,Plus VG Turbo Double Cab,2013,217500,189000.000000,-95815.665293,284815.665293,284815.665293,150.696119,<500k,Mitsubishi,False,TRITON,False,__OTHER__,True,True
19239112,Toyota,INNOVA,V,2013,152500,329000.000000,-95416.526632,424416.526632,424416.526632,129.001984,<500k,Toyota,False,INNOVA,False,V,False,False
14376265,Toyota,CORONA,GLi,1996,2500,42000.000000,-95369.981253,137369.981253,137369.981253,327.071384,<500k,Toyota,False,__OTHER__,True,__OTHER__,True,True
19306813,Nissan,ALMERA,E,2013,237500,118000.000000,-94930.305629,212930.305629,212930.305629,180.449412,<500k,Nissan,False,ALMERA,False,E,False,False
19010846,Toyota,YARIS,E,2010,142500,138000.000000,-94903.790677,232903.790677,232903.790677,168.770863,<500k,Toyota,False,YARIS,False,E,False,False
19240563,Nissan,CEFIRO,VQ20,1999,197500,69000.000000,-94593.279538,163593.279538,163593.279538,237.091709,<500k,Nissan,False,__OTHER__,True,__OTHER__,True,True
19105239,Isuzu,D-MAX,Hi-Lander Space Cab,2008,2500,218000.000000,-94529.895899,312529.895899,312529.895899,143.362338,<500k,Isuzu,False,D-MAX,False,__OTHER__,True,True
19046943,Nissan,ALMERA,VL,2013,131000,138000.000000,-94526.789449,232526.789449,232526.789449,168.497674,<500k,Nissan,False,ALMERA,False,__OTHER__,True,True
19299044,Honda,City,S,2012,232500,158000.000000,-94384.601106,252384.601106,252384.601106,159.737089,<500k,Honda,False,City,False,S,False,False
17152276,Honda,JAZZ,S,2010,152500,199000.000000,-94293.404630,293293.404630,293293.404630,147.383620,<500k,Honda,False,JAZZ,False,S,False,False
19308562,Isuzu,D-MAX,EX Platinum Spark,2009,217500,139000.000000,-93990.241145,232990.241145,232990.241145,167.618879,<500k,Isuzu,False,D-MAX,False,__OTHER__,True,True
18906096,Mitsubishi,TRITON,Plus VG Turbo Double Cab,2013,197500,280000.000000,-93971.929499,373971.929499,373971.929499,133.561403,<500k,Mitsubishi,False,TRITON,False,__OTHER__,True,True
18696917,Nissan,JUKE,V,2011,152500,459000.000000,-93753.984206,552753.984206,552753.984206,120.425705,<500k,Nissan,False,JUKE,False,V,False,False
19336221,Nissan,ALMERA,V,2013,137500,149000.000000,-93714.261534,242714.261534,242714.261534,162.895478,<500k,Nissan,False,ALMERA,False,V,False,False
18631776,Toyota,Corolla Altis,G,2013,272500,158000.000000,-93623.624899,251623.624899,251623.624899,159.255459,<500k,Toyota,False,Corolla Altis,False,G,False,False
18844416,Honda,JAZZ,SV,2008,2500,159000.000000,-93304.403246,252304.403246,252304.403246,158.682015,<500k,Honda,False,JAZZ,False,SV,False,False
18786240,Honda,JAZZ,SV,2008,2500,185000.000000,-93304.403246,278304.403246,278304.403246,150.434813,<500k,Honda,False,JAZZ,False,SV,False,False
18844408,Honda,JAZZ,SV,2008,2500,155000.000000,-93304.403246,248304.403246,248304.403246,160.196389,<500k,Honda,False,JAZZ,False,SV,False,False
19286597,Honda,City,V,2012,257500,169000.000000,-93069.338952,262069.338952,262069.338952,155.070615,<500k,Honda,False,City,False,V,False,False
19278301,MG,GS,X Sunroof (Two-Tone),2018,193000,169000.000000,-92857.732584,261857.732584,261857.732584,154.945404,<500k,MG,False,__OTHER__,True,__OTHER__,True,True
19315108,Mitsubishi,ATTRAGE,GLS LTD,2014,177500,148000.000000,-92122.790713,240122.790713,240122.790713,162.245129,<500k,Mitsubishi,False,ATTRAGE,False,__OTHER__,True,True
19102579,Toyota,CAMRY,G,2008,2500,149000.000000,-91631.350403,240631.350403,240631.350403,161.497551,<500k,Toyota,False,CAMRY,False,G,False,False
19339908,Nissan,ALMERA,E,2012,187500,115000.000000,-91454.150068,206454.150068,206454.150068,179.525348,<500k,Nissan,False,ALMERA,False,E,False,False
18616687,Nissan,ALMERA,E,2012,187500,129000.000000,-91454.150068,220454.150068,220454.150068,170.894690,<500k,Nissan,False,ALMERA,False,E,False,False
19081141,Honda,CIVIC,S (AS),2009,202500,139000.000000,-91186.999013,230186.999013,230186.999013,165.602158,<500k,Honda,False,CIVIC,False,__OTHER__,True,True
18297968,Honda,City,S,2012,227500,239000.000000,-91121.110682,330121.110682,330121.110682,138.125988,<500k,Honda,False,City,False,S,False,False
19257661,Volvo,850,Turbo,1994,2500,159888.000000,-91085.743388,250973.743388,250973.743388,156.968468,<500k,Volvo,False,__OTHER__,True,__OTHER__,True,True
18821277,Mitsubishi,ATTRAGE,GLS,2014,181921,125000.000000,-90742.831065,215742.831065,215742.831065,172.594265,<500k,Mitsubishi,False,ATTRAGE,False,__OTHER__,True,True
18842745,Honda,JAZZ,S,2008,2500,155000.000000,-90707.812690,245707.812690,245707.812690,158.521169,<500k,Honda,False,JAZZ,False,S,False,False
18919376,Toyota,YARIS,J,2014,212500,195000.000000,-90619.265068,285619.265068,285619.265068,146.471418,<500k,Toyota,False,YARIS,False,__OTHER__,True,True
19120948,Chevrolet,SONIC,LTZ,2013,84872,90000.000000,-90603.786487,180603.786487,180603.786487,200.670874,<500k,Chevrolet,False,__OTHER__,True,__OTHER__,True,True
16616496,Toyota,ESTIMA,G,2001,282500,165000.000000,-90356.192945,255356.192945,255356.192945,154.761329,<500k,Toyota,False,__OTHER__,True,G,False,True
19341410,Isuzu,D-MAX,Cab-chassis Super Titanium Spark,2010,297500,119000.000000,-90209.690868,209209.690868,209209.690868,175.806463,<500k,Isuzu,False,D-MAX,False,__OTHER__,True,True
19262498,Toyota,CAMRY,G,2009,102500,210000.000000,-89694.535920,299694.535920,299694.535920,142.711684,<500k,Toyota,False,CAMRY,False,G,False,False
19021803,Honda,City,SV,2012,282500,227000.000000,-89521.970756,316521.970756,316521.970756,139.436992,<500k,Honda,False,City,False,SV,False,False
18812414,Isuzu,D-MAX,Hi-Lander Z Space Cab,2012,395486,289000.000000,-89149.301621,378149.301621,378149.301621,130.847509,<500k,Isuzu,False,D-MAX,False,__OTHER__,True,True
19135084,Mazda,2,Sports High Plus,2015,242500,204000.000000,-88968.089810,292968.089810,292968.089810,143.611809,<500k,Mazda,False,2,False,__OTHER__,True,True
19310582,Nissan,ALMERA,VL,2013,162500,110000.000000,-88943.265303,198943.265303,198943.265303,180.857514,<500k,Nissan,False,ALMERA,False,__OTHER__,True,True
19038439,Toyota,YARIS,E,2013,237500,209000.000000,-88864.611951,297864.611951,297864.611951,142.518953,<500k,Toyota,False,YARIS,False,E,False,False
18868945,Nissan,NP 300 Navara,Calibre EL King Cab,2014,292500,259000.000000,-88854.559628,347854.559628,347854.559628,134.306780,<500k,Nissan,False,NP 300 Navara,False,__OTHER__,True,True
19094094,Mitsubishi,TRITON,Mega Cab Plus VN TURBO,2012,217500,199000.000000,-88665.033668,287665.033668,287665.033668,144.555293,<500k,Mitsubishi,False,TRITON,False,__OTHER__,True,True
19184398,Chevrolet,CRUZE,LTZ,2011,157500,119000.000000,-88634.642264,207634.642264,207634.642264,174.482893,<500k,Chevrolet,False,__OTHER__,True,__OTHER__,True,True
19268918,Toyota,Corolla Altis,G,2010,237500,194000.000000,-88612.514168,282612.514168,282612.514168,145.676554,<500k,Toyota,False,Corolla Altis,False,G,False,False
19307005,Toyota,Corolla Altis,G,2009,152500,209000.000000,-88435.439457,297435.439457,297435.439457,142.313607,<500k,Toyota,False,Corolla Altis,False,G,False,False
19102118,Toyota,INNOVA,G,2012,162500,259000.000000,-87453.667869,346453.667869,346453.667869,133.765895,<500k,Toyota,False,INNOVA,False,G,False,False
19230892,Honda,CIVIC,E,2008,217500,147000.000000,-87170.902929,234170.902929,234170.902929,159.299934,<500k,Honda,False,CIVIC,False,E,False,False
18397976,Toyota,WISH,S,2004,222500,159000.000000,-87152.819102,246152.819102,246152.819102,154.813094,<500k,Toyota,False,__OTHER__,True,S,False,True
19151052,Honda,JAZZ,V,2011,192500,220000.000000,-86866.341832,306866.341832,306866.341832,139.484701,<500k,Honda,False,JAZZ,False,V,False,False
19319928,Toyota,VIOS,E,2010,177500,108000.000000,-86733.508432,194733.508432,194733.508432,180.308804,<500k,Toyota,False,VIOS,False,E,False,False
19335985,Toyota,VIOS,J,2011,97500,165000.000000,-86372.103287,251372.103287,251372.103287,152.346729,<500k,Toyota,False,VIOS,False,__OTHER__,True,True
19035133,Mitsubishi,ATTRAGE,GLX,2013,182500,138000.000000,-85844.304220,223844.304220,223844.304220,162.206018,<500k,Mitsubishi,False,ATTRAGE,False,GLX,False,False
19035592,Mitsubishi,ATTRAGE,GLX,2013,182500,149000.000000,-85844.304220,234844.304220,234844.304220,157.613627,<500k,Mitsubishi,False,ATTRAGE,False,GLX,False,False
19169357,Mitsubishi,TRITON,GLS Plus Mega Cab,2013,297500,209000.000000,-85578.617955,294578.617955,294578.617955,140.946707,<500k,Mitsubishi,False,TRITON,False,__OTHER__,True,True
18354761,MG,GS,X Sunroof (Two-Tone),2017,77500,257000.000000,-84677.726752,341677.726752,341677.726752,132.948532,<500k,MG,False,__OTHER__,True,__OTHER__,True,True
19288778,Toyota,YARIS,G,2012,326036,159000.000000,-84519.418190,243519.418190,243519.418190,153.156867,<500k,Toyota,False,YARIS,False,G,False,False
19198678,Mazda,2,Sports Spirit,2012,67500,159000.000000,-84472.520533,243472.520533,243472.520533,153.127371,<500k,Mazda,False,2,False,__OTHER__,True,True
19281040,Suzuki,SWIFT,GLX,2013,152500,147000.000000,-84456.417618,231456.417618,231456.417618,157.453345,<500k,Suzuki,False,SWIFT,False,GLX,False,False
19225368,Toyota,VIOS,TRD Sportivo,2012,197500,168000.000000,-84435.288804,252435.288804,252435.288804,150.259100,<500k,Toyota,False,VIOS,False,__OTHER__,True,True
19141852,Mazda,2,Elegance Spirit,2012,97500,189000.000000,-84243.596489,273243.596489,273243.596489,144.573331,<500k,Mazda,False,2,False,__OTHER__,True,True
18963517,Suzuki,Ciaz,GL,2015,220117,179000.000000,-83931.036678,262931.036678,262931.036678,146.888847,<500k,Suzuki,False,Ciaz,False,__OTHER__,True,True
19110555,Suzuki,SWIFT,GLX,2013,150509,179000.000000,-83156.895731,262156.895731,262156.895731,146.456366,<500k,Suzuki,False,SWIFT,False,GLX,False,False
18867133,Mazda,3,Spirit,2012,2500,169000.000000,-82907.158116,251907.158116,251907.158116,149.057490,<500k,Mazda,False,3,False,__OTHER__,True,True
19021079,Toyota,CAMRY,G,2012,400000,259000.000000,-82252.347258,341252.347258,341252.347258,131.757663,<500k,Toyota,False,CAMRY,False,G,False,False
19303342,Chevrolet,SONIC,LTZ,2013,82500,99000.000000,-82110.898608,181110.898608,181110.898608,182.940302,<500k,Chevrolet,False,__OTHER__,True,__OTHER__,True,True
19221738,Suzuki,CELERIO,GL,2018,178614,179000.000000,-81999.713159,260999.713159,260999.713159,145.809896,<500k,Suzuki,False,CELERIO,False,__OTHER__,True,True
19329015,Mercedes-Benz,E200,Elegance,2004,162500,189000.000000,-81904.053291,270904.053291,270904.053291,143.335478,<500k,Mercedes-Benz,False,E200,False,__OTHER__,True,True
19133331,Honda,JAZZ,SV,2010,207500,159000.000000,-81484.038801,240484.038801,240484.038801,151.247823,<500k,Honda,False,JAZZ,False,SV,False,False
19337647,Nissan,TEANA,230 JM,2006,27500,69000.000000,-81462.284730,150462.284730,150462.284730,218.061282,<500k,Nissan,False,TEANA,False,__OTHER__,True,True
19270576,Toyota,WISH,Q,2004,142558,150000.000000,-80832.547552,230832.547552,230832.547552,153.888365,<500k,Toyota,False,__OTHER__,True,__OTHER__,True,True
19091314,Neta,Neta V,,2023,192500,249000.000000,-80672.104658,329672.104658,329672.104658,132.398436,<500k,Neta,False,__OTHER__,True,__MISSING__,False,True
19337147,Toyota,CAMRY,G,2008,267500,109000.000000,-80115.661658,189115.661658,189115.661658,173.500607,<500k,Toyota,False,CAMRY,False,G,False,False
19180027,Mazda,2,Elegance Spirit,2012,97500,69000.000000,-79978.058608,148978.058608,148978.058608,215.910230,<500k,Mazda,False,2,False,__OTHER__,True,True
19126547,Mazda,2,Sports Spirit,2013,152500,148000.000000,-79689.922799,227689.922799,227689.922799,153.844542,<500k,Mazda,False,2,False,__OTHER__,True,True
19311272,Kia,CARNIVAL,CEO II,2005,197500,98000.000000,-78566.394692,176566.394692,176566.394692,180.169791,<500k,Kia,False,__OTHER__,True,__OTHER__,True,True
18816001,Nissan,ALMERA,ES,2012,2500,159000.000000,-78555.843079,237555.843079,237555.843079,149.406191,<500k,Nissan,False,ALMERA,False,__OTHER__,True,True
16786925,Ford,RANGER,XLS Open Cab,2011,297500,129000.000000,-78520.415812,207520.415812,207520.415812,160.868539,<500k,Ford,False,RANGER,False,__OTHER__,True,True
19101186,Toyota,VIOS,E,2011,227500,139000.000000,-78305.303525,217305.303525,217305.303525,156.334751,<500k,Toyota,False,VIOS,False,E,False,False
15349787,Toyota,YARIS,E,2018,746754,358000.000000,-78275.919591,436275.919591,436275.919591,121.864782,<500k,Toyota,False,YARIS,False,E,False,False
18721420,Mazda,2,Sports Groove,2013,143741,158000.000000,-78238.478155,236238.478155,236238.478155,149.518024,<500k,Mazda,False,2,False,__OTHER__,True,True
18919042,Subaru,XV,,2012,142500,239000.000000,-78236.883195,317236.883195,317236.883195,132.735098,<500k,Subaru,False,XV,False,__MISSING__,False,False
18425430,Honda,City,V,2012,172500,199000.000000,-77684.126888,276684.126888,276684.126888,139.037250,<500k,Honda,False,City,False,V,False,False
17675027,Suzuki,SWIFT,GA,2012,152500,169000.000000,-77675.819898,246675.819898,246675.819898,145.962024,<500k,Suzuki,False,SWIFT,False,__OTHER__,True,True
19216141,Mazda,BT-50 PRO,Hi-Racer Double Cab,2012,207500,249000.000000,-77437.763934,326437.763934,326437.763934,131.099504,<500k,Mazda,False,BT-50 PRO,False,__OTHER__,True,True
19333353,Suzuki,SWIFT,GLX,2014,182500,169000.000000,-76924.862344,245924.862344,245924.862344,145.517670,<500k,Suzuki,False,SWIFT,False,GLX,False,False
12651303,Suzuki,ERTIGA,GX,2013,87500,225000.000000,-76893.624364,301893.624364,301893.624364,134.174944,<500k,Suzuki,False,__OTHER__,True,__OTHER__,True,True
19334568,Toyota,YARIS,E,2013,212500,219000.000000,-76812.697711,295812.697711,295812.697711,135.074291,<500k,Toyota,False,YARIS,False,E,False,False
19335363,Honda,ACCORD,EL,2010,242500,139000.000000,-76595.664921,215595.664921,215595.664921,155.104795,<500k,Honda,False,ACCORD,False,EL,False,False
19331787,Nissan,ALMERA,E,2013,267500,119000.000000,-76463.373888,195463.373888,195463.373888,164.254936,<500k,Nissan,False,ALMERA,False,E,False,False
18878011,Mitsubishi,TRITON,GLS Plus Double Cab,2013,187500,259000.000000,-76234.722748,335234.722748,335234.722748,129.434256,<500k,Mitsubishi,False,TRITON,False,__OTHER__,True,True
14317858,Nissan,CEFIRO,20G,1997,2500,55000.000000,-75586.885109,130586.885109,130586.885109,237.430700,<500k,Nissan,False,__OTHER__,True,__OTHER__,True,True
18996438,Toyota,VIOS,G,2011,197500,128000.000000,-75558.133759,203558.133759,203558.133759,159.029792,<500k,Toyota,False,VIOS,False,G,False,False
18989270,Toyota,WISH,Q,2004,202500,149000.000000,-75471.819926,224471.819926,224471.819926,150.652228,<500k,Toyota,False,__OTHER__,True,__OTHER__,True,True
19254782,Mazda,3,Maxx Sports,2012,207500,168000.000000,-75154.037240,243154.037240,243154.037240,144.734546,<500k,Mazda,False,3,False,__OTHER__,True,True
19320274,Suzuki,SWIFT,GLX,2014,162500,179000.000000,-75081.126550,254081.126550,254081.126550,141.944763,<500k,Suzuki,False,SWIFT,False,GLX,False,False
19089369,Isuzu,D-MAX,Hi-Lander Super Titanium Cab-4 (DVD),2011,282500,209000.000000,-74971.356188,283971.356188,283971.356188,135.871462,<500k,Isuzu,False,D-MAX,False,__OTHER__,True,True
19264246,MG,MG3,D,2017,187500,124000.000000,-74719.901063,198719.901063,198719.901063,160.257985,<500k,MG,False,MG3,False,__OTHER__,True,True
19113264,Toyota,VIOS,TRD Sportivo,2012,182500,159000.000000,-74644.817531,233644.817531,233644.817531,146.946426,<500k,Toyota,False,VIOS,False,__OTHER__,True,True
18756666,Toyota,YARIS,Ace,2011,89550,199000.000000,-74149.994441,273149.994441,273149.994441,137.261304,<500k,Toyota,False,YARIS,False,__OTHER__,True,True
10649299,Toyota,YARIS,Ace,2011,89550,199000.000000,-74149.994441,273149.994441,273149.994441,137.261304,<500k,Toyota,False,YARIS,False,__OTHER__,True,True
19320291,Nissan,MARCH,E,2014,162500,149000.000000,-73917.314331,222917.314331,222917.314331,149.608936,<500k,Nissan,False,MARCH,False,E,False,False
18504532,Mercedes-Benz,230E,,1991,42500,98000.000000,-73892.876797,171892.876797,171892.876797,175.400895,<500k,Mercedes-Benz,False,__OTHER__,True,__MISSING__,False,True
19324098,Honda,CIVIC,E,2009,282500,158000.000000,-73599.881379,231599.881379,231599.881379,146.582203,<500k,Honda,False,CIVIC,False,E,False,False
18829378,Honda,City,S,2013,292500,199000.000000,-73284.551250,272284.551250,272284.551250,136.826408,<500k,Honda,False,City,False,S,False,False
19180960,Honda,ACCORD,EL,2007,247500,139000.000000,-73138.104241,212138.104241,212138.104241,152.617341,<500k,Honda,False,ACCORD,False,EL,False,False
18284079,Honda,JAZZ,SV,2010,177500,185000.000000,-73113.322159,258113.322159,258113.322159,139.520715,<500k,Honda,False,JAZZ,False,SV,False,False
12862903,Toyota,CAMRY,G,2007,152500,288000.000000,-72956.139433,360956.139433,360956.139433,125.331993,<500k,Toyota,False,CAMRY,False,G,False,False
19025209,Nissan,ALMERA,VL,2014,182500,165000.000000,-72838.478318,237838.478318,237838.478318,144.144532,<500k,Nissan,False,ALMERA,False,__OTHER__,True,True
19221624,Honda,JAZZ,V,2011,177500,189000.000000,-72810.332678,261810.332678,261810.332678,138.523986,<500k,Honda,False,JAZZ,False,V,False,False
19187994,Honda,ACCORD,E,2008,297500,169000.000000,-72538.222986,241538.222986,241538.222986,142.922025,<500k,Honda,False,ACCORD,False,E,False,False
19332202,Mazda,BT-50 PRO,Hi-Racer Double Cab,2012,192500,208000.000000,-71912.830543,279912.830543,279912.830543,134.573476,<500k,Mazda,False,BT-50 PRO,False,__OTHER__,True,True
18755023,Toyota,VIOS,E,2009,1,89800.000000,-71869.210442,161669.210442,161669.210442,180.032528,<500k,Toyota,False,VIOS,False,E,False,False
19110753,Suzuki,SWIFT,GLX,2014,235225,209000.000000,-71244.243719,280244.243719,280244.243719,134.088155,<500k,Suzuki,False,SWIFT,False,GLX,False,False
18842480,Mitsubishi,ATTRAGE,GLS,2014,162500,139000.000000,-71122.093537,210122.093537,210122.093537,151.166974,<500k,Mitsubishi,False,ATTRAGE,False,__OTHER__,True,True
19292022,Chevrolet,CAPTIVA,LTZ,2010,152500,119000.000000,-70934.900610,189934.900610,189934.900610,159.609160,<500k,Chevrolet,False,CAPTIVA,False,__OTHER__,True,True
18935839,Toyota,YARIS,E,2012,162500,185000.000000,-70894.573306,255894.573306,255894.573306,138.321391,<500k,Toyota,False,YARIS,False,E,False,False
19323352,Honda,ACCORD,EL,2007,243999,129000.000000,-70853.008246,199853.008246,199853.008246,154.924813,<500k,Honda,False,ACCORD,False,EL,False,False
18913191,Mitsubishi,TRITON,GLS Plus Double Cab,2015,314000,299000.000000,-70334.421211,369334.421211,369334.421211,123.523218,<500k,Mitsubishi,False,TRITON,False,__OTHER__,True,True
19037785,Nissan,ALMERA,EL,2014,72500,158000.000000,-69843.207856,227843.207856,227843.207856,144.204562,<500k,Nissan,False,ALMERA,False,EL,False,False
19147399,Mini,COOPER,GP,2007,112500,385000.000000,-69633.212740,454633.212740,454633.212740,118.086549,<500k,Mini,False,COOPER,False,__OTHER__,True,True
18785724,Toyota,Corolla Altis,E,2012,157500,159000.000000,-69630.329894,228630.329894,228630.329894,143.792660,<500k,Toyota,False,Corolla Altis,False,E,False,False
19327603,Mazda,2,Elegance Groove,2013,177500,109000.000000,-69252.820309,178252.820309,178252.820309,163.534698,<500k,Mazda,False,2,False,__OTHER__,True,True
19262159,Toyota,VIOS,E,2012,297500,1.000000,-68691.906964,68692.906964,68692.906964,6869290.696372,<500k,Toyota,False,VIOS,False,E,False,False
18815521,Toyota,HIACE,D4D,2011,297500,475000.000000,-68207.793857,543207.793857,543207.793857,114.359536,<500k,Toyota,False,HIACE,False,__OTHER__,True,True
18093431,Toyota,HIACE,D4D,2011,297500,339000.000000,-68207.793857,407207.793857,407207.793857,120.120293,<500k,Toyota,False,HIACE,False,__OTHER__,True,True
19064526,Toyota,VIOS,J,2012,172500,94000.000000,-68117.836682,162117.836682,162117.836682,172.465784,<500k,Toyota,False,VIOS,False,__OTHER__,True,True
18981080,Nissan,NP 300 Navara,Calibre V Double Cab,2014,277500,289000.000000,-67853.862452,356853.862452,356853.862452,123.478845,<500k,Nissan,False,NP 300 Navara,False,__OTHER__,True,True
18622391,Nissan,ALMERA,E,2012,92500,108000.000000,-67495.706293,175495.706293,175495.706293,162.496024,<500k,Nissan,False,ALMERA,False,E,False,False
9377210,BMW,318i,,1987,2500,1.000000,-67455.295098,67456.295098,67456.295098,6745629.509751,<500k,BMW,False,__OTHER__,True,__MISSING__,False,True
19338181,Honda,JAZZ,V,2011,162500,210000.000000,-67285.399286,277285.399286,277285.399286,132.040666,<500k,Honda,False,JAZZ,False,V,False,False
19301504,Suzuki,SWIFT,GA,2016,262500,199000.000000,-67210.525199,266210.525199,266210.525199,133.774133,<500k,Suzuki,False,SWIFT,False,__OTHER__,True,True
19080057,Honda,JAZZ,S,2011,202500,189000.000000,-66666.373926,255666.373926,255666.373926,135.273214,<500k,Honda,False,JAZZ,False,S,False,False
18980562,Ford,RANGER,XLT Double Cab Hi-Rider,2012,160300,299000.000000,-66548.213624,365548.213624,365548.213624,122.256928,<500k,Ford,False,RANGER,False,__OTHER__,True,True
19239378,Toyota,YARIS,RS,2012,142500,199000.000000,-66540.092734,265540.092734,265540.092734,133.437233,<500k,Toyota,False,YARIS,False,RS,False,False
19119477,Toyota,YARIS,RS,2012,142500,199000.000000,-66540.092734,265540.092734,265540.092734,133.437233,<500k,Toyota,False,YARIS,False,RS,False,False
17674974,Suzuki,Ciaz,GL,2015,192500,169000.000000,-65905.473669,234905.473669,234905.473669,138.997322,<500k,Suzuki,False,Ciaz,False,__OTHER__,True,True
19233600,Toyota,VIOS,E,2009,2500,139000.000000,-65861.480370,204861.480370,204861.480370,147.382360,<500k,Toyota,False,VIOS,False,E,False,False
18731995,Mitsubishi,ATTRAGE,GLS LTD,2013,112500,149000.000000,-65599.687114,214599.687114,214599.687114,144.026636,<500k,Mitsubishi,False,ATTRAGE,False,__OTHER__,True,True
19213447,Mitsubishi,ATTRAGE,GLS LTD,2013,112500,146000.000000,-65599.687114,211599.687114,211599.687114,144.931293,<500k,Mitsubishi,False,ATTRAGE,False,__OTHER__,True,True
18755136,Mitsubishi,ATTRAGE,GLS LTD,2013,112500,135000.000000,-65599.687114,200599.687114,200599.687114,148.592361,<500k,Mitsubishi,False,ATTRAGE,False,__OTHER__,True,True
19336035,Toyota,CAMRY,G Extremo,2012,257500,219000.000000,-65326.648179,284326.648179,284326.648179,129.829520,<500k,Toyota,False,CAMRY,False,__OTHER__,True,True
18461090,Nissan,ALMERA,ES,2014,177500,127000.000000,-65309.450013,192309.450013,192309.450013,151.424764,<500k,Nissan,False,ALMERA,False,__OTHER__,True,True
18761426,Honda,City,V,2012,152500,189000.000000,-64630.165191,253630.165191,253630.165191,134.195855,<500k,Honda,False,City,False,V,False,False
18797154,Suzuki,CARRY,,2015,37500,179000.000000,-64547.175073,243547.175073,243547.175073,136.059874,<500k,Suzuki,False,CARRY,False,__MISSING__,False,False
19270650,Toyota,VIOS,J,2013,269781,185000.000000,-64406.336106,249406.336106,249406.336106,134.814236,<500k,Toyota,False,VIOS,False,__OTHER__,True,True
19161784,Mazda,2,Sports Standard,2015,187500,219000.000000,-64279.921046,283279.921046,283279.921046,129.351562,<500k,Mazda,False,2,False,__OTHER__,True,True
18783563,Toyota,WISH,S,2004,175464,139000.000000,-64091.334568,203091.334568,203091.334568,146.108874,<500k,Toyota,False,__OTHER__,True,S,False,True
19079164,Honda,ACCORD,EL,2009,450000,129000.000000,-63951.532465,192951.532465,192951.532465,149.574831,<500k,Honda,False,ACCORD,False,EL,False,False
18988119,Nissan,TEANA,200 XL,2010,207500,158000.000000,-63695.820249,221695.820249,221695.820249,140.313810,<500k,Nissan,False,TEANA,False,__OTHER__,True,True
18858238,MG,MG3,C,2017,162500,139000.000000,-62667.986823,201667.986823,201667.986823,145.084883,<500k,MG,False,MG3,False,__OTHER__,True,True
19254051,Toyota,CAMRY,G Extremo,2011,167500,229000.000000,-61886.083043,290886.083043,290886.083043,127.024490,<500k,Toyota,False,CAMRY,False,__OTHER__,True,True
18847259,Toyota,WISH,Q,2005,272500,188000.000000,-61592.885483,249592.885483,249592.885483,132.762173,<500k,Toyota,False,__OTHER__,True,__OTHER__,True,True
18975165,Honda,JAZZ,V,2012,272500,224000.000000,-60665.339749,284665.339749,284665.339749,127.082741,<500k,Honda,False,JAZZ,False,V,False,False
19031606,Toyota,VIOS,G,2011,157500,168000.000000,-60660.436268,228660.436268,228660.436268,136.107403,<500k,Toyota,False,VIOS,False,G,False,False
19234986,Nissan,TEANA,200 XL,2010,202500,199000.000000,-60432.329824,259432.329824,259432.329824,130.368005,<500k,Nissan,False,TEANA,False,__OTHER__,True,True
19074912,Toyota,AVANZA,E Exclusive,2011,197500,215000.000000,-60103.244364,275103.244364,275103.244364,127.954997,<500k,Toyota,False,AVANZA,False,__OTHER__,True,True
18748933,Honda,JAZZ,SV,2010,157500,230000.000000,-60059.360462,290059.360462,290059.360462,126.112765,<500k,Honda,False,JAZZ,False,SV,False,False
19304581,Nissan,ALMERA,VL,2014,162500,199000.000000,-59784.516621,258784.516621,258784.516621,130.042471,<500k,Nissan,False,ALMERA,False,__OTHER__,True,True
19304485,Nissan,ALMERA,VL,2014,162500,159000.000000,-59784.516621,218784.516621,218784.516621,137.600325,<500k,Nissan,False,ALMERA,False,__OTHER__,True,True
18694637,Nissan,ALMERA,VL,2014,162500,165000.000000,-59784.516621,224784.516621,224784.516621,136.233040,<500k,Nissan,False,ALMERA,False,__OTHER__,True,True
19301582,Nissan,ALMERA,VL,2014,162500,145000.000000,-59784.516621,204784.516621,204784.516621,141.230701,<500k,Nissan,False,ALMERA,False,__OTHER__,True,True
13219835,Mini,COOPER,3-Door,2005,108569,350000.000000,-59759.503469,409759.503469,409759.503469,117.074144,<500k,Mini,False,COOPER,False,__OTHER__,True,True
19017975,Nissan,ALMERA,V,2012,2500,100000.000000,-59550.166282,159550.166282,159550.166282,159.550166,<500k,Nissan,False,ALMERA,False,V,False,False
18806672,Mercedes-Benz,220TE,,1995,182500,699000.000000,-59495.999757,758495.999757,758495.999757,108.511588,500k-1M,Mercedes-Benz,False,__OTHER__,True,__MISSING__,False,True
19319898,Toyota,Corolla Altis,E CNG,2013,416835,110000.000000,-59287.271889,169287.271889,169287.271889,153.897520,<500k,Toyota,False,Corolla Altis,False,__OTHER__,True,True
17665152,Toyota,FORTUNER,G,2005,490000,235000.000000,-58928.526326,293928.526326,293928.526326,125.075969,<500k,Toyota,False,FORTUNER,False,G,False,False
19333608,Honda,JAZZ,S,2008,167500,149000.000000,-58877.402020,207877.402020,207877.402020,139.515035,<500k,Honda,False,JAZZ,False,S,False,False
19328494,Honda,JAZZ,V,2008,132500,188000.000000,-58494.379924,246494.379924,246494.379924,131.114032,<500k,Honda,False,JAZZ,False,V,False,False
18869998,Toyota,YARIS,E,2013,201561,239000.000000,-58462.607458,297462.607458,297462.607458,124.461342,<500k,Toyota,False,YARIS,False,E,False,False
19229838,Toyota,HIACE,D4D,2011,282500,419000.000000,-58417.322584,477417.322584,477417.322584,113.942082,<500k,Toyota,False,HIACE,False,__OTHER__,True,True
18811730,Mazda,2,Elegance Spirit,2012,57500,169000.000000,-58135.673095,227135.673095,227135.673095,134.399807,<500k,Mazda,False,2,False,__OTHER__,True,True
18535745,Mercedes-Benz,E220,,1994,202500,139000.000000,-57669.078889,196669.078889,196669.078889,141.488546,<500k,Mercedes-Benz,False,E220,False,__MISSING__,False,False
19276224,Mitsubishi,PAJERO SPORT,GLS,2009,321000,244000.000000,-57489.382661,301489.382661,301489.382661,123.561222,<500k,Mitsubishi,False,PAJERO SPORT,False,__OTHER__,True,True
19198049,Toyota,FORTUNER,V,2005,356000,289000.000000,-57428.983417,346428.983417,346428.983417,119.871621,<500k,Toyota,False,FORTUNER,False,V,False,False
19214239,Ford,FIESTA,Sport,2013,137500,129000.000000,-57409.872416,186409.872416,186409.872416,144.503777,<500k,Ford,False,__OTHER__,True,Sport,False,True
19252337,Subaru,XV,,2013,220000,200000.000000,-57348.823921,257348.823921,257348.823921,128.674412,<500k,Subaru,False,XV,False,__MISSING__,False,False
18756635,Honda,JAZZ,SV,2010,152692,200000.000000,-56921.188070,256921.188070,256921.188070,128.460594,<500k,Honda,False,JAZZ,False,SV,False,False
19104835,MG,MG3,D,2018,107500,155000.000000,-56913.036057,211913.036057,211913.036057,136.718088,<500k,MG,False,MG3,False,__OTHER__,True,True
16809860,MG,MG5,X,2018,292500,209000.000000,-56874.908750,265874.908750,265874.908750,127.212875,<500k,MG,False,MG5,False,X,False,False
18785708,Mazda,2,Sports Groove,2013,117500,129000.000000,-56845.489829,185845.489829,185845.489829,144.066271,<500k,Mazda,False,2,False,__OTHER__,True,True
18823408,Suzuki,SWIFT,GL,2014,112500,179000.000000,-56680.245238,235680.245238,235680.245238,131.664941,<500k,Suzuki,False,SWIFT,False,__OTHER__,True,True
18965331,Suzuki,SWIFT,GL,2014,112500,159000.000000,-56680.245238,215680.245238,215680.245238,135.647953,<500k,Suzuki,False,SWIFT,False,__OTHER__,True,True
19210879,Nissan,SUNNY,GL,2003,257500,49000.000000,-56354.042008,105354.042008,105354.042008,215.008249,<500k,Nissan,False,__OTHER__,True,__OTHER__,True,True
19049790,Toyota,HIACE,D4D,2011,297500,300000.000000,-56303.433390,356303.433390,356303.433390,118.767811,<500k,Toyota,False,HIACE,False,__OTHER__,True,True
19218476,Mitsubishi,MIRAGE,GL,2016,149703,149000.000000,-56114.191255,205114.191255,205114.191255,137.660531,<500k,Mitsubishi,False,MIRAGE,False,__OTHER__,True,True
19029965,Honda,CIVIC,E Wise Edition,2009,131571,135000.000000,-56102.002456,191102.002456,191102.002456,141.557039,<500k,Honda,False,CIVIC,False,__OTHER__,True,True
19065368,Toyota,HILUX REVO,J Single Cab,2016,450000,249000.000000,-55616.072756,304616.072756,304616.072756,122.335772,<500k,Toyota,False,HILUX REVO,False,__OTHER__,True,True
19154694,Mazda,BT-50 PRO,Hi-Racer Freestyle Cab,2012,297500,179000.000000,-55572.783520,234572.783520,234572.783520,131.046248,<500k,Mazda,False,BT-50 PRO,False,__OTHER__,True,True
19327174,Toyota,VIOS,E,2011,192500,175000.000000,-55460.870555,230460.870555,230460.870555,131.691926,<500k,Toyota,False,VIOS,False,E,False,False
16316069,Mazda,CX-3,XDL,2017,122500,539000.000000,-55318.744581,594318.744581,594318.744581,110.263218,500k-1M,Mazda,False,CX-3,False,__OTHER__,True,True
19217313,Toyota,Corolla Altis,E,2011,172500,169000.000000,-54734.150802,223734.150802,223734.150802,132.387071,<500k,Toyota,False,Corolla Altis,False,E,False,False
18836293,Suzuki,Ciaz,GL,2015,192500,168000.000000,-54695.247766,222695.247766,222695.247766,132.556695,<500k,Suzuki,False,Ciaz,False,__OTHER__,True,True
19129573,Mercedes-Benz,CLA250,AMG Dynamic,2018,157500,618000.000000,-54622.577789,672622.577789,672622.577789,108.838605,500k-1M,Mercedes-Benz,False,CLA250,False,AMG Dynamic,False,False
18879422,Chevrolet,CAPTIVA,LTZ,2011,247500,145000.000000,-54524.369799,199524.369799,199524.369799,137.603014,<500k,Chevrolet,False,CAPTIVA,False,__OTHER__,True,True
19076422,Toyota,VIOS,E,2012,292500,120000.000000,-54218.190636,174218.190636,174218.190636,145.181826,<500k,Toyota,False,VIOS,False,E,False,False
19093024,Mitsubishi,Strada,GLX Super,2004,17500,108000.000000,-54084.712978,162084.712978,162084.712978,150.078438,<500k,Mitsubishi,False,__OTHER__,True,__OTHER__,True,True
18567522,Toyota,YARIS,E,2013,177500,229000.000000,-53968.264742,282968.264742,282968.264742,123.566928,<500k,Toyota,False,YARIS,False,E,False,False
19332900,Isuzu,MU-7,,2005,366416,175000.000000,-53848.767189,228848.767189,228848.767189,130.770724,<500k,Isuzu,False,__OTHER__,True,__MISSING__,False,True
18997778,Toyota,YARIS,E,2011,182500,178000.000000,-53805.091103,231805.091103,231805.091103,130.227579,<500k,Toyota,False,YARIS,False,E,False,False
19318326,Suzuki,SWIFT,GA,2016,252500,259000.000000,-53738.856329,312738.856329,312738.856329,120.748593,<500k,Suzuki,False,SWIFT,False,__OTHER__,True,True
19288440,Mitsubishi,TRITON,GLS Plus Double Cab,2015,277500,299000.000000,-53455.629136,352455.629136,352455.629136,117.878137,<500k,Mitsubishi,False,TRITON,False,__OTHER__,True,True
18448424,Honda,CIVIC,S,2010,232500,169000.000000,-53398.581972,222398.581972,222398.581972,131.596794,<500k,Honda,False,CIVIC,False,S,False,False
19125017,Honda,City,S,2012,152500,225000.000000,-53378.980221,278378.980221,278378.980221,123.723991,<500k,Honda,False,City,False,S,False,False
19156552,Mazda,2,Sports Spirit,2012,2500,169000.000000,-53257.370921,222257.370921,222257.370921,131.513237,<500k,Mazda,False,2,False,__OTHER__,True,True
18861541,Neta,Neta V,,2023,132500,239000.000000,-52720.445470,291720.445470,291720.445470,122.058764,<500k,Neta,False,__OTHER__,True,__MISSING__,False,True
19036799,Nissan,ALMERA,VL,2013,48000,169000.000000,-52257.208874,221257.208874,221257.208874,130.921425,<500k,Nissan,False,ALMERA,False,__OTHER__,True,True
8332238,Suzuki,SWIFT,GLX,2013,102500,190000.000000,-51821.513375,241821.513375,241821.513375,127.274481,<500k,Suzuki,False,SWIFT,False,GLX,False,False
19237932,Toyota,VIOS,J,2013,267500,189000.000000,-51707.305872,240707.305872,240707.305872,127.358363,<500k,Toyota,False,VIOS,False,__OTHER__,True,True
18969064,Nissan,NP 300 Navara,Calibre E Double Cab,2014,252500,299000.000000,-51536.410331,350536.410331,350536.410331,117.236258,<500k,Nissan,False,NP 300 Navara,False,__OTHER__,True,True
19336223,Toyota,Corolla Altis,E,2011,167500,169000.000000,-51470.660378,220470.660378,220470.660378,130.456012,<500k,Toyota,False,Corolla Altis,False,E,False,False
18898238,Mazda,2,Sports High Connect,2015,167500,279000.000000,-51225.959349,330225.959349,330225.959349,118.360559,<500k,Mazda,False,2,False,__OTHER__,True,True
18797135,Toyota,Corolla Altis,G,2013,207500,219000.000000,-51198.249384,270198.249384,270198.249384,123.378196,<500k,Toyota,False,Corolla Altis,False,G,False,False
19223332,Isuzu,D-MAX,S Space Cab,2016,320131,319000.000000,-51084.103445,370084.103445,370084.103445,116.013826,<500k,Isuzu,False,D-MAX,False,__OTHER__,True,True
18677296,Honda,JAZZ,V,2011,137500,169000.000000,-50967.947165,219967.947165,219967.947165,130.158549,<500k,Honda,False,JAZZ,False,V,False,False
18516062,Toyota,Corolla Altis,G,2013,212500,140000.000000,-50196.201927,190196.201927,190196.201927,135.854430,<500k,Toyota,False,Corolla Altis,False,G,False,False
19202375,Honda,City,S,2012,147500,199000.000000,-50115.489797,249115.489797,249115.489797,125.183663,<500k,Honda,False,City,False,S,False,False
18676892,Honda,City,S,2012,147500,205000.000000,-50115.489797,255115.489797,255115.489797,124.446580,<500k,Honda,False,City,False,S,False,False
18756623,Toyota,YARIS,G,2013,152878,259000.000000,-49771.632830,308771.632830,308771.632830,119.216847,<500k,Toyota,False,YARIS,False,G,False,False
13551749,Proton,NEO,Medium Line,2008,102500,90000.000000,-49701.581505,139701.581505,139701.581505,155.223979,<500k,Proton,False,__OTHER__,True,__OTHER__,True,True
19284617,Mitsubishi,MIRAGE,GLS LTD,2016,132500,219000.000000,-49151.363982,268151.363982,268151.363982,122.443545,<500k,Mitsubishi,False,MIRAGE,False,__OTHER__,True,True
17979225,Toyota,VIOS,J,2013,252500,189000.000000,-48861.522621,237861.522621,237861.522621,125.852657,<500k,Toyota,False,VIOS,False,__OTHER__,True,True
19254099,Toyota,YARIS,E,2012,277500,177000.000000,-48604.786195,225604.786195,225604.786195,127.460331,<500k,Toyota,False,YARIS,False,E,False,False
19115562,Toyota,HILUX REVO,J Plus Smart Cab (SWB),2015,336063,319000.000000,-48456.234031,367456.234031,367456.234031,115.190042,<500k,Toyota,False,HILUX REVO,False,__OTHER__,True,True
12650483,Mitsubishi,TRITON,GLS Plus Double Cab,2013,127500,265000.000000,-48283.063560,313283.063560,313283.063560,118.220024,<500k,Mitsubishi,False,TRITON,False,__OTHER__,True,True
18308820,Nissan,ALMERA,E,2013,172500,98000.000000,-48239.392232,146239.392232,146239.392232,149.223870,<500k,Nissan,False,ALMERA,False,E,False,False
18842721,Honda,JAZZ,S,2011,167500,179000.000000,-48087.478837,227087.478837,227087.478837,126.864513,<500k,Honda,False,JAZZ,False,S,False,False
9356568,Honda,CIVIC,S,2010,242500,179000.000000,-48021.202353,227021.202353,227021.202353,126.827487,<500k,Honda,False,CIVIC,False,S,False,False
18805375,Toyota,INNOVA,G Option,2012,2500,218000.000000,-47895.526402,265895.526402,265895.526402,121.970425,<500k,Toyota,False,INNOVA,False,__OTHER__,True,True
18115108,Toyota,Corolla Altis,TRD Sportivo,2011,37500,247000.000000,-47633.099672,294633.099672,294633.099672,119.284656,<500k,Toyota,False,Corolla Altis,False,__OTHER__,True,True
10171555,Honda,CR-V,E,2008,132500,187000.000000,-47350.554025,234350.554025,234350.554025,125.321152,<500k,Honda,False,CR-V,False,E,False,False
19151651,MG,MG3,V (2-Tone),2018,92500,179000.000000,-47122.564784,226122.564784,226122.564784,126.325455,<500k,MG,False,MG3,False,__OTHER__,True,True
19035586,Toyota,Corolla Altis,G,2011,142500,169000.000000,-47027.308591,216027.308591,216027.308591,127.826810,<500k,Toyota,False,Corolla Altis,False,G,False,False
18933824,Mitsubishi,TRITON,GLX Mega Cab,2012,152500,180000.000000,-46933.792717,226933.792717,226933.792717,126.074329,<500k,Mitsubishi,False,TRITON,False,__OTHER__,True,True
14267476,Toyota,VIOS,G,2011,142500,195000.000000,-46604.427114,241604.427114,241604.427114,123.899706,<500k,Toyota,False,VIOS,False,G,False,False
19129061,Mercedes-Benz,E220,,1995,2500,255000.000000,-46487.246792,301487.246792,301487.246792,118.230293,<500k,Mercedes-Benz,False,E220,False,__MISSING__,False,False
18857588,Nissan,TEANA,200 XL,2010,192500,139000.000000,-46266.526390,185266.526390,185266.526390,133.285271,<500k,Nissan,False,TEANA,False,__OTHER__,True,True
19141920,Honda,CR-V,S,2010,197500,250000.000000,-46213.137311,296213.137311,296213.137311,118.485255,<500k,Honda,False,CR-V,False,S,False,False
19044525,Toyota,YARIS,RS,2012,117500,189000.000000,-45957.102731,234957.102731,234957.102731,124.315927,<500k,Toyota,False,YARIS,False,RS,False,False
19121919,Toyota,Corolla Altis,G,2014,302015,249000.000000,-45681.385905,294681.385905,294681.385905,118.345938,<500k,Toyota,False,Corolla Altis,False,G,False,False
19035974,Toyota,VIOS,E Safety,2012,137500,179000.000000,-45273.403712,224273.403712,224273.403712,125.292404,<500k,Toyota,False,VIOS,False,__OTHER__,True,True
19296254,Mitsubishi,ATTRAGE,GLS LTD,2013,2500,1.000000,-45107.248832,45108.248832,45108.248832,4510824.883230,<500k,Mitsubishi,False,ATTRAGE,False,__OTHER__,True,True
14273427,Toyota,Corolla Altis,CNG,2011,182500,145000.000000,-45016.049993,190016.049993,190016.049993,131.045552,<500k,Toyota,False,Corolla Altis,False,__OTHER__,True,True
16914738,Nissan,ALMERA,VL,2015,242500,139000.000000,-44793.740441,183793.740441,183793.740441,132.225713,<500k,Nissan,False,ALMERA,False,__OTHER__,True,True
19012928,Toyota,Corolla Altis,G,2013,197500,209000.000000,-44671.268535,253671.268535,253671.268535,121.373813,<500k,Toyota,False,Corolla Altis,False,G,False,False
19270559,Honda,CIVIC,S (AS),2008,17500,138000.000000,-44589.164305,182589.164305,182589.164305,132.310989,<500k,Honda,False,CIVIC,False,__OTHER__,True,True
19220852,Nissan,ALMERA,VL Sportech,2014,145558,179000.000000,-44460.967786,223460.967786,223460.967786,124.838529,<500k,Nissan,False,ALMERA,False,__OTHER__,True,True
19290437,Nissan,MARCH,E,2013,32500,135000.000000,-44368.825802,179368.825802,179368.825802,132.865797,<500k,Nissan,False,MARCH,False,E,False,False
19053586,Chevrolet,CAPTIVA,LTZ,2011,172500,199000.000000,-44325.663010,243325.663010,243325.663010,122.274203,<500k,Chevrolet,False,CAPTIVA,False,__OTHER__,True,True
19323741,Toyota,HILUX VIGO,E Double Cab,2010,277500,319000.000000,-44320.538772,363320.538772,363320.538772,113.893586,<500k,Toyota,False,HILUX VIGO,False,__OTHER__,True,True
18589822,Toyota,Corolla Altis,TRD Sportivo,2013,237500,198000.000000,-43759.470706,241759.470706,241759.470706,122.100743,<500k,Toyota,False,Corolla Altis,False,__OTHER__,True,True
19209616,MG,MG3,X,2016,132500,154000.000000,-43630.973785,197630.973785,197630.973785,128.331801,<500k,MG,False,MG3,False,X,False,False
18717943,Toyota,Corolla Altis,CNG,2011,197500,128000.000000,-43596.295363,171596.295363,171596.295363,134.059606,<500k,Toyota,False,Corolla Altis,False,__OTHER__,True,True
19140683,Toyota,AVANZA,S,2011,192500,179000.000000,-43562.430951,222562.430951,222562.430951,124.336554,<500k,Toyota,False,AVANZA,False,S,False,False
19057642,Honda,ACCORD,EL,2010,202500,169000.000000,-43543.053506,212543.053506,212543.053506,125.765120,<500k,Honda,False,ACCORD,False,EL,False,False
18570782,Suzuki,Ciaz,GL,2016,267500,179000.000000,-43385.669183,222385.669183,222385.669183,124.237804,<500k,Suzuki,False,Ciaz,False,__OTHER__,True,True
19333728,Honda,City,V,2012,102500,198000.000000,-43205.486852,241205.486852,241205.486852,121.820953,<500k,Honda,False,City,False,V,False,False
19076397,Neta,Neta V,,2023,117500,229000.000000,-42929.974197,271929.974197,271929.974197,118.746714,<500k,Neta,False,__OTHER__,True,__MISSING__,False,True
18677890,Nissan,MARCH,E,2013,162500,149000.000000,-42920.785361,191920.785361,191920.785361,128.805896,<500k,Nissan,False,MARCH,False,E,False,False
17236058,Chevrolet,CAPTIVA,LS,2010,297500,160000.000000,-42804.256198,202804.256198,202804.256198,126.752660,<500k,Chevrolet,False,CAPTIVA,False,__OTHER__,True,True
19289219,Mazda,BT-50 PRO,Hi-Racer Double Cab,2012,147500,249000.000000,-42541.416724,291541.416724,291541.416724,117.084906,<500k,Mazda,False,BT-50 PRO,False,__OTHER__,True,True
18570811,Suzuki,Ciaz,GL,2015,162500,169000.000000,-42058.993242,211058.993242,211058.993242,124.886978,<500k,Suzuki,False,Ciaz,False,__OTHER__,True,True
19101510,Toyota,VIOS,E Safety,2012,132500,169000.000000,-42009.913288,211009.913288,211009.913288,124.857937,<500k,Toyota,False,VIOS,False,__OTHER__,True,True
19338918,Toyota,VIOS,G Limited,2012,132500,199000.000000,-42009.913288,241009.913288,241009.913288,121.110509,<500k,Toyota,False,VIOS,False,__OTHER__,True,True
19096516,Suzuki,CARRY,,2015,2500,119000.000000,-41702.742103,160702.742103,160702.742103,135.044321,<500k,Suzuki,False,CARRY,False,__MISSING__,False,False
14270825,Toyota,VIOS,E,2012,262500,189000.000000,-41581.936112,230581.936112,230581.936112,122.001024,<500k,Toyota,False,VIOS,False,E,False,False
18956548,Toyota,Corolla Altis,Esport,2014,343452,268000.000000,-41441.977342,309441.977342,309441.977342,115.463424,<500k,Toyota,False,Corolla Altis,False,__OTHER__,True,True
19105490,Mitsubishi,LANCER,GLXi,2005,2500,59000.000000,-41432.405473,100432.405473,100432.405473,170.224416,<500k,Mitsubishi,False,__OTHER__,True,__OTHER__,True,True
19147271,Suzuki,SWIFT,GL,2010,152500,118000.000000,-41315.921057,159315.921057,159315.921057,135.013492,<500k,Suzuki,False,SWIFT,False,__OTHER__,True,True
14270592,Toyota,VIOS,E,2011,152500,168000.000000,-41257.307628,209257.307628,209257.307628,124.557921,<500k,Toyota,False,VIOS,False,E,False,False
19331646,Toyota,HILUX VIGO,E Double Cab,2010,272500,319000.000000,-41057.048348,360057.048348,360057.048348,112.870548,<500k,Toyota,False,HILUX VIGO,False,__OTHER__,True,True
19170278,Toyota,VIOS,E,2013,358096,175000.000000,-41036.177145,216036.177145,216036.177145,123.449244,<500k,Toyota,False,VIOS,False,E,False,False
19183958,Toyota,YARIS,E,2013,157500,219000.000000,-40914.303044,259914.303044,259914.303044,118.682330,<500k,Toyota,False,YARIS,False,E,False,False
13457894,Toyota,Corolla Altis,G,2011,132500,228000.000000,-40500.327742,268500.327742,268500.327742,117.763302,<500k,Toyota,False,Corolla Altis,False,G,False,False
19333340,Toyota,Corolla Altis,TRD Sportivo,2013,232500,189000.000000,-40495.980281,229495.980281,229495.980281,121.426445,<500k,Toyota,False,Corolla Altis,False,__OTHER__,True,True
19254618,MG,MG5,Turbo X Sunroof,2017,122500,159000.000000,-40385.560171,199385.560171,199385.560171,125.399723,<500k,MG,False,MG5,False,__OTHER__,True,True
18402900,Honda,City,S,2012,132500,199000.000000,-40325.018524,239325.018524,239325.018524,120.263828,<500k,Honda,False,City,False,S,False,False
19236518,Honda,CIVIC,S (AS),2010,227500,149000.000000,-40297.828166,189297.828166,189297.828166,127.045522,<500k,Honda,False,CIVIC,False,__OTHER__,True,True
19064307,Toyota,VIOS,E,2011,157500,168000.000000,-40255.260171,208255.260171,208255.260171,123.961464,<500k,Toyota,False,VIOS,False,E,False,False
18926479,Nissan,X-TRAIL,V,2015,308000,259000.000000,-40172.266573,299172.266573,299172.266573,115.510528,<500k,Nissan,False,X-TRAIL,False,V,False,False
18539590,Toyota,AVANZA,S,2013,374508,199000.000000,-39849.818510,238849.818510,238849.818510,120.025034,<500k,Toyota,False,AVANZA,False,S,False,False
19269096,Toyota,VIOS,E,2011,167500,139000.000000,-39837.552998,178837.552998,178837.552998,128.660110,<500k,Toyota,False,VIOS,False,E,False,False
19055591,MG,GS,X,2017,162500,228000.000000,-39712.034098,267712.034098,267712.034098,117.417559,<500k,MG,False,__OTHER__,True,X,False,True
19055579,MG,GS,X,2017,162500,228000.000000,-39712.034098,267712.034098,267712.034098,117.417559,<500k,MG,False,__OTHER__,True,X,False,True
19067972,MG,GS,X,2017,162462,229000.000000,-39687.231571,268687.231571,268687.231571,117.330669,<500k,MG,False,__OTHER__,True,X,False,True
18361399,Mini,COOPER,S Look 2,2008,112500,459000.000000,-39630.975990,498630.975990,498630.975990,108.634200,<500k,Mini,False,COOPER,False,__OTHER__,True,True
19274895,Suzuki,SWIFT,GLX,2015,217500,219000.000000,-39507.360367,258507.360367,258507.360367,118.039891,<500k,Suzuki,False,SWIFT,False,GLX,False,False
19257234,Nissan,ALMERA,E,2013,152500,119000.000000,-39450.968416,158450.968416,158450.968416,133.152074,<500k,Nissan,False,ALMERA,False,E,False,False
18694644,Nissan,ALMERA,E,2013,152500,99000.000000,-39450.968416,138450.968416,138450.968416,139.849463,<500k,Nissan,False,ALMERA,False,E,False,False
18690004,Nissan,ALMERA,E,2013,152500,98000.000000,-39450.968416,137450.968416,137450.968416,140.256090,<500k,Nissan,False,ALMERA,False,E,False,False
16317801,Nissan,ALMERA,V,2013,2500,125000.000000,-39382.356484,164382.356484,164382.356484,131.505885,<500k,Nissan,False,ALMERA,False,V,False,False
17344315,Nissan,ALMERA,V,2013,2500,115000.000000,-39382.356484,154382.356484,154382.356484,134.245527,<500k,Nissan,False,ALMERA,False,V,False,False
16318049,Nissan,ALMERA,V,2013,2500,129000.000000,-39382.356484,168382.356484,168382.356484,130.528959,<500k,Nissan,False,ALMERA,False,V,False,False
18826895,Mazda,BT-50,S Double Cab,2009,172500,159000.000000,-39357.913688,198357.913688,198357.913688,124.753405,<500k,Mazda,False,__OTHER__,True,__OTHER__,True,True
19339957,Mazda,2,XD Sports High Connect,2015,252500,225000.000000,-38666.856258,263666.856258,263666.856258,117.185269,<500k,Mazda,False,2,False,__OTHER__,True,True
19071693,ORA,Good Cat,400 Tech,2021,157500,329000.000000,-38368.814793,367368.814793,367368.814793,111.662254,<500k,ORA,False,Good Cat,False,__OTHER__,True,True
19339933,Toyota,AVANZA,E,2010,202500,95000.000000,-38349.941529,133349.941529,133349.941529,140.368360,<500k,Toyota,False,AVANZA,False,E,False,False
19284599,Mercedes-Benz,E250,Avantgarde CGI BlueEFFICIENCY,2010,287500,319000.000000,-38279.172407,357279.172407,357279.172407,111.999741,<500k,Mercedes-Benz,False,E250,False,__OTHER__,True,True
8017386,Mercedes-Benz,E250,Avantgarde CGI BlueEFFICIENCY,2009,177500,459000.000000,-37954.543923,496954.543923,496954.543923,108.268964,<500k,Mercedes-Benz,False,E250,False,__OTHER__,True,True
18151956,Ford,RANGER,WildTrak Open Cab Hi-Rider,2013,212500,174000.000000,-37677.968566,211677.968566,211677.968566,121.654005,<500k,Ford,False,RANGER,False,__OTHER__,True,True
18678164,Honda,City,SV,2012,202500,210000.000000,-37306.123968,247306.123968,247306.123968,117.764821,<500k,Honda,False,City,False,SV,False,False
19109718,Nissan,ALMERA,VL,2015,247500,145000.000000,-36847.004962,181847.004962,181847.004962,125.411728,<500k,Nissan,False,ALMERA,False,__OTHER__,True,True
18789698,Mazda,2,Sports Spirit,2013,97500,179000.000000,-36846.840110,215846.840110,215846.840110,120.584827,<500k,Mazda,False,2,False,__OTHER__,True,True
19288212,Mazda,2,Sports High,2015,162500,230000.000000,-36752.243022,266752.243022,266752.243022,115.979236,<500k,Mazda,False,2,False,__OTHER__,True,True
10542474,Honda,CR-V,E,2007,2500,169000.000000,-36651.113984,205651.113984,205651.113984,121.687050,<500k,Honda,False,CR-V,False,E,False,False
17872928,Nissan,NP 300 Navara,Calibre V Double Cab,2014,212500,299000.000000,-36638.712839,335638.712839,335638.712839,112.253750,<500k,Nissan,False,NP 300 Navara,False,__OTHER__,True,True
19265112,Nissan,JUKE,V,2013,218054,189000.000000,-36615.820217,225615.820217,225615.820217,119.373450,<500k,Nissan,False,JUKE,False,V,False,False
19067418,Nissan,MARCH,E,2014,122500,109000.000000,-36599.165034,145599.165034,145599.165034,133.577216,<500k,Nissan,False,MARCH,False,E,False,False
18991113,Chevrolet,CAPTIVA,LTZ,2011,202500,159000.000000,-36363.181884,195363.181884,195363.181884,122.869926,<500k,Chevrolet,False,CAPTIVA,False,__OTHER__,True,True
19262623,MG,GS,X,2016,2500,285000.000000,-36269.299895,321269.299895,321269.299895,112.726070,<500k,MG,False,__OTHER__,True,X,False,True
18964663,MG,GS,X,2016,2500,278000.000000,-36269.299895,314269.299895,314269.299895,113.046511,<500k,MG,False,__OTHER__,True,X,False,True
19183046,Toyota,Corolla Altis,E,2011,2500,168000.000000,-35668.749710,203668.749710,203668.749710,121.231399,<500k,Toyota,False,Corolla Altis,False,E,False,False
19159957,Suzuki,Ciaz,GL,2015,152500,148000.000000,-35532.012393,183532.012393,183532.012393,124.008116,<500k,Suzuki,False,Ciaz,False,__OTHER__,True,True
19326458,Mazda,3,Maxx,2011,97500,149000.000000,-35278.240501,184278.240501,184278.240501,123.676671,<500k,Mazda,False,3,False,__OTHER__,True,True
19258200,Nissan,X-TRAIL,V,2015,307000,284000.000000,-35254.030606,319254.030606,319254.030606,112.413391,<500k,Nissan,False,X-TRAIL,False,V,False,False
19054091,Isuzu,D-MAX,Hi-Lander Super Platinum Space Cab,2010,117500,235000.000000,-35176.929720,270176.929720,270176.929720,114.968906,<500k,Isuzu,False,D-MAX,False,__OTHER__,True,True
18807997,Mazda,2,XD Sports High,2015,257500,238000.000000,-34985.658661,272985.658661,272985.658661,114.699857,<500k,Mazda,False,2,False,__OTHER__,True,True
18808004,Mazda,2,XD Sports High,2015,257500,238000.000000,-34985.658661,272985.658661,272985.658661,114.699857,<500k,Mazda,False,2,False,__OTHER__,True,True
19316811,Nissan,ALMERA,ES,2014,142500,128000.000000,-34826.194457,162826.194457,162826.194457,127.207964,<500k,Nissan,False,ALMERA,False,__OTHER__,True,True
19013923,Honda,City,SV,2012,197500,260000.000000,-34042.633544,294042.633544,294042.633544,113.093321,<500k,Honda,False,City,False,SV,False,False
19188602,Mitsubishi,TRITON,Plus VG Turbo Double Cab,2012,2500,225000.000000,-33902.425921,258902.425921,258902.425921,115.067745,<500k,Mitsubishi,False,TRITON,False,__OTHER__,True,True
18948183,Ford,FOCUS,Sport,2011,247500,89000.000000,-33886.724354,122886.724354,122886.724354,138.074971,<500k,Ford,False,__OTHER__,True,Sport,False,True
18363928,Honda,ACCORD,EL,2010,187500,199000.000000,-33752.582233,232752.582233,232752.582233,116.961097,<500k,Honda,False,ACCORD,False,EL,False,False
18819047,Nissan,ALMERA,ES,2013,77500,124000.000000,-33463.928091,157463.928091,157463.928091,126.987039,<500k,Nissan,False,ALMERA,False,__OTHER__,True,True
19009372,Toyota,YARIS,TRD Sportivo,2014,122500,245000.000000,-31876.437431,276876.437431,276876.437431,113.010791,<500k,Toyota,False,YARIS,False,__OTHER__,True,True
19004243,Honda,CR-V,E,2010,297500,188000.000000,-31842.717992,219842.717992,219842.717992,116.937616,<500k,Honda,False,CR-V,False,E,False,False
12871283,Toyota,bB,Z,2009,107500,399000.000000,-31840.745169,430840.745169,430840.745169,107.980137,<500k,Toyota,False,__OTHER__,True,__OTHER__,True,True
19217112,Nissan,NP 300 Navara,S King Cab,2016,428000,174000.000000,-31671.678285,205671.678285,205671.678285,118.202114,<500k,Nissan,False,NP 300 Navara,False,__OTHER__,True,True
19209666,Suzuki,VITARA,Grand JLX,2008,77500,179000.000000,-31647.316194,210647.316194,210647.316194,117.680065,<500k,Suzuki,False,__OTHER__,True,__OTHER__,True,True
19235060,Isuzu,D-MAX,S Spark,2015,300000,249000.000000,-31488.141238,280488.141238,280488.141238,112.645840,<500k,Isuzu,False,D-MAX,False,__OTHER__,True,True
18962615,Toyota,YARIS,E,2013,142500,235000.000000,-31123.831772,266123.831772,266123.831772,113.244184,<500k,Toyota,False,YARIS,False,E,False,False
19072325,MG,GS,X,2017,97500,220000.000000,-31068.994987,251068.994987,251068.994987,114.122270,<500k,MG,False,__OTHER__,True,X,False,True
18434973,MG,MG3,D,2018,67500,175000.000000,-30805.112663,205805.112663,205805.112663,117.602922,<500k,MG,False,MG3,False,__OTHER__,True,True
19330881,Honda,City,SV,2012,192500,229000.000000,-30779.143119,259779.143119,259779.143119,113.440674,<500k,Honda,False,City,False,SV,False,False
19284739,Mitsubishi,TRITON,GLS Plus Double Cab,2014,132500,149000.000000,-30286.567682,179286.567682,179286.567682,120.326555,<500k,Mitsubishi,False,TRITON,False,__OTHER__,True,True
18816440,Toyota,Corolla Altis,G,2013,192500,169000.000000,-30197.552208,199197.552208,199197.552208,117.868374,<500k,Toyota,False,Corolla Altis,False,G,False,False
19255501,Mazda,2,Elegance Maxx,2013,117500,125000.000000,-30090.935218,155090.935218,155090.935218,124.072748,<500k,Mazda,False,2,False,__OTHER__,True,True
18573129,Toyota,YARIS,J,2015,222500,215000.000000,-29939.622948,244939.622948,244939.622948,113.925406,<500k,Toyota,False,YARIS,False,__OTHER__,True,True
18109893,Isuzu,D-MAX,LS Cab-4,2007,152500,279000.000000,-29908.048262,308908.048262,308908.048262,110.719731,<500k,Isuzu,False,D-MAX,False,__OTHER__,True,True
14598311,Honda,CIVIC,E,2009,232500,178000.000000,-29754.751234,207754.751234,207754.751234,116.716152,<500k,Honda,False,CIVIC,False,E,False,False
18312402,Mitsubishi,TRITON,GLS Plus VG Turbo Double Cab,2012,2500,295000.000000,-29636.888040,324636.888040,324636.888040,110.046403,<500k,Mitsubishi,False,TRITON,False,__OTHER__,True,True
19252377,Toyota,VIOS,E,2012,237500,189000.000000,-29530.021873,218530.021873,218530.021873,115.624350,<500k,Toyota,False,VIOS,False,E,False,False
18612393,Chevrolet,CRUZE,LS,2012,22500,98000.000000,-29472.589055,127472.589055,127472.589055,130.074070,<500k,Chevrolet,False,__OTHER__,True,__OTHER__,True,True
18820733,Mitsubishi,TRITON,GLS Plus Ltd Double Cab,2012,12500,269000.000000,-29219.180867,298219.180867,298219.180867,110.862149,<500k,Mitsubishi,False,TRITON,False,__OTHER__,True,True
19055491,Honda,CIVIC,S,2008,7500,149000.000000,-29050.398349,178050.398349,178050.398349,119.496912,<500k,Honda,False,CIVIC,False,S,False,False
19147008,Ford,EVEREST,LTD,2007,252500,140000.000000,-29015.631634,169015.631634,169015.631634,120.725451,<500k,Ford,False,EVEREST,False,__OTHER__,True,True
19106931,Nissan,MARCH,E,2015,196508,179000.000000,-28907.647833,207907.647833,207907.647833,116.149524,<500k,Nissan,False,MARCH,False,E,False,False
18866648,Toyota,YARIS,E,2014,319902,229000.000000,-28402.803401,257402.803401,257402.803401,112.402971,<500k,Toyota,False,YARIS,False,E,False,False
19284806,Mazda,2,Sports Maxx Sports,2014,187500,139000.000000,-28383.044778,167383.044778,167383.044778,120.419457,<500k,Mazda,False,2,False,__OTHER__,True,True
19322991,Toyota,YARIS,E,2014,247500,229000.000000,-28184.969831,257184.969831,257184.969831,112.307847,<500k,Toyota,False,YARIS,False,E,False,False
18909780,Honda,CIVIC,E,2009,212500,179000.000000,-27911.015440,206911.015440,206911.015440,115.592746,<500k,Honda,False,CIVIC,False,E,False,False
19284591,Mazda,2,Elegance Groove,2013,192500,128000.000000,-27738.940530,155738.940530,155738.940530,121.671047,<500k,Mazda,False,2,False,__OTHER__,True,True
19049975,Honda,CR-V,E,2010,297500,188000.000000,-27577.180111,215577.180111,215577.180111,114.668713,<500k,Honda,False,CR-V,False,E,False,False
18999148,Mazda,3,Maxx,2011,157500,149000.000000,-27401.312421,176401.312421,176401.312421,118.390143,<500k,Mazda,False,3,False,__OTHER__,True,True
18946519,Toyota,Corolla Altis,G,2013,187500,198000.000000,-26934.061784,224934.061784,224934.061784,113.603062,<500k,Toyota,False,Corolla Altis,False,G,False,False
19234401,Peugeot,308,Turbo,2011,122500,159000.000000,-26688.863351,185688.863351,185688.863351,116.785449,<500k,Peugeot,False,__OTHER__,True,__OTHER__,True,True
18842731,Honda,CIVIC,S,2008,2500,159000.000000,-26481.042489,185481.042489,185481.042489,116.654744,<500k,Honda,False,CIVIC,False,S,False,False
19194202,Toyota,INNOVA,G Option,2014,192500,288000.000000,-26284.690684,314284.690684,314284.690684,109.126629,<500k,Toyota,False,INNOVA,False,__OTHER__,True,True
19091044,Toyota,YARIS,G,2014,213180,249000.000000,-26189.547656,275189.547656,275189.547656,110.517891,<500k,Toyota,False,YARIS,False,G,False,False
18735094,Toyota,VIOS,J,2014,313750,198000.000000,-25898.195231,223898.195231,223898.195231,113.079897,<500k,Toyota,False,VIOS,False,__OTHER__,True,True
18753084,Toyota,YARIS,E,2012,242500,140000.000000,-25760.353225,165760.353225,165760.353225,118.400252,<500k,Toyota,False,YARIS,False,E,False,False
19253728,Toyota,VIOS,ES,2012,107500,189000.000000,-25692.461167,214692.461167,214692.461167,113.593895,<500k,Toyota,False,VIOS,False,__OTHER__,True,True
18843617,Mazda,2,Sports High,2015,127500,259000.000000,-25118.035955,284118.035955,284118.035955,109.698083,<500k,Mazda,False,2,False,__OTHER__,True,True
19187289,Honda,City,V,2013,177500,199000.000000,-24951.220247,223951.220247,223951.220247,112.538302,<500k,Honda,False,City,False,V,False,False
14267485,Toyota,VIOS,G,2011,102500,195000.000000,-24762.041601,219762.041601,219762.041601,112.698483,<500k,Toyota,False,VIOS,False,G,False,False
18839958,Toyota,INNOVA,G,2013,187500,269000.000000,-24660.136554,293660.136554,293660.136554,109.167337,<500k,Toyota,False,INNOVA,False,G,False,False
19084966,Honda,CR-V,S,2010,182500,199000.000000,-24518.305570,223518.305570,223518.305570,112.320757,<500k,Honda,False,CR-V,False,S,False,False
19334511,Toyota,INNOVA,G,2012,72500,255000.000000,-24445.302350,279445.302350,279445.302350,109.586393,<500k,Toyota,False,INNOVA,False,G,False,False
19105230,Nissan,MARCH,V,2016,142500,179000.000000,-24286.207493,203286.207493,203286.207493,113.567714,<500k,Nissan,False,MARCH,False,V,False,False
19238842,Honda,CIVIC,S,2010,187500,179000.000000,-24027.168153,203027.168153,203027.168153,113.422999,<500k,Honda,False,CIVIC,False,S,False,False
19252662,Mazda,2,Elegance Groove,2014,217500,159000.000000,-23888.582853,182888.582853,182888.582853,115.024266,<500k,Mazda,False,2,False,__OTHER__,True,True
18570746,Suzuki,Ciaz,GL,2016,237500,189000.000000,-23804.726637,212804.726637,212804.726637,112.595093,<500k,Suzuki,False,Ciaz,False,__OTHER__,True,True
18469632,Toyota,VIOS,J,2013,207500,189000.000000,-23755.646684,212755.646684,212755.646684,112.569125,<500k,Toyota,False,VIOS,False,__OTHER__,True,True
18712693,Toyota,VIOS,J,2013,207500,219000.000000,-23755.646684,242755.646684,242755.646684,110.847327,<500k,Toyota,False,VIOS,False,__OTHER__,True,True
18810081,Toyota,VIOS,ES Ivory,2013,157500,175000.000000,-23701.138201,198701.138201,198701.138201,113.543508,<500k,Toyota,False,VIOS,False,__OTHER__,True,True
19151812,Nissan,ALMERA,VL,2014,124266,149000.000000,-23619.032142,172619.032142,172619.032142,115.851699,<500k,Nissan,False,ALMERA,False,__OTHER__,True,True
19019607,Mazda,2,High,2015,172500,229000.000000,-23469.357281,252469.357281,252469.357281,110.248628,<500k,Mazda,False,2,False,__OTHER__,True,True
19089165,Mitsubishi,TRITON,Plus VG Turbo Double Cab,2013,107500,339000.000000,-23324.741395,362324.741395,362324.741395,106.880455,<500k,Mitsubishi,False,TRITON,False,__OTHER__,True,True
19270772,Toyota,HILUX REVO,J Plus Smart Cab,2015,297500,279000.000000,-23286.237785,302286.237785,302286.237785,108.346322,<500k,Toyota,False,HILUX REVO,False,__OTHER__,True,True
19311253,Honda,CIVIC,E,2009,222500,178000.000000,-23227.770385,201227.770385,201227.770385,113.049309,<500k,Honda,False,CIVIC,False,E,False,False
18862639,Honda,CIVIC,S,2010,192500,178000.000000,-23025.120696,201025.120696,201025.120696,112.935461,<500k,Honda,False,CIVIC,False,S,False,False
19311417,Mazda,BT-50 PRO,Hi-Racer Double Cab,2012,117500,239000.000000,-22960.474179,261960.474179,261960.474179,109.606893,<500k,Mazda,False,BT-50 PRO,False,__OTHER__,True,True
17547754,Honda,JAZZ,V,2012,197500,219000.000000,-22923.209288,241923.209288,241923.209288,110.467219,<500k,Honda,False,JAZZ,False,V,False,False
19133918,Honda,JAZZ,V,2012,197500,219000.000000,-22923.209288,241923.209288,241923.209288,110.467219,<500k,Honda,False,JAZZ,False,V,False,False
19257517,Mitsubishi,ATTRAGE,GLX,2013,147500,139000.000000,-22905.746102,161905.746102,161905.746102,116.478954,<500k,Mitsubishi,False,ATTRAGE,False,GLX,False,False
19080557,Mitsubishi,ATTRAGE,GLX,2013,147500,139000.000000,-22905.746102,161905.746102,161905.746102,116.478954,<500k,Mitsubishi,False,ATTRAGE,False,GLX,False,False
19257242,Mitsubishi,ATTRAGE,GLX,2013,147500,139000.000000,-22905.746102,161905.746102,161905.746102,116.478954,<500k,Mitsubishi,False,ATTRAGE,False,GLX,False,False
19104957,Mitsubishi,ATTRAGE,GLX,2013,147500,134000.000000,-22905.746102,156905.746102,156905.746102,117.093840,<500k,Mitsubishi,False,ATTRAGE,False,GLX,False,False
19080865,Mitsubishi,ATTRAGE,GLX,2013,147500,139000.000000,-22905.746102,161905.746102,161905.746102,116.478954,<500k,Mitsubishi,False,ATTRAGE,False,GLX,False,False
19105228,Toyota,CAMRY,G,2010,92500,269000.000000,-22905.620124,291905.620124,291905.620124,108.515100,<500k,Toyota,False,CAMRY,False,G,False,False
19323027,Suzuki,CELERIO,GL,2018,97500,189000.000000,-22112.072683,211112.072683,211112.072683,111.699509,<500k,Suzuki,False,CELERIO,False,__OTHER__,True,True
17740893,Honda,City,SV,2011,92500,219000.000000,-21505.731700,240505.731700,240505.731700,109.819969,<500k,Honda,False,City,False,SV,False,False
7879590,Toyota,CAMRY,G Extremo,2010,2500,227000.000000,-21397.522011,248397.522011,248397.522011,109.426221,<500k,Toyota,False,CAMRY,False,__OTHER__,True,True
19341214,Ford,RANGER,XLT Double Cab Hi-Rider,2013,187500,299000.000000,-21360.516445,320360.516445,320360.516445,107.143985,<500k,Ford,False,RANGER,False,__OTHER__,True,True
19166753,Nissan,ALMERA,S,2013,2500,99000.000000,-21186.483492,120186.483492,120186.483492,121.400488,<500k,Nissan,False,ALMERA,False,S,False,False
19048757,Chevrolet,CAPTIVA,LTZ,2011,177500,249000.000000,-20751.505051,269751.505051,269751.505051,108.333938,<500k,Chevrolet,False,CAPTIVA,False,__OTHER__,True,True
19305271,Kia,PICANTO,K1,2013,2500,99000.000000,-20632.969640,119632.969640,119632.969640,120.841383,<500k,Kia,False,__OTHER__,True,__OTHER__,True,True
19093460,Mitsubishi,TRITON,GLS Double Cab,2015,297500,238000.000000,-20562.954166,258562.954166,258562.954166,108.639897,<500k,Mitsubishi,False,TRITON,False,__OTHER__,True,True
19172099,Honda,ACCORD,E,2008,217500,169000.000000,-20322.376198,189322.376198,189322.376198,112.025075,<500k,Honda,False,ACCORD,False,E,False,False
19233917,Chevrolet,CRUZE,LS,2012,167500,79000.000000,-20316.177558,99316.177558,99316.177558,125.716680,<500k,Chevrolet,False,__OTHER__,True,__OTHER__,True,True
14969640,Mazda,2,Elegance Groove,2013,102500,138000.000000,-20300.463945,158300.463945,158300.463945,114.710481,<500k,Mazda,False,2,False,__OTHER__,True,True
18813858,Toyota,VIOS,E,2011,137500,129000.000000,-20256.610453,149256.610453,149256.610453,115.702799,<500k,Toyota,False,VIOS,False,E,False,False
18717729,Honda,CR-V,E,2009,182500,199000.000000,-19723.523321,218723.523321,218723.523321,109.911318,<500k,Honda,False,CR-V,False,E,False,False
19037247,Nissan,ALMERA,E,2012,77500,115000.000000,-19657.360734,134657.360734,134657.360734,117.093357,<500k,Nissan,False,ALMERA,False,E,False,False
19063413,Mazda,2,Sports Limited Edition,2013,132500,149900.000000,-19597.147931,169497.147931,169497.147931,113.073481,<500k,Mazda,False,2,False,__OTHER__,True,True
4767566,Nissan,MARCH,EL,2013,89263,199000.000000,-19373.816355,218373.816355,218373.816355,109.735586,<500k,Nissan,False,MARCH,False,EL,False,False
13353985,Nissan,TEANA,200 XL,2010,150000,158000.000000,-19220.992348,177220.992348,177220.992348,112.165185,<500k,Nissan,False,TEANA,False,__OTHER__,True,True
19208585,Toyota,HILUX VIGO,Prerunner Exclusive Double Cab,2010,232500,259000.000000,-19214.662835,278214.662835,278214.662835,107.418789,<500k,Toyota,False,HILUX VIGO,False,__OTHER__,True,True
19176712,MG,GS,X,2017,72500,259000.000000,-19017.080747,278017.080747,278017.080747,107.342502,<500k,MG,False,__OTHER__,True,X,False,True
14508662,Toyota,COROLLA,SEG,1999,297500,88000.000000,-18957.147389,106957.147389,106957.147389,121.542213,<500k,Toyota,False,__OTHER__,True,__OTHER__,True,True
19100236,Honda,City,V+,2014,303477,269000.000000,-18881.095562,287881.095562,287881.095562,107.018995,<500k,Honda,False,City,False,__OTHER__,True,True
18821281,Toyota,YARIS,G,2013,177500,209000.000000,-18803.551905,227803.551905,227803.551905,108.996915,<500k,Toyota,False,YARIS,False,G,False,False
18818986,Toyota,YARIS,G,2013,177500,199000.000000,-18803.551905,217803.551905,217803.551905,109.449021,<500k,Toyota,False,YARIS,False,G,False,False
19233001,Mazda,2,XD,2015,262500,179000.000000,-18439.282496,197439.282496,197439.282496,110.301275,<500k,Mazda,False,2,False,__OTHER__,True,True
19104961,Toyota,VIOS,TRD Sportivo,2012,96064,215000.000000,-18228.205868,233228.205868,233228.205868,108.478235,<500k,Toyota,False,VIOS,False,__OTHER__,True,True
19099678,Toyota,YARIS,E,2014,242432,229000.000000,-17932.407916,246932.407916,246932.407916,107.830746,<500k,Toyota,False,YARIS,False,E,False,False
18967109,Toyota,YARIS,TRD Sportivo,2016,157500,330000.000000,-17657.691333,347657.691333,347657.691333,105.350816,<500k,Toyota,False,YARIS,False,__OTHER__,True,True
19154980,Mazda,2,Elegance Spirit,2013,97500,169000.000000,-17036.973521,186036.973521,186036.973521,110.081049,<500k,Mazda,False,2,False,__OTHER__,True,True
12268248,Mini,COOPER,S Look 2,2009,162500,549000.000000,-16963.617732,565963.617732,565963.617732,103.089912,500k-1M,Mini,False,COOPER,False,__OTHER__,True,True
18898116,Honda,City,V+,2014,300475,269000.000000,-16921.695912,285921.695912,285921.695912,106.290593,<500k,Honda,False,City,False,__OTHER__,True,True
19040714,Toyota,Corolla Altis,E,2012,217500,199000.000000,-16898.941652,215898.941652,215898.941652,108.491930,<500k,Toyota,False,Corolla Altis,False,E,False,False
18914674,Toyota,VIOS,E,2012,217500,139000.000000,-16476.060176,155476.060176,155476.060176,111.853281,<500k,Toyota,False,VIOS,False,E,False,False
18567534,Toyota,YARIS,J,2014,177500,209000.000000,-16470.481046,225470.481046,225470.481046,107.880613,<500k,Toyota,False,YARIS,False,__OTHER__,True,True
12869573,Toyota,VIOS,G,2012,192500,199000.000000,-16298.246270,215298.246270,215298.246270,108.190074,<500k,Toyota,False,VIOS,False,G,False,False
17009175,Ford,RANGER,WildTrak Double Cab Hi-Rider,2013,197500,299000.000000,-15983.136826,314983.136826,314983.136826,105.345531,<500k,Ford,False,RANGER,False,__OTHER__,True,True
18790612,Honda,JAZZ,SV,2011,192500,219000.000000,-15697.170463,234697.170463,234697.170463,107.167658,<500k,Honda,False,JAZZ,False,SV,False,False
19199790,Isuzu,D-MAX,Cab-chassis Spark,2016,378705,278000.000000,-15652.121038,293652.121038,293652.121038,105.630259,<500k,Isuzu,False,D-MAX,False,__OTHER__,True,True
19254448,Honda,City,S,2013,197500,200000.000000,-15543.771071,215543.771071,215543.771071,107.771886,<500k,Honda,False,City,False,S,False,False
19142134,Ford,RANGER,XLT Open Cab Hi-Rider,2012,92500,215000.000000,-15350.595449,230350.595449,230350.595449,107.139812,<500k,Ford,False,RANGER,False,__OTHER__,True,True
19327592,Nissan,ALMERA,VL,2014,152500,169000.000000,-15209.661486,184209.661486,184209.661486,108.999800,<500k,Nissan,False,ALMERA,False,__OTHER__,True,True
18808263,Volvo,S60,DRIVe S,2012,272500,298000.000000,-15058.392745,313058.392745,313058.392745,105.053152,<500k,Volvo,False,__OTHER__,True,__OTHER__,True,True
19214400,Honda,JAZZ,JP,2012,217500,249000.000000,-14888.722633,263888.722633,263888.722633,105.979407,<500k,Honda,False,JAZZ,False,__OTHER__,True,True
7434794,BMW,523i,,1998,97500,1.000000,-14469.843736,14470.843736,14470.843736,1447084.373599,<500k,BMW,False,__OTHER__,True,__MISSING__,False,True
18908028,Mazda,BT-50 PRO,Hi-Racer Double Cab,2012,162500,214000.000000,-14284.013711,228284.013711,228284.013711,106.674773,<500k,Mazda,False,BT-50 PRO,False,__OTHER__,True,True
17798445,Toyota,VIOS,E,2011,117500,188000.000000,-14147.336777,202147.336777,202147.336777,107.525179,<500k,Toyota,False,VIOS,False,E,False,False
19209323,Honda,CIVIC,E,2007,2500,129000.000000,-14047.437654,143047.437654,143047.437654,110.889487,<500k,Honda,False,CIVIC,False,E,False,False
19135157,Chevrolet,CAPTIVA,LT,2012,277500,124000.000000,-13843.377398,137843.377398,137843.377398,111.164014,<500k,Chevrolet,False,CAPTIVA,False,__OTHER__,True,True
18827959,Mitsubishi,TRITON,GLX Double Cab,2014,177500,228000.000000,-13711.344834,241711.344834,241711.344834,106.013748,<500k,Mitsubishi,False,TRITON,False,__OTHER__,True,True
18338528,Mini,COOPER,S Look 2,2009,157500,519000.000000,-13700.127307,532700.127307,532700.127307,102.639716,500k-1M,Mini,False,COOPER,False,__OTHER__,True,True
19297000,Ford,FIESTA,Trend,2011,95000,79000.000000,-13670.037200,92670.037200,92670.037200,117.303845,<500k,Ford,False,__OTHER__,True,__OTHER__,True,True
18710103,Toyota,Corolla Altis,CNG,2012,187500,139000.000000,-13653.313209,152653.313209,152653.313209,109.822527,<500k,Toyota,False,Corolla Altis,False,__OTHER__,True,True
18613295,Toyota,YARIS,TRD Sportivo,2015,197500,228000.000000,-13622.170827,241622.170827,241622.170827,105.974636,<500k,Toyota,False,YARIS,False,__OTHER__,True,True
19245407,Neta,Neta V,,2023,72500,259000.000000,-13558.560379,272558.560379,272558.560379,105.234965,<500k,Neta,False,__OTHER__,True,__MISSING__,False,True
15852450,Toyota,HILUX REVO,J Smart Cab,2015,282500,289000.000000,-13495.766512,302495.766512,302495.766512,104.669815,<500k,Toyota,False,HILUX REVO,False,__OTHER__,True,True
19237959,Honda,CIVIC,E,2009,207500,215000.000000,-13437.299112,228437.299112,228437.299112,106.249907,<500k,Honda,False,CIVIC,False,E,False,False
19308452,Nissan,ALMERA,E,2013,112500,138000.000000,-13343.045022,151343.045022,151343.045022,109.668873,<500k,Nissan,False,ALMERA,False,E,False,False
19239705,Toyota,FORTUNER,V,2005,277500,248000.000000,-13136.871778,261136.871778,261136.871778,105.297126,<500k,Toyota,False,FORTUNER,False,V,False,False
19291390,Isuzu,MU-7,,2005,297500,188000.000000,-13132.963855,201132.963855,201132.963855,106.985619,<500k,Isuzu,False,__OTHER__,True,__MISSING__,False,True
18938224,Nissan,ALMERA,E,2012,67500,115000.000000,-13130.379886,128130.379886,128130.379886,111.417722,<500k,Nissan,False,ALMERA,False,E,False,False
18924804,Suzuki,SWIFT,GLX,2014,217500,169000.000000,-12776.369278,181776.369278,181776.369278,107.559982,<500k,Suzuki,False,SWIFT,False,GLX,False,False
19191877,MG,MG3,Xross X,2017,92500,169000.000000,-12713.583002,181713.583002,181713.583002,107.522830,<500k,MG,False,MG3,False,__OTHER__,True,True
18570794,Suzuki,Ciaz,GL,2017,316930,199000.000000,-12707.450430,211707.450430,211707.450430,106.385653,<500k,Suzuki,False,Ciaz,False,__OTHER__,True,True
19109900,Chevrolet,CRUZE,LTZ,2012,137500,128000.000000,-12639.595480,140639.595480,140639.595480,109.874684,<500k,Chevrolet,False,__OTHER__,True,__OTHER__,True,True
19221298,Toyota,YARIS,G,2012,197500,178000.000000,-12528.577623,190528.577623,190528.577623,107.038527,<500k,Toyota,False,YARIS,False,G,False,False
18813300,Toyota,INNOVA,G,2012,47500,179000.000000,-12393.388111,191393.388111,191393.388111,106.923681,<500k,Toyota,False,INNOVA,False,G,False,False
19128184,Isuzu,D-MAX,Rodeo LS Super Titanium Space Cab,2011,212500,259000.000000,-12366.939492,271366.939492,271366.939492,104.774880,<500k,Isuzu,False,D-MAX,False,__OTHER__,True,True
19301211,Neta,Neta V,,2023,87500,225000.000000,-12138.805749,237138.805749,237138.805749,105.395025,<500k,Neta,False,__OTHER__,True,__MISSING__,False,True
19221539,Suzuki,Ciaz,RS,2016,181210,219000.000000,-12100.709110,231100.709110,231100.709110,105.525438,<500k,Suzuki,False,Ciaz,False,RS,False,False
18863860,Nissan,TEANA,200 XL,2011,231151,198000.000000,-11926.159685,209926.159685,209926.159685,106.023313,<500k,Nissan,False,TEANA,False,__OTHER__,True,True
18744262,Nissan,ALMERA,E,2013,127500,139000.000000,-11923.290392,150923.290392,150923.290392,108.577907,<500k,Nissan,False,ALMERA,False,E,False,False
18446567,Subaru,FORESTER,X,2012,127500,499000.000000,-11887.375140,510887.375140,510887.375140,102.382240,<500k,Subaru,False,FORESTER,False,X,False,False
19331643,Honda,CR-V,EL,2009,222500,228000.000000,-11859.609245,239859.609245,239859.609245,105.201583,<500k,Honda,False,CR-V,False,EL,False,False
19026065,Toyota,INNOVA,G,2014,202500,248000.000000,-11728.741086,259728.741086,259728.741086,104.729331,<500k,Toyota,False,INNOVA,False,G,False,False
19326400,Suzuki,CARRY,,2017,162500,129000.000000,-11721.189742,140721.189742,140721.189742,109.086194,<500k,Suzuki,False,CARRY,False,__MISSING__,False,False
19309049,Toyota,YARIS,G,2014,197500,245000.000000,-11689.703804,256689.703804,256689.703804,104.771308,<500k,Toyota,False,YARIS,False,G,False,False
18694908,Toyota,YARIS,G,2014,197500,245000.000000,-11689.703804,256689.703804,256689.703804,104.771308,<500k,Toyota,False,YARIS,False,G,False,False
19145962,Toyota,YARIS,G,2014,197500,259000.000000,-11689.703804,270689.703804,270689.703804,104.513399,<500k,Toyota,False,YARIS,False,G,False,False
18375801,Honda,City,S,2011,2500,109000.000000,-11470.664558,120470.664558,120470.664558,110.523545,<500k,Honda,False,City,False,S,False,False
19312206,Toyota,Corolla Altis,Esport,2014,297500,279000.000000,-11449.194947,290449.194947,290449.194947,104.103654,<500k,Toyota,False,Corolla Altis,False,__OTHER__,True,True
18813578,Toyota,Corolla Altis,Esport,2014,297500,279000.000000,-11449.194947,290449.194947,290449.194947,104.103654,<500k,Toyota,False,Corolla Altis,False,__OTHER__,True,True
19235011,Honda,CIVIC,Type R,2008,52500,1400000.000000,-10825.954316,1410825.954316,1410825.954316,100.773282,1M-3M,Honda,False,CIVIC,False,__OTHER__,True,True
19158247,Toyota,VIOS,E,2010,2500,139000.000000,-10559.217869,149559.217869,149559.217869,107.596560,<500k,Toyota,False,VIOS,False,E,False,False
19190083,Mitsubishi,TRITON,GLS Plus Mega Cab,2013,182500,270000.000000,-10518.338197,280518.338197,280518.338197,103.895681,<500k,Mitsubishi,False,TRITON,False,__OTHER__,True,True
18839265,Honda,JAZZ,SV,2012,287500,218000.000000,-10496.865556,228496.865556,228496.865556,104.815076,<500k,Honda,False,JAZZ,False,SV,False,False
19040659,Honda,City,V,2013,172500,165000.000000,-10477.503920,175477.503920,175477.503920,106.350002,<500k,Honda,False,City,False,V,False,False
19303942,Toyota,YARIS,J,2015,192500,188000.000000,-10358.680403,198358.680403,198358.680403,105.509936,<500k,Toyota,False,YARIS,False,__OTHER__,True,True
19299326,MG,ZS,D,2018,217500,239000.000000,-10296.673925,249296.673925,249296.673925,104.308232,<500k,MG,False,ZS,False,__OTHER__,True,True
19221067,Mazda,2,Sports High Connect,2016,214285,269000.000000,-10290.278399,279290.278399,279290.278399,103.825382,<500k,Mazda,False,2,False,__OTHER__,True,True
18728109,Toyota,Corolla Altis,G,2012,182500,150000.000000,-10194.146898,160194.146898,160194.146898,106.796098,<500k,Toyota,False,Corolla Altis,False,G,False,False
19177509,Toyota,Corolla Altis,G,2014,247500,269000.000000,-10099.549810,279099.549810,279099.549810,103.754479,<500k,Toyota,False,Corolla Altis,False,G,False,False
19218202,Honda,City,S,2014,309264,249000.000000,-10075.070955,259075.070955,259075.070955,104.046213,<500k,Honda,False,City,False,S,False,False
19276162,Subaru,XV,,2013,147500,214000.000000,-10028.212769,224028.212769,224028.212769,104.686081,<500k,Subaru,False,XV,False,__MISSING__,False,False
19168271,Nissan,Frontier,ZDi King Cab,2003,440000,88000.000000,-10005.419363,98005.419363,98005.419363,111.369795,<500k,Nissan,False,__OTHER__,True,__OTHER__,True,True
19319926,Toyota,VIOS,J,2013,192500,170000.000000,-9699.637529,179699.637529,179699.637529,105.705669,<500k,Toyota,False,VIOS,False,__OTHER__,True,True
19115762,Toyota,HILUX REVO,J Smart Cab,2015,293526,289000.000000,-9482.189692,298482.189692,298482.189692,103.281034,<500k,Toyota,False,HILUX REVO,False,__OTHER__,True,True
18922414,Mitsubishi,TRITON,GLS CNG Plus Double Cab,2012,227500,149000.000000,-9434.215454,158434.215454,158434.215454,106.331688,<500k,Mitsubishi,False,TRITON,False,__OTHER__,True,True
18976714,Toyota,VIOS,S,2013,187500,249000.000000,-9328.722465,258328.722465,258328.722465,103.746475,<500k,Toyota,False,VIOS,False,S,False,False
18581847,Toyota,VIOS,G,2012,200000,168000.000000,-9289.121439,177289.121439,177289.121439,105.529239,<500k,Toyota,False,VIOS,False,G,False,False
19321479,Toyota,HILUX REVO,E Smart Cab,2015,282500,309000.000000,-9230.228631,318230.228631,318230.228631,102.987129,<500k,Toyota,False,HILUX REVO,False,__OTHER__,True,True
18818968,Mitsubishi,ATTRAGE,GLS,2014,67500,125000.000000,-9115.775476,134115.775476,134115.775476,107.292620,<500k,Mitsubishi,False,ATTRAGE,False,__OTHER__,True,True
19299338,Subaru,XV,,2014,242500,219000.000000,-9093.445743,228093.445743,228093.445743,104.152258,<500k,Subaru,False,XV,False,__MISSING__,False,False
19250525,Neta,Neta V,,2023,82500,235000.000000,-8875.315324,243875.315324,243875.315324,103.776730,<500k,Neta,False,__OTHER__,True,__MISSING__,False,True
19202025,Isuzu,ELF,NLR,2015,192500,420000.000000,-8460.896383,428460.896383,428460.896383,102.014499,<500k,Isuzu,False,__OTHER__,True,__OTHER__,True,True
19215359,Toyota,HILUX VIGO,E Prerunner Double Cab,2010,222500,259000.000000,-8422.144105,267422.144105,267422.144105,103.251793,<500k,Toyota,False,HILUX VIGO,False,__OTHER__,True,True
18873053,Neta,Neta V,,2024,167500,239000.000000,-8358.255471,247358.255471,247358.255471,103.497178,<500k,Neta,False,__OTHER__,True,__MISSING__,False,True
18636655,MG,MG3,Xross X,2017,97500,148000.000000,-8338.250840,156338.250840,156338.250840,105.633953,<500k,MG,False,MG3,False,__OTHER__,True,True
19315484,Toyota,VIOS,S,2013,192500,239000.000000,-8326.675008,247326.675008,247326.675008,103.483964,<500k,Toyota,False,VIOS,False,S,False,False
19091018,Toyota,Corolla Altis,Esport,2014,285946,289000.000000,-8173.459156,297173.459156,297173.459156,102.828187,<500k,Toyota,False,Corolla Altis,False,__OTHER__,True,True
19080475,Isuzu,D-MAX,SLX Super Titanium Smart Space Cab,2011,217500,198000.000000,-7991.607330,205991.607330,205991.607330,104.036165,<500k,Isuzu,False,D-MAX,False,__OTHER__,True,True
19193565,Honda,City,SV,2012,157500,219000.000000,-7934.710150,226934.710150,226934.710150,103.623155,<500k,Honda,False,City,False,SV,False,False
19028014,Honda,City,SV,2013,277500,230000.000000,-7841.631461,237841.631461,237841.631461,103.409405,<500k,Honda,False,City,False,SV,False,False
17741317,Toyota,YARIS,G,2015,287500,289000.000000,-7491.446354,296491.446354,296491.446354,102.592196,<500k,Toyota,False,YARIS,False,G,False,False
19087051,Toyota,VIOS,ES,2012,97500,199000.000000,-7261.119851,206261.119851,206261.119851,103.648804,<500k,Toyota,False,VIOS,False,__OTHER__,True,True
17982464,Honda,City,V,2014,252500,269000.000000,-6696.953643,275696.953643,275696.953643,102.489574,<500k,Honda,False,City,False,V,False,False
18693422,Honda,JAZZ,V,2012,172500,229000.000000,-6605.757167,235605.757167,235605.757167,102.884610,<500k,Honda,False,JAZZ,False,V,False,False
19130138,Honda,JAZZ,V,2012,172500,189000.000000,-6605.757167,195605.757167,195605.757167,103.495110,<500k,Honda,False,JAZZ,False,V,False,False
18983710,MG,MG3,X,2018,132500,209000.000000,-6567.794717,215567.794717,215567.794717,103.142486,<500k,MG,False,MG3,False,X,False,False
18583641,Toyota,HILUX VIGO,J,2009,222500,159000.000000,-6231.184926,165231.184926,165231.184926,103.918984,<500k,Toyota,False,HILUX VIGO,False,__OTHER__,True,True
19258691,Honda,CIVIC,E,2009,197500,188000.000000,-6216.183699,194216.183699,194216.183699,103.306481,<500k,Honda,False,CIVIC,False,E,False,False
19217035,Toyota,HILUX REVO,J Plus Double Cab,2016,278401,349000.000000,-6066.628220,355066.628220,355066.628220,101.738289,<500k,Toyota,False,HILUX REVO,False,__OTHER__,True,True
19303328,Mitsubishi,ATTRAGE,GLX,2014,152500,149000.000000,-6001.426728,155001.426728,155001.426728,104.027803,<500k,Mitsubishi,False,ATTRAGE,False,GLX,False,False
19002555,Mercedes-Benz,C180,AMG BlueEFFICIENCY,2011,162500,259000.000000,-5930.673746,264930.673746,264930.673746,102.289835,<500k,Mercedes-Benz,False,C180,False,__OTHER__,True,True
14372901,Mercedes-Benz,CLA250,AMG Dynamic,2018,82500,859000.000000,-5670.221425,864670.221425,864670.221425,100.660096,500k-1M,Mercedes-Benz,False,CLA250,False,AMG Dynamic,False,False
19152993,Honda,JAZZ,S,2012,222500,225000.000000,-5569.024633,230569.024633,230569.024633,102.475122,<500k,Honda,False,JAZZ,False,S,False,False
19312731,Toyota,HILUX REVO,E Prerunner Double Cab,2015,157254,459000.000000,-5411.062206,464411.062206,464411.062206,101.178881,<500k,Toyota,False,HILUX REVO,False,__OTHER__,True,True
17429891,Mercedes-Benz,CLA250,AMG Dynamic,2018,92500,1290000.000000,-5252.514252,1295252.514252,1295252.514252,100.407172,1M-3M,Mercedes-Benz,False,CLA250,False,AMG Dynamic,False,False
19150898,Suzuki,SWIFT,GLX,2013,102500,179000.000000,-4922.712488,183922.712488,183922.712488,102.750119,<500k,Suzuki,False,SWIFT,False,GLX,False,False
18781210,Mitsubishi,Strada,GLX Super,2004,2500,108000.000000,-4894.251121,112894.251121,112894.251121,104.531714,<500k,Mitsubishi,False,__OTHER__,True,__OTHER__,True,True
18781192,Mitsubishi,Strada,GLX Super,2004,2500,108000.000000,-4894.251121,112894.251121,112894.251121,104.531714,<500k,Mitsubishi,False,__OTHER__,True,__OTHER__,True,True
19153537,Isuzu,D-MAX,S Space Cab,2016,249331,329000.000000,-4873.079037,333873.079037,333873.079037,101.481179,<500k,Isuzu,False,D-MAX,False,__OTHER__,True,True
19208396,Mercedes-Benz,CLA250,AMG Dynamic,2018,81200,799000.000000,-4821.713915,803821.713915,803821.713915,100.603469,500k-1M,Mercedes-Benz,False,CLA250,False,AMG Dynamic,False,False
13256468,Toyota,HILUX VIGO,E Prerunner Double Cab,2006,167500,235000.000000,-4672.369957,239672.369957,239672.369957,101.988243,<500k,Toyota,False,HILUX VIGO,False,__OTHER__,True,True
19082025,Toyota,VIOS,G,2013,277500,159000.000000,-4570.960514,163570.960514,163570.960514,102.874818,<500k,Toyota,False,VIOS,False,G,False,False
19325802,Isuzu,D-MAX,L Space Cab,2016,292500,299000.000000,-4229.491438,303229.491438,303229.491438,101.414546,<500k,Isuzu,False,D-MAX,False,__OTHER__,True,True
18570643,Mazda,2,Sports High,2015,112500,249000.000000,-4117.338779,253117.338779,253117.338779,101.653550,<500k,Mazda,False,2,False,__OTHER__,True,True
18821921,Toyota,HILUX VIGO,E Prerunner Double Cab,2010,227500,289000.000000,-4046.811944,293046.811944,293046.811944,101.400281,<500k,Toyota,False,HILUX VIGO,False,__OTHER__,True,True
19315511,Ford,FIESTA,Style,2012,177500,44000.000000,-4027.324504,48027.324504,48027.324504,109.153010,<500k,Ford,False,__OTHER__,True,__OTHER__,True,True
19239678,Honda,City,V Modulo 01,2013,177500,219000.000000,-3862.771895,222862.771895,222862.771895,101.763823,<500k,Honda,False,City,False,__OTHER__,True,True
19297476,Subaru,IMPREZA,WRX STI,1995,197500,550000.000000,-3819.797530,553819.797530,553819.797530,100.694509,500k-1M,Subaru,False,__OTHER__,True,__OTHER__,True,True
19326809,Isuzu,D-MAX,Hi-Lander Z-Prestige Cab-4,2016,247500,449000.000000,-3677.988844,452677.988844,452677.988844,100.819151,<500k,Isuzu,False,D-MAX,False,__OTHER__,True,True
19277909,Toyota,Corolla Altis,G,2014,237500,259000.000000,-3572.568961,262572.568961,262572.568961,101.379370,<500k,Toyota,False,Corolla Altis,False,G,False,False
12758008,Mitsubishi,TRITON,GL CNG Single Cab,2010,142500,138000.000000,-3494.778246,141494.778246,141494.778246,102.532448,<500k,Mitsubishi,False,TRITON,False,__OTHER__,True,True
19115166,ORA,Good Cat,400 Tech,2021,97500,437000.000000,-3472.467584,440472.467584,440472.467584,100.794615,<500k,ORA,False,Good Cat,False,__OTHER__,True,True
19296631,Honda,City,S,2013,178900,160000.000000,-3403.586692,163403.586692,163403.586692,102.127242,<500k,Honda,False,City,False,S,False,False
19150026,Honda,JAZZ,V,2012,167500,199000.000000,-3342.266742,202342.266742,202342.266742,101.679531,<500k,Honda,False,JAZZ,False,V,False,False
19201991,Isuzu,D-MAX,Hi-Lander Cab-4,2008,310041,189000.000000,-3075.240153,192075.240153,192075.240153,101.627111,<500k,Isuzu,False,D-MAX,False,__OTHER__,True,True
19114619,Toyota,WISH,Q,2006,297500,125000.000000,-3064.892050,128064.892050,128064.892050,102.451914,<500k,Toyota,False,__OTHER__,True,__OTHER__,True,True
17438124,Toyota,YARIS,G,2014,177500,259000.000000,-2901.279989,261901.279989,261901.279989,101.120185,<500k,Toyota,False,YARIS,False,G,False,False
17819530,Nissan,ALMERA,VL,2014,92500,195000.000000,-2885.424779,197885.424779,197885.424779,101.479705,<500k,Nissan,False,ALMERA,False,__OTHER__,True,True
13454248,Nissan,ALMERA,VL,2014,92500,155000.000000,-2885.424779,157885.424779,157885.424779,101.861564,<500k,Nissan,False,ALMERA,False,__OTHER__,True,True
19322685,Mini,Countryman,Cooper,2011,142500,399000.000000,-2760.536621,401760.536621,401760.536621,100.691864,<500k,Mini,False,Countryman,False,__OTHER__,True,True
19095720,Toyota,YARIS,G,2012,182500,185000.000000,-2738.106350,187738.106350,187738.106350,101.480057,<500k,Toyota,False,YARIS,False,G,False,False
19261716,Mitsubishi,TRITON,GLS Plus Mega Cab,2013,187500,199000.000000,-2571.602718,201571.602718,201571.602718,101.292263,<500k,Mitsubishi,False,TRITON,False,__OTHER__,True,True
19102848,Mazda,2,Sports Groove,2012,2500,139000.000000,-1953.019869,140953.019869,140953.019869,101.405050,<500k,Mazda,False,2,False,__OTHER__,True,True
18927761,Toyota,YARIS,G,2014,182500,259000.000000,-1899.232532,260899.232532,260899.232532,100.733294,<500k,Toyota,False,YARIS,False,G,False,False
18610578,Nissan,NP 300 Navara,Calibre EL Double Cab,2014,177500,339900.000000,-1889.919402,341789.919402,341789.919402,100.556022,<500k,Nissan,False,NP 300 Navara,False,__OTHER__,True,True
19218410,MG,GS,X,2018,207500,169000.000000,-1876.824948,170876.824948,170876.824948,101.110547,<500k,MG,False,__OTHER__,True,X,False,True
18552797,Toyota,Landcruiser Prado,TZ,1998,390814,499000.000000,-1707.260988,500707.260988,500707.260988,100.342136,<500k,Toyota,False,__OTHER__,True,__OTHER__,True,True
13528657,Toyota,FORTUNER,V,2005,102500,298000.000000,-1689.557996,299689.557996,299689.557996,100.566966,<500k,Toyota,False,FORTUNER,False,V,False,False
19237992,Suzuki,SWIFT,GLX,2013,97500,175000.000000,-1659.222064,176659.222064,176659.222064,100.948127,<500k,Suzuki,False,SWIFT,False,GLX,False,False
19174519,Suzuki,SWIFT,GA,2015,52500,259000.000000,-1616.088230,260616.088230,260616.088230,100.623972,<500k,Suzuki,False,SWIFT,False,__OTHER__,True,True
19174535,Suzuki,SWIFT,GA,2015,52500,259000.000000,-1616.088230,260616.088230,260616.088230,100.623972,<500k,Suzuki,False,SWIFT,False,__OTHER__,True,True
18503545,Mercedes-Benz,C180,Avantgarde BlueEFFICIENCY,2011,167500,350000.000000,-1555.341584,351555.341584,351555.341584,100.444383,<500k,Mercedes-Benz,False,C180,False,__OTHER__,True,True
18994054,Mazda,2,Standard,2015,217500,229000.000000,-1536.420048,230536.420048,230536.420048,100.670926,<500k,Mazda,False,2,False,__OTHER__,True,True
19134818,Toyota,VIOS,E,2013,297500,175000.000000,-1485.283995,176485.283995,176485.283995,100.848734,<500k,Toyota,False,VIOS,False,E,False,False
19269737,Honda,ODYSSEY,VTi,2001,297500,189000.000000,-1479.469420,190479.469420,190479.469420,100.782788,<500k,Honda,False,__OTHER__,True,__OTHER__,True,True
19331889,Toyota,SOLUNA,GLi S-Series,2000,162500,1.000000,-1476.192965,1477.192965,1477.192965,147719.296548,<500k,Toyota,False,__OTHER__,True,__OTHER__,True,True
17936376,Mazda,2,Sports High Plus,2015,97500,225000.000000,-1271.555528,226271.555528,226271.555528,100.565136,<500k,Mazda,False,2,False,__OTHER__,True,True
18870178,Toyota,YARIS,J,2014,154197,209000.000000,-1260.657575,210260.657575,210260.657575,100.603185,<500k,Toyota,False,YARIS,False,__OTHER__,True,True
19308635,Mitsubishi,TRITON,GLS Plus Double Cab,2015,197500,345000.000000,-1239.782348,346239.782348,346239.782348,100.359357,<500k,Mitsubishi,False,TRITON,False,__OTHER__,True,True
18340895,Toyota,MR2,,1993,92500,799000.000000,-1207.512666,800207.512666,800207.512666,100.151128,500k-1M,Toyota,False,__OTHER__,True,__MISSING__,False,True
18904365,Honda,CIVIC,S,2010,152500,187000.000000,-1182.735184,188182.735184,188182.735184,100.632479,<500k,Honda,False,CIVIC,False,S,False,False
19049754,Toyota,HIACE,D4D,2012,297500,310000.000000,-1001.170889,311001.170889,311001.170889,100.322958,<500k,Toyota,False,HIACE,False,__OTHER__,True,True
18997743,Isuzu,D-MAX,Hi-Lander Super Titanium Space Cab,2011,167500,249000.000000,-605.210995,249605.210995,249605.210995,100.243057,<500k,Isuzu,False,D-MAX,False,__OTHER__,True,True
17985503,Toyota,YARIS,J,2014,152500,285000.000000,-153.028925,285153.028925,285153.028925,100.053694,<500k,Toyota,False,YARIS,False,__OTHER__,True,True
18802954,Mercedes-Benz,E250,Avantgarde CGI BlueEFFICIENCY,2010,222500,349000.000000,-119.334773,349119.334773,349119.334773,100.034193,<500k,Mercedes-Benz,False,E250,False,__OTHER__,True,True
