listing_id,brand,model,sub_model,model_year,mileage,ACTUAL_PRICE,PREDICTED_PRICE,ERROR_THB,ABS_ERROR,APE_PCT,PRICE_BAND,brand_MODEL_CATEGORY,brand_IS_OTHER,model_MODEL_CATEGORY,model_IS_OTHER,sub_model_MODEL_CATEGORY,sub_model_IS_OTHER,ANY_OTHER
13633105,Toyota,CORONA,SL,1967,2500,59000.000000,-3410158.980195,3469158.980195,3469158.980195,5879.930475,<500k,Toyota,False,__OTHER__,True,__OTHER__,True,True
11322047,Volvo,144,Classic,1967,2500,79000.000000,-2757401.442764,2836401.442764,2836401.442764,3590.381573,<500k,Volvo,False,__OTHER__,True,__OTHER__,True,True
18921434,Mercedes-Benz,190SL,,1955,50991,1.000000,-2729656.239112,2729657.239112,2729657.239112,272965723.911201,<500k,Mercedes-Benz,False,__OTHER__,True,__MISSING__,False,True
17574373,Mazda,FAMILIA,STR,1990,2500,155000.000000,-2713217.824623,2868217.824623,2868217.824623,1850.463113,<500k,Mazda,False,__OTHER__,True,__OTHER__,True,True
18919406,Mitsubishi,LANCER,,1977,122500,59000.000000,-2456671.842200,2515671.842200,2515671.842200,4263.850580,<500k,Mitsubishi,False,__OTHER__,True,__MISSING__,False,True
19183645,Volkswagen,BEETLE,,1969,7041,790000.000000,-2394585.351543,3184585.351543,3184585.351543,403.112070,500k-1M,Volkswagen,False,__OTHER__,True,__MISSING__,False,True
19180118,Volkswagen,BEETLE,1300,1972,57500,1490000.000000,-2355069.488643,3845069.488643,3845069.488643,258.058355,1M-3M,Volkswagen,False,__OTHER__,True,__OTHER__,True,True
19201932,Toyota,STARLET,XL,1986,152500,129000.000000,-2278428.733962,2407428.733962,2407428.733962,1866.223825,<500k,Toyota,False,__OTHER__,True,__OTHER__,True,True
18033912,Volvo,144,Classic,1967,2500,88000.000000,-2246777.464570,2334777.464570,2334777.464570,2653.156210,<500k,Volvo,False,__OTHER__,True,__OTHER__,True,True
18850170,Mazda,FAMILIA,STR,1989,2500,140000.000000,-2213642.428632,2353642.428632,2353642.428632,1681.173163,<500k,Mazda,False,__OTHER__,True,__OTHER__,True,True
18690330,Volvo,P1800,,1961,42500,2990000.000000,-2184465.695506,5174465.695506,5174465.695506,173.059053,1M-3M,Volvo,False,__OTHER__,True,__MISSING__,False,True
12710642,Mitsubishi,LANCER,,1977,2500,16000.000000,-2133840.417172,2149840.417172,2149840.417172,13436.502607,<500k,Mitsubishi,False,__OTHER__,True,__MISSING__,False,True
19102947,Toyota,COROLLA,Liftback,1979,2500,999000.000000,-1971050.127896,2970050.127896,2970050.127896,297.302315,500k-1M,Toyota,False,__OTHER__,True,__OTHER__,True,True
12866940,Toyota,COROLLA,Liftback,1979,2500,999000.000000,-1971050.127896,2970050.127896,2970050.127896,297.302315,500k-1M,Toyota,False,__OTHER__,True,__OTHER__,True,True
18824942,Toyota,HILUX MIGHTY-X,Double Cab,1992,416999,119000.000000,-1927963.354036,2046963.354036,2046963.354036,1720.137272,<500k,Toyota,False,__OTHER__,True,__OTHER__,True,True
19182933,Volvo,244,DL,1978,2500,29000.000000,-1818696.189785,1847696.189785,1847696.189785,6371.366172,<500k,Volvo,False,__OTHER__,True,__OTHER__,True,True
16309417,Mercedes-Benz,230S,Classic,1968,1,1500000.000000,-1798906.701305,3298906.701305,3298906.701305,219.927113,1M-3M,Mercedes-Benz,False,__OTHER__,True,__OTHER__,True,True
12046305,Nissan,NV,LX Single Cab,1995,2500,59000.000000,-1798506.301861,1857506.301861,1857506.301861,3148.315766,<500k,Nissan,False,__OTHER__,True,__OTHER__,True,True
19237948,Hyundai,H-1,Deluxe,2018,3006700,725000.000000,-1792846.980572,2517846.980572,2517846.980572,347.289239,500k-1M,Hyundai,False,H-1,False,__OTHER__,True,True
18630451,Honda,CIVIC,EX,1992,297500,69000.000000,-1778164.751439,1847164.751439,1847164.751439,2677.050364,<500k,Honda,False,CIVIC,False,__OTHER__,True,True
19182978,Volvo,244,GL,1979,2500,25000.000000,-1771861.112238,1796861.112238,1796861.112238,7187.444449,<500k,Volvo,False,__OTHER__,True,__OTHER__,True,True
19170884,Volkswagen,Karmann Ghia,,1968,57500,1490000.000000,-1750483.291651,3240483.291651,3240483.291651,217.482100,1M-3M,Volkswagen,False,__OTHER__,True,__MISSING__,False,True
19211345,Isuzu,TFR,Station Wagon,1995,252500,99000.000000,-1697389.509351,1796389.509351,1796389.509351,1814.534858,<500k,Isuzu,False,__OTHER__,True,__OTHER__,True,True
11869034,AUSTIN,Mini,Traveller,1972,177500,2799000.000000,-1675718.027777,4474718.027777,4474718.027777,159.868454,1M-3M,__OTHER__,True,__OTHER__,True,__OTHER__,True,True
19132980,Suzuki,CARIBIAN,Sporty,2003,292500,145000.000000,-1641148.103787,1786148.103787,1786148.103787,1231.826278,<500k,Suzuki,False,__OTHER__,True,__OTHER__,True,True
17045325,Volvo,P1800,,1961,47500,2990000.000000,-1633788.742717,4623788.742717,4623788.742717,154.641764,1M-3M,Volvo,False,__OTHER__,True,__MISSING__,False,True
19313755,Toyota,COROLLA,SE Limited,1991,62500,88000.000000,-1621536.583323,1709536.583323,1709536.583323,1942.655208,<500k,Toyota,False,__OTHER__,True,__OTHER__,True,True
19165459,Toyota,COROLLA,GLi,1993,358500,35000.000000,-1617835.042128,1652835.042128,1652835.042128,4722.385835,<500k,Toyota,False,__OTHER__,True,__OTHER__,True,True
19031068,Toyota,COROLLA,GXi,1993,237500,46500.000000,-1603877.085333,1650377.085333,1650377.085333,3549.198033,<500k,Toyota,False,__OTHER__,True,__OTHER__,True,True
18853343,Isuzu,TFR,Supreme,1994,330000,145000.000000,-1600432.988975,1745432.988975,1745432.988975,1203.746889,<500k,Isuzu,False,__OTHER__,True,__OTHER__,True,True
19199811,Isuzu,TFR,Spark EX,1990,297500,98000.000000,-1573589.040448,1671589.040448,1671589.040448,1705.703102,<500k,Isuzu,False,__OTHER__,True,__OTHER__,True,True
11321999,Mercedes-Benz,280S,,1972,2500,78000.000000,-1560820.840724,1638820.840724,1638820.840724,2101.052360,<500k,Mercedes-Benz,False,__OTHER__,True,__MISSING__,False,True
18716774,Mitsubishi,COLT,GLXi,1992,197500,128000.000000,-1512063.506484,1640063.506484,1640063.506484,1281.299614,<500k,Mitsubishi,False,__OTHER__,True,__OTHER__,True,True
19023183,Isuzu,TFR,SLX Space Cab,1996,339739,165000.000000,-1455970.001070,1620970.001070,1620970.001070,982.406061,<500k,Isuzu,False,__OTHER__,True,__OTHER__,True,True
19288313,Nissan,SUNNY,EX Saloon,1995,62500,24800.000000,-1436189.699398,1460989.699398,1460989.699398,5891.087498,<500k,Nissan,False,__OTHER__,True,__OTHER__,True,True
14283020,BMW,2800,,1968,2500,750000.000000,-1410637.235249,2160637.235249,2160637.235249,288.084965,500k-1M,BMW,False,__OTHER__,True,__MISSING__,False,True
18993694,Toyota,COROLLA,GXi,1993,2500,45000.000000,-1398451.348565,1443451.348565,1443451.348565,3207.669663,<500k,Toyota,False,__OTHER__,True,__OTHER__,True,True
18993344,Toyota,COROLLA,GXi,1993,2500,50000.000000,-1398451.348565,1448451.348565,1448451.348565,2896.902697,<500k,Toyota,False,__OTHER__,True,__OTHER__,True,True
18847300,Toyota,HIACE,,1993,282500,360000.000000,-1354137.234441,1714137.234441,1714137.234441,476.149232,<500k,Toyota,False,__OTHER__,True,__MISSING__,False,True
19297476,Subaru,IMPREZA,WRX STI,1995,197500,550000.000000,-1303551.232936,1853551.232936,1853551.232936,337.009315,500k-1M,Subaru,False,__OTHER__,True,__OTHER__,True,True
16408516,Mitsubishi,LANCER,GLX,1993,282500,49000.000000,-1285509.665235,1334509.665235,1334509.665235,2723.489113,<500k,Mitsubishi,False,__OTHER__,True,GLX,False,True
14317801,Mazda,626,Cronos,1994,2500,55000.000000,-1282450.294375,1337450.294375,1337450.294375,2431.727808,<500k,Mazda,False,__OTHER__,True,__OTHER__,True,True
9253949,Toyota,COROLLA,XX,1978,2500,1.000000,-1278140.291824,1278141.291824,1278141.291824,127814129.182425,<500k,Toyota,False,__OTHER__,True,__OTHER__,True,True
19082743,Toyota,COROLLA,GXi Saloon,1996,17500,49000.000000,-1273576.029701,1322576.029701,1322576.029701,2699.134754,<500k,Toyota,False,__OTHER__,True,__OTHER__,True,True
18921994,Honda,CIVIC,EX,1994,197500,78000.000000,-1267432.195814,1345432.195814,1345432.195814,1724.913072,<500k,Honda,False,CIVIC,False,__OTHER__,True,True
19232262,Honda,CIVIC,VTi LX,1997,378000,44000.000000,-1262623.710942,1306623.710942,1306623.710942,2969.599343,<500k,Honda,False,CIVIC,False,__OTHER__,True,True
19186108,Volkswagen,Karmann Ghia,,1968,7500,1390000.000000,-1258471.511043,2648471.511043,2648471.511043,190.537519,1M-3M,Volkswagen,False,__OTHER__,True,__MISSING__,False,True
12797998,Nissan,CEFIRO,,1992,147500,338000.000000,-1254889.938600,1592889.938600,1592889.938600,471.269213,<500k,Nissan,False,__OTHER__,True,__MISSING__,False,True
19331664,Audi,A4,,1997,212500,168000.000000,-1239596.205000,1407596.205000,1407596.205000,837.854884,<500k,Audi,False,__OTHER__,True,__MISSING__,False,True
19339942,Toyota,SOLUNA,GLi,1999,354054,40000.000000,-1231617.132287,1271617.132287,1271617.132287,3179.042831,<500k,Toyota,False,__OTHER__,True,__OTHER__,True,True
17136169,Toyota,VITZ,RS,2000,117500,235000.000000,-1231223.969012,1466223.969012,1466223.969012,623.925093,<500k,Toyota,False,__OTHER__,True,RS,False,True
18223386,Nissan,Big M,DX Double Cab,1989,2500,259000.000000,-1221030.365923,1480030.365923,1480030.365923,571.440296,<500k,Nissan,False,__OTHER__,True,__OTHER__,True,True
19162508,BMW,520i,,1990,182500,120000.000000,-1219949.435200,1339949.435200,1339949.435200,1116.624529,<500k,BMW,False,__OTHER__,True,__MISSING__,False,True
14317480,Honda,ACCORD,EXi,1994,297500,55000.000000,-1217605.771885,1272605.771885,1272605.771885,2313.828676,<500k,Honda,False,ACCORD,False,__OTHER__,True,True
18731657,Toyota,CORONA,GLi,1994,2500,49000.000000,-1215368.032587,1264368.032587,1264368.032587,2580.342924,<500k,Toyota,False,__OTHER__,True,__OTHER__,True,True
14317362,Nissan,Big M,GL Super Single Cab,1991,2500,65000.000000,-1205130.872177,1270130.872177,1270130.872177,1954.047496,<500k,Nissan,False,__OTHER__,True,__OTHER__,True,True
18514914,Honda,Life Dunk,Turbo,2002,102500,389000.000000,-1201156.676659,1590156.676659,1590156.676659,408.780637,<500k,Honda,False,__OTHER__,True,__OTHER__,True,True
18011845,Honda,ACCORD,EX,1991,2500,49000.000000,-1189381.992294,1238381.992294,1238381.992294,2527.310188,<500k,Honda,False,ACCORD,False,__OTHER__,True,True
19012969,Toyota,HILUX MIGHTY-X,Double Cab,1991,117500,188000.000000,-1187658.330158,1375658.330158,1375658.330158,731.733154,<500k,Toyota,False,__OTHER__,True,__OTHER__,True,True
19138464,Toyota,HIACE,D4D,2006,882285,299000.000000,-1186134.393283,1485134.393283,1485134.393283,496.700466,<500k,Toyota,False,__OTHER__,True,__OTHER__,True,True
19122773,Honda,CIVIC,VTi EX,1995,112500,88000.000000,-1183637.056970,1271637.056970,1271637.056970,1445.042110,<500k,Honda,False,CIVIC,False,__OTHER__,True,True
18662071,Mitsubishi,LANCER,GLXi,1997,182500,65000.000000,-1158626.969489,1223626.969489,1223626.969489,1882.503030,<500k,Mitsubishi,False,__OTHER__,True,__OTHER__,True,True
18923791,Toyota,AVANZA,S,2005,242500,139000.000000,-1155785.332546,1294785.332546,1294785.332546,931.500239,<500k,Toyota,False,__OTHER__,True,S,False,True
18216670,Honda,CIVIC,LXi,1999,300000,69000.000000,-1147846.320582,1216846.320582,1216846.320582,1763.545392,<500k,Honda,False,CIVIC,False,__OTHER__,True,True
14463624,Honda,ACCORD,EXi,1992,2500,35000.000000,-1139217.696907,1174217.696907,1174217.696907,3354.907705,<500k,Honda,False,ACCORD,False,__OTHER__,True,True
18948465,Honda,ACCORD,LXi,1993,112500,220000.000000,-1132437.999171,1352437.999171,1352437.999171,614.744545,<500k,Honda,False,ACCORD,False,__OTHER__,True,True
18950810,Honda,ACCORD,LXi,1993,107500,220000.000000,-1128067.238814,1348067.238814,1348067.238814,612.757836,<500k,Honda,False,ACCORD,False,__OTHER__,True,True
19175534,Honda,CIVIC,LXi,1996,287500,59000.000000,-1125303.223156,1184303.223156,1184303.223156,2007.293599,<500k,Honda,False,CIVIC,False,__OTHER__,True,True
19318641,Mitsubishi,SPACE WAGON,,1995,232500,59000.000000,-1095568.983981,1154568.983981,1154568.983981,1956.896583,<500k,Mitsubishi,False,__OTHER__,True,__MISSING__,False,True
19230459,Honda,CIVIC,VTi LX,1995,2500,45000.000000,-1087480.329122,1132480.329122,1132480.329122,2516.622954,<500k,Honda,False,CIVIC,False,__OTHER__,True,True
18909958,Honda,CIVIC,EX,1996,187500,159000.000000,-1069882.684291,1228882.684291,1228882.684291,772.882191,<500k,Honda,False,CIVIC,False,__OTHER__,True,True
19151849,Nissan,SKYLINE,GTS-t,1993,22500,1890000.000000,-1067205.029869,2957205.029869,2957205.029869,156.465875,1M-3M,Nissan,False,__OTHER__,True,__OTHER__,True,True
19306706,Toyota,COROLLA,GXi,1999,248111,50000.000000,-1062036.106206,1112036.106206,1112036.106206,2224.072212,<500k,Toyota,False,__OTHER__,True,__OTHER__,True,True
19295215,Honda,CR-V,E,2013,1660000,299000.000000,-1059690.149047,1358690.149047,1358690.149047,454.411421,<500k,Honda,False,CR-V,False,E,False,False
14464364,Toyota,COROLLA,SEG,1996,2500,45000.000000,-1057305.268821,1102305.268821,1102305.268821,2449.567264,<500k,Toyota,False,__OTHER__,True,__OTHER__,True,True
18464517,Mercedes-Benz,190E,,1992,97500,350000.000000,-1056847.758489,1406847.758489,1406847.758489,401.956502,<500k,Mercedes-Benz,False,__OTHER__,True,__MISSING__,False,True
19289742,Honda,CR-V,S,2002,297500,99000.000000,-1054838.149864,1153838.149864,1153838.149864,1165.493081,<500k,Honda,False,CR-V,False,S,False,False
19235771,Isuzu,Dragon Eyes,SLX Space Cab (Air),2000,202500,145000.000000,-1049470.194369,1194470.194369,1194470.194369,823.772548,<500k,Isuzu,False,__OTHER__,True,__OTHER__,True,True
18867586,Mercedes-Benz,230E,Classic,1979,92500,128000.000000,-1037710.928405,1165710.928405,1165710.928405,910.711663,<500k,Mercedes-Benz,False,__OTHER__,True,__OTHER__,True,True
14318068,Honda,City,EXi,1997,2500,42000.000000,-1036541.568600,1078541.568600,1078541.568600,2567.956116,<500k,Honda,False,City,False,__OTHER__,True,True
19004085,Toyota,AVANZA,E,2004,202500,139000.000000,-1034935.417269,1173935.417269,1173935.417269,844.557854,<500k,Toyota,False,__OTHER__,True,E,False,True
18293494,Toyota,HILUX MIGHTY-X,Extra Cab,1993,297500,259000.000000,-1029326.031396,1288326.031396,1288326.031396,497.423178,<500k,Toyota,False,__OTHER__,True,__OTHER__,True,True
18474414,Chevrolet,ZAFIRA,CD,2000,2500,100000.000000,-1021465.637951,1121465.637951,1121465.637951,1121.465638,<500k,Chevrolet,False,__OTHER__,True,__OTHER__,True,True
18164602,Toyota,HILUX,Single Cab 106,1991,232500,179000.000000,-1019099.675553,1198099.675553,1198099.675553,669.329428,<500k,Toyota,False,__OTHER__,True,__OTHER__,True,True
14461215,Honda,ACCORD,EX,1992,2500,45000.000000,-1006324.439631,1051324.439631,1051324.439631,2336.276533,<500k,Honda,False,ACCORD,False,__OTHER__,True,True
19088209,Suzuki,VITARA,,1994,97500,250000.000000,-1004338.738778,1254338.738778,1254338.738778,501.735496,<500k,Suzuki,False,__OTHER__,True,__MISSING__,False,True
19276189,Honda,CIVIC,EXi,2001,455000,44000.000000,-1003872.600098,1047872.600098,1047872.600098,2381.528637,<500k,Honda,False,CIVIC,False,__OTHER__,True,True
18668541,Mitsubishi,LANCER,SEi,1996,90000,888000.000000,-997257.657755,1885257.657755,1885257.657755,212.303790,500k-1M,Mitsubishi,False,__OTHER__,True,__OTHER__,True,True
19142305,Toyota,Sport Cruiser,S,2001,247500,199000.000000,-977861.866242,1176861.866242,1176861.866242,591.387872,<500k,Toyota,False,__OTHER__,True,S,False,True
18313148,Toyota,CAMRY,SEG,2001,400000,87000.000000,-976885.772912,1063885.772912,1063885.772912,1222.857210,<500k,Toyota,False,CAMRY,False,__OTHER__,True,True
19081847,Honda,CR-V,EXi,2000,332000,49000.000000,-972711.328724,1021711.328724,1021711.328724,2085.125161,<500k,Honda,False,CR-V,False,__OTHER__,True,True
14318147,Honda,CIVIC,VTi EX,1998,2500,42000.000000,-964336.439841,1006336.439841,1006336.439841,2396.039142,<500k,Honda,False,CIVIC,False,__OTHER__,True,True
19207229,Chevrolet,OPTRA,,2004,180000,29000.000000,-960386.557184,989386.557184,989386.557184,3411.677783,<500k,Chevrolet,False,__OTHER__,True,__MISSING__,False,True
19303370,Toyota,AVANZA,E,2005,182176,129000.000000,-958154.179589,1087154.179589,1087154.179589,842.755178,<500k,Toyota,False,__OTHER__,True,E,False,True
18857620,Toyota,Corolla Altis,J,2002,207500,68000.000000,-957958.630473,1025958.630473,1025958.630473,1508.762692,<500k,Toyota,False,Corolla Altis,False,__OTHER__,True,True
18968204,Toyota,INNOVA,V,2007,247500,184000.000000,-954905.030948,1138905.030948,1138905.030948,618.970126,<500k,Toyota,False,INNOVA,False,V,False,False
16850645,Honda,CIVIC,Type R,1999,7500,3800000.000000,-953086.091490,4753086.091490,4753086.091490,125.081213,>=3M,Honda,False,CIVIC,False,__OTHER__,True,True
16504759,Toyota,HILUX MIGHTY-X,GL Extra Cab,1998,202500,119000.000000,-950134.932715,1069134.932715,1069134.932715,898.432717,<500k,Toyota,False,__OTHER__,True,__OTHER__,True,True
5357326,Toyota,CAMRY,GXi,1997,2500,77000.000000,-940599.572601,1017599.572601,1017599.572601,1321.557886,<500k,Toyota,False,CAMRY,False,__OTHER__,True,True
19089187,Audi,A4,,1996,127500,129000.000000,-937083.825224,1066083.825224,1066083.825224,826.421570,<500k,Audi,False,__OTHER__,True,__MISSING__,False,True
19124786,Mitsubishi,LANCER,GL,1990,2500,99000.000000,-928502.455625,1027502.455625,1027502.455625,1037.881268,<500k,Mitsubishi,False,__OTHER__,True,__OTHER__,True,True
14307432,Chevrolet,AVEO,LS CNG,2011,112500,85000.000000,-925111.582393,1010111.582393,1010111.582393,1188.366568,<500k,Chevrolet,False,__OTHER__,True,__OTHER__,True,True
19291740,Toyota,VIOS,S,2004,327000,74000.000000,-916455.564422,990455.564422,990455.564422,1338.453465,<500k,Toyota,False,VIOS,False,S,False,False
18677220,Mercedes-Benz,230E,Classic,1983,297500,268000.000000,-910710.661088,1178710.661088,1178710.661088,439.817411,<500k,Mercedes-Benz,False,__OTHER__,True,__OTHER__,True,True
19301217,Honda,CIVIC,VTi,2001,282500,79000.000000,-909182.715828,988182.715828,988182.715828,1250.864197,<500k,Honda,False,CIVIC,False,__OTHER__,True,True
3894580,Mercedes-Benz,190E,,1993,7500,78000.000000,-901623.711582,979623.711582,979623.711582,1255.927835,<500k,Mercedes-Benz,False,__OTHER__,True,__MISSING__,False,True
18493531,AUSTIN,Mini,,1978,2500,999000.000000,-896810.880503,1895810.880503,1895810.880503,189.770859,500k-1M,__OTHER__,True,__OTHER__,True,__MISSING__,False,True
19210879,Nissan,SUNNY,GL,2003,257500,49000.000000,-893732.312303,942732.312303,942732.312303,1923.943494,<500k,Nissan,False,__OTHER__,True,__OTHER__,True,True
18805136,Audi,A3,,1997,162500,125000.000000,-889964.704077,1014964.704077,1014964.704077,811.971763,<500k,Audi,False,__OTHER__,True,__MISSING__,False,True
14462997,Toyota,COROLLA,DXi Saloon,1997,2500,29000.000000,-879153.573948,908153.573948,908153.573948,3131.564048,<500k,Toyota,False,__OTHER__,True,__OTHER__,True,True
19111753,Toyota,Corolla Altis,G,2001,306019,89000.000000,-874123.148240,963123.148240,963123.148240,1082.160841,<500k,Toyota,False,Corolla Altis,False,G,False,False
12853684,Honda,CIVIC,Type R,2000,2500,2390000.000000,-872164.970647,3262164.970647,3262164.970647,136.492258,1M-3M,Honda,False,CIVIC,False,__OTHER__,True,True
14307462,Toyota,CAMRY,GXi,2000,192500,80000.000000,-872049.578592,952049.578592,952049.578592,1190.061973,<500k,Toyota,False,CAMRY,False,__OTHER__,True,True
19236293,Toyota,Corolla Altis,E,2004,297500,69000.000000,-870219.530550,939219.530550,939219.530550,1361.187725,<500k,Toyota,False,Corolla Altis,False,E,False,False
19045574,Nissan,MARCH,EL,2010,222500,99000.000000,-867101.311844,966101.311844,966101.311844,975.859911,<500k,Nissan,False,__OTHER__,True,EL,False,True
19282695,Toyota,VIOS,J,2003,247500,79000.000000,-866203.151537,945203.151537,945203.151537,1196.459685,<500k,Toyota,False,VIOS,False,__OTHER__,True,True
19331980,Honda,CR-V,S,2003,192500,110000.000000,-863978.626274,973978.626274,973978.626274,885.435115,<500k,Honda,False,CR-V,False,S,False,False
14307347,Toyota,CAMRY,GXi,2001,267500,88000.000000,-861060.623458,949060.623458,949060.623458,1078.477981,<500k,Toyota,False,CAMRY,False,__OTHER__,True,True
19179911,Mazda,BT-50,V Commonrail Freestyle Cab,2007,237500,149000.000000,-856891.240398,1005891.240398,1005891.240398,675.094792,<500k,Mazda,False,__OTHER__,True,__OTHER__,True,True
19211665,Toyota,COROLLA,GXIS,1999,2500,59000.000000,-847334.741809,906334.741809,906334.741809,1536.160579,<500k,Toyota,False,__OTHER__,True,__OTHER__,True,True
19158935,Toyota,INNOVA,G,2008,297500,115000.000000,-844710.225751,959710.225751,959710.225751,834.530631,<500k,Toyota,False,INNOVA,False,G,False,False
11058355,BMW,316i,,1982,142500,1.000000,-841895.562188,841896.562188,841896.562188,84189656.218775,<500k,BMW,False,__OTHER__,True,__MISSING__,False,True
19261613,Nissan,MARCH,EL,2010,152500,119000.000000,-832296.731948,951296.731948,951296.731948,799.409018,<500k,Nissan,False,__OTHER__,True,EL,False,True
18717418,Volkswagen,GOLF,GL,1996,147500,88000.000000,-829123.304124,917123.304124,917123.304124,1042.185573,<500k,Volkswagen,False,__OTHER__,True,__OTHER__,True,True
19284834,Mazda,3,Spirit,2008,217500,79000.000000,-826801.397023,905801.397023,905801.397023,1146.584047,<500k,Mazda,False,3,False,__OTHER__,True,True
14307740,Toyota,Corolla Altis,E,2005,297500,115000.000000,-811204.559568,926204.559568,926204.559568,805.395269,<500k,Toyota,False,Corolla Altis,False,E,False,False
18806860,Mitsubishi,LANCER,SEi,1999,139407,1090000.000000,-806932.938199,1896932.938199,1896932.938199,174.030545,1M-3M,Mitsubishi,False,__OTHER__,True,__OTHER__,True,True
13744172,Ford,RANGER,XLT Super Cab,2000,142000,89000.000000,-804822.532693,893822.532693,893822.532693,1004.294981,<500k,Ford,False,RANGER,False,__OTHER__,True,True
18902777,Mazda,BT-50 PRO,Hi-Racer Double Cab,2013,346000,204000.000000,-803786.699110,1007786.699110,1007786.699110,494.013088,<500k,Mazda,False,__OTHER__,True,__OTHER__,True,True
14307608,Toyota,CAMRY,GXi,2001,197500,75000.000000,-799869.978463,874869.978463,874869.978463,1166.493305,<500k,Toyota,False,CAMRY,False,__OTHER__,True,True
19269874,Mazda,BT-50 PRO,Hi-Racer Double Cab,2012,258302,220000.000000,-799812.801756,1019812.801756,1019812.801756,463.551274,<500k,Mazda,False,__OTHER__,True,__OTHER__,True,True
18935001,Mitsubishi,PAJERO,GLS,1992,197500,179000.000000,-799658.085343,978658.085343,978658.085343,546.736361,<500k,Mitsubishi,False,__OTHER__,True,__OTHER__,True,True
18487906,Toyota,HILUX VIGO,E Double Cab,2006,479776,299000.000000,-793085.405190,1092085.405190,1092085.405190,365.245955,<500k,Toyota,False,__OTHER__,True,__OTHER__,True,True
18987012,Honda,CIVIC,VTi,2001,212500,79000.000000,-791890.722795,870890.722795,870890.722795,1102.393320,<500k,Honda,False,CIVIC,False,__OTHER__,True,True
10468693,Toyota,CORONA,GLi,1995,222500,78000.000000,-790791.866665,868791.866665,868791.866665,1113.835726,<500k,Toyota,False,__OTHER__,True,__OTHER__,True,True
18987539,Honda,ACCORD,EXi,1996,202500,59000.000000,-788158.028870,847158.028870,847158.028870,1435.861066,<500k,Honda,False,ACCORD,False,__OTHER__,True,True
19327578,Mazda,BT-50 PRO,Hi-Racer Double Cab,2012,242500,199000.000000,-785999.450724,984999.450724,984999.450724,494.974598,<500k,Mazda,False,__OTHER__,True,__OTHER__,True,True
14462641,Honda,CIVIC,VTi,1999,2500,48000.000000,-781278.887177,829278.887177,829278.887177,1727.664348,<500k,Honda,False,CIVIC,False,__OTHER__,True,True
19129757,Mitsubishi,TRITON,GLS Plus Double Cab,2007,257500,148000.000000,-780945.643166,928945.643166,928945.643166,627.665975,<500k,Mitsubishi,False,TRITON,False,__OTHER__,True,True
19014244,Toyota,Yaris Ativ,Mid,2020,1342222,385000.000000,-779226.247579,1164226.247579,1164226.247579,302.396428,<500k,Toyota,False,Yaris Ativ,False,__OTHER__,True,True
19341320,Mazda,2,Spirit Sport,2010,700000,159000.000000,-778811.605761,937811.605761,937811.605761,589.818620,<500k,Mazda,False,2,False,__OTHER__,True,True
19002928,Mazda,3,Spirit Sports,2010,292500,75000.000000,-773805.268082,848805.268082,848805.268082,1131.740357,<500k,Mazda,False,3,False,__OTHER__,True,True
19248899,Mercedes-Benz,E220,,1993,297500,119000.000000,-773510.467853,892510.467853,892510.467853,750.008797,<500k,Mercedes-Benz,False,__OTHER__,True,__MISSING__,False,True
19282463,Chevrolet,OPTRA,LT,2005,272500,54000.000000,-773390.018194,827390.018194,827390.018194,1532.203737,<500k,Chevrolet,False,__OTHER__,True,__OTHER__,True,True
16504806,Toyota,HILUX MIGHTY-X,GL Extra Cab,1998,1,119000.000000,-773120.012418,892120.012418,892120.012418,749.680683,<500k,Toyota,False,__OTHER__,True,__OTHER__,True,True
19130945,Nissan,SUNNY,GL,2001,2500,77700.000000,-771685.776530,849385.776530,849385.776530,1093.160588,<500k,Nissan,False,__OTHER__,True,__OTHER__,True,True
19252679,Toyota,Corolla Altis,E,2004,222500,99000.000000,-769955.036151,868955.036151,868955.036151,877.732360,<500k,Toyota,False,Corolla Altis,False,E,False,False
19252657,Toyota,Corolla Altis,E,2004,222500,99000.000000,-769955.036151,868955.036151,868955.036151,877.732360,<500k,Toyota,False,Corolla Altis,False,E,False,False
19336053,Toyota,AVANZA,S,2007,192500,148000.000000,-769537.302229,917537.302229,917537.302229,619.957637,<500k,Toyota,False,__OTHER__,True,S,False,True
14815357,Isuzu,Dragon Eyes,LS Cab-4,2001,187500,199000.000000,-766504.977548,965504.977548,965504.977548,485.178381,<500k,Isuzu,False,__OTHER__,True,__OTHER__,True,True
18862038,Volkswagen,GOLF,GL,1997,157500,99000.000000,-761314.464352,860314.464352,860314.464352,869.004509,<500k,Volkswagen,False,__OTHER__,True,__OTHER__,True,True
19276267,Toyota,COROLLA,GXi S-Limited,1997,242500,65000.000000,-756719.336504,821719.336504,821719.336504,1264.183595,<500k,Toyota,False,__OTHER__,True,__OTHER__,True,True
18532905,Mercedes-Benz,220E,,1993,257500,98000.000000,-756079.774503,854079.774503,854079.774503,871.509974,<500k,Mercedes-Benz,False,__OTHER__,True,__MISSING__,False,True
19216141,Mazda,BT-50 PRO,Hi-Racer Double Cab,2012,207500,249000.000000,-755404.128227,1004404.128227,1004404.128227,403.375152,<500k,Mazda,False,__OTHER__,True,__OTHER__,True,True
19059549,Nissan,MARCH,EL,2011,177500,116000.000000,-751214.108147,867214.108147,867214.108147,747.598369,<500k,Nissan,False,__OTHER__,True,EL,False,True
18466381,BMW,316i,,1997,77500,250000.000000,-749668.807910,999668.807910,999668.807910,399.867523,<500k,BMW,False,__OTHER__,True,__MISSING__,False,True
19316026,Chevrolet,AVEO,Base,2009,152500,49000.000000,-748895.478215,797895.478215,797895.478215,1628.358119,<500k,Chevrolet,False,__OTHER__,True,__OTHER__,True,True
19332202,Mazda,BT-50 PRO,Hi-Racer Double Cab,2012,192500,208000.000000,-746154.716644,954154.716644,954154.716644,458.728229,<500k,Mazda,False,__OTHER__,True,__OTHER__,True,True
18900428,Honda,CR-V,E,2003,197500,88000.000000,-745973.778837,833973.778837,833973.778837,947.697476,<500k,Honda,False,CR-V,False,E,False,False
19068722,Mazda,3,Spirit,2009,242500,125000.000000,-745718.773222,870718.773222,870718.773222,696.575019,<500k,Mazda,False,3,False,__OTHER__,True,True
9463702,Mitsubishi,i,,2011,2500,299000.000000,-745280.556317,1044280.556317,1044280.556317,349.257711,<500k,Mitsubishi,False,__OTHER__,True,__MISSING__,False,True
19240563,Nissan,CEFIRO,VQ20,1999,197500,69000.000000,-743344.089934,812344.089934,812344.089934,1177.310275,<500k,Nissan,False,__OTHER__,True,__OTHER__,True,True
19105026,Mitsubishi,TRITON,GLS Plus Double Cab,2007,237500,179000.000000,-740939.406127,919939.406127,919939.406127,513.932629,<500k,Mitsubishi,False,TRITON,False,__OTHER__,True,True
19313099,Mazda,3,Spirit Sports,2009,162500,120000.000000,-736715.859293,856715.859293,856715.859293,713.929883,<500k,Mazda,False,3,False,__OTHER__,True,True
19022748,Toyota,HILUX VIGO,J,2005,324000,159000.000000,-733463.852609,892463.852609,892463.852609,561.298021,<500k,Toyota,False,__OTHER__,True,__OTHER__,True,True
18964791,BMW,320i,,1980,162500,179000.000000,-732381.366236,911381.366236,911381.366236,509.151601,<500k,BMW,False,__OTHER__,True,__MISSING__,False,True
13771497,Toyota,CAMRY,G,2017,1400000,498000.000000,-731742.637198,1229742.637198,1229742.637198,246.936273,<500k,Toyota,False,CAMRY,False,G,False,False
19110315,Toyota,Corolla Altis,E,2004,137500,88000.000000,-730355.199133,818355.199133,818355.199133,929.949090,<500k,Toyota,False,Corolla Altis,False,E,False,False
19331951,Honda,CIVIC,S,2004,297500,1.000000,-728553.340147,728554.340147,728554.340147,72855434.014668,<500k,Honda,False,CIVIC,False,S,False,False
18657504,Isuzu,DRAGON POWER,Rodeo Cab-4,2001,257500,175000.000000,-721162.667051,896162.667051,896162.667051,512.092953,<500k,Isuzu,False,__OTHER__,True,__OTHER__,True,True
19339931,Honda,CIVIC,S (AS),2004,331680,70000.000000,-718659.563752,788659.563752,788659.563752,1126.656520,<500k,Honda,False,CIVIC,False,__OTHER__,True,True
16546157,Volvo,1800,S,1973,2500,2890000.000000,-717617.198027,3607617.198027,3607617.198027,124.831045,1M-3M,Volvo,False,__OTHER__,True,S,False,True
18445608,Toyota,INNOVA,V,2008,162500,179000.000000,-717225.106666,896225.106666,896225.106666,500.684417,<500k,Toyota,False,INNOVA,False,V,False,False
19301515,Mitsubishi,TRITON,GLS Plus Double Cab,2006,122500,139000.000000,-716962.278407,855962.278407,855962.278407,615.800200,<500k,Mitsubishi,False,TRITON,False,__OTHER__,True,True
19289283,Toyota,INNOVA,V,2005,335000,185000.000000,-716905.532579,901905.532579,901905.532579,487.516504,<500k,Toyota,False,INNOVA,False,V,False,False
17535039,Chevrolet,CAPTIVA,LT,2008,393641,125000.000000,-712693.358552,837693.358552,837693.358552,670.154687,<500k,Chevrolet,False,__OTHER__,True,__OTHER__,True,True
18624744,Toyota,HIACE,D4D,2005,252500,259000.000000,-712156.891512,971156.891512,971156.891512,374.964051,<500k,Toyota,False,__OTHER__,True,__OTHER__,True,True
16214250,Mazda,3,Spirit,2009,172500,110000.000000,-710914.193326,820914.193326,820914.193326,746.285630,<500k,Mazda,False,3,False,__OTHER__,True,True
19304980,Ford,FIESTA,Sport,2013,112500,159000.000000,-708876.962608,867876.962608,867876.962608,545.834568,<500k,Ford,False,__OTHER__,True,Sport,False,True
19289219,Mazda,BT-50 PRO,Hi-Racer Double Cab,2012,147500,249000.000000,-706817.873433,955817.873433,955817.873433,383.862600,<500k,Mazda,False,__OTHER__,True,__OTHER__,True,True
19015373,Mazda,3,Spirit Sports,2010,212500,108000.000000,-703873.102374,811873.102374,811873.102374,751.734354,<500k,Mazda,False,3,False,__OTHER__,True,True
5044857,Toyota,Corolla Altis,E,2004,200000,89000.000000,-693175.259754,782175.259754,782175.259754,878.848606,<500k,Toyota,False,Corolla Altis,False,E,False,False
14317858,Nissan,CEFIRO,20G,1997,2500,55000.000000,-691282.067946,746282.067946,746282.067946,1356.876487,<500k,Nissan,False,__OTHER__,True,__OTHER__,True,True
19071706,Honda,CIVIC,EXi (AS),2003,237500,79000.000000,-690359.086546,769359.086546,769359.086546,973.872261,<500k,Honda,False,CIVIC,False,__OTHER__,True,True
19263592,Mazda,FIGHTER,Double Cab,2005,252500,99000.000000,-683765.705241,782765.705241,782765.705241,790.672430,<500k,Mazda,False,__OTHER__,True,__OTHER__,True,True
18925372,Honda,CIVIC,VTi (AS),2003,222500,119000.000000,-682234.611583,801234.611583,801234.611583,673.306396,<500k,Honda,False,CIVIC,False,__OTHER__,True,True
16482578,Honda,CR-V,EXi Limited,2000,32500,78888.000000,-681187.500414,760075.500414,760075.500414,963.486843,<500k,Honda,False,CR-V,False,__OTHER__,True,True
19319920,Toyota,Corolla Altis,E,2008,436775,90000.000000,-680777.812235,770777.812235,770777.812235,856.419791,<500k,Toyota,False,Corolla Altis,False,E,False,False
19311417,Mazda,BT-50 PRO,Hi-Racer Double Cab,2012,117500,239000.000000,-680593.311292,919593.311292,919593.311292,384.767076,<500k,Mazda,False,__OTHER__,True,__OTHER__,True,True
19237100,Honda,JAZZ,E,2005,441000,99000.000000,-680541.295362,779541.295362,779541.295362,787.415450,<500k,Honda,False,JAZZ,False,E,False,False
14359479,Toyota,CORONA,Exsior SEG,1997,92500,65000.000000,-677785.487022,742785.487022,742785.487022,1142.746903,<500k,Toyota,False,__OTHER__,True,__OTHER__,True,True
19228291,Isuzu,D-MAX,SLX Cab-4,2004,366000,129000.000000,-674343.599516,803343.599516,803343.599516,622.746976,<500k,Isuzu,False,D-MAX,False,__OTHER__,True,True
19188495,Chevrolet,AVEO,LS,2008,2500,58000.000000,-671799.832387,729799.832387,729799.832387,1258.275573,<500k,Chevrolet,False,__OTHER__,True,__OTHER__,True,True
19138020,Honda,CIVIC,S,2004,232500,125000.000000,-671733.455509,796733.455509,796733.455509,637.386764,<500k,Honda,False,CIVIC,False,S,False,False
19327493,Mazda,BT-50 PRO,Hi-Racer Double Cab,2014,282500,248000.000000,-671727.682093,919727.682093,919727.682093,370.857936,<500k,Mazda,False,__OTHER__,True,__OTHER__,True,True
18611576,Honda,CR-V,E,2003,137500,105000.000000,-671001.458944,776001.458944,776001.458944,739.049009,<500k,Honda,False,CR-V,False,E,False,False
19313030,Chevrolet,OPTRA,,2005,157220,59000.000000,-670363.146497,729363.146497,729363.146497,1236.208723,<500k,Chevrolet,False,__OTHER__,True,__MISSING__,False,True
19266364,Toyota,VIOS,S,2005,132500,89000.000000,-669882.626058,758882.626058,758882.626058,852.677108,<500k,Toyota,False,VIOS,False,S,False,False
14299835,Honda,JAZZ,E-V,2004,192500,115000.000000,-667514.570940,782514.570940,782514.570940,680.447453,<500k,Honda,False,JAZZ,False,__OTHER__,True,True
18956738,Suzuki,CARRY,,2011,132500,119000.000000,-667076.458590,786076.458590,786076.458590,660.568453,<500k,Suzuki,False,__OTHER__,True,__MISSING__,False,True
19249682,Suzuki,WAGON R,,2010,42500,188000.000000,-664389.442279,852389.442279,852389.442279,453.398640,<500k,Suzuki,False,__OTHER__,True,__MISSING__,False,True
18908028,Mazda,BT-50 PRO,Hi-Racer Double Cab,2012,162500,214000.000000,-663828.806465,877828.806465,877828.806465,410.200377,<500k,Mazda,False,__OTHER__,True,__OTHER__,True,True
18756153,Nissan,FIGARO,Turbo,1991,2500,1090000.000000,-659840.056530,1749840.056530,1749840.056530,160.535785,1M-3M,Nissan,False,__OTHER__,True,__OTHER__,True,True
19088129,Toyota,VIOS,J,2004,200708,70000.000000,-656935.023490,726935.023490,726935.023490,1038.478605,<500k,Toyota,False,VIOS,False,__OTHER__,True,True
19158330,Honda,JAZZ,E-V (AS),2005,262500,109000.000000,-656017.724935,765017.724935,765017.724935,701.851124,<500k,Honda,False,JAZZ,False,__OTHER__,True,True
19289237,Toyota,CAMRY,G,2005,287500,129000.000000,-655329.588041,784329.588041,784329.588041,608.007433,<500k,Toyota,False,CAMRY,False,G,False,False
19268922,Toyota,VIOS,E,2004,212500,78000.000000,-653930.959343,731930.959343,731930.959343,938.373025,<500k,Toyota,False,VIOS,False,E,False,False
16604934,Mitsubishi,EVOLUTION,VI,1998,92500,888000.000000,-653039.741697,1541039.741697,1541039.741697,173.540511,500k-1M,Mitsubishi,False,__OTHER__,True,__OTHER__,True,True
19196427,Mazda,BT-50 PRO,Hi-Racer Double Cab,2013,177500,214000.000000,-652629.205600,866629.205600,866629.205600,404.966919,<500k,Mazda,False,__OTHER__,True,__OTHER__,True,True
19277849,Toyota,VIOS,J,2003,2500,79000.000000,-652035.894056,731035.894056,731035.894056,925.361891,<500k,Toyota,False,VIOS,False,__OTHER__,True,True
19296380,Honda,JAZZ,E-V,2005,257500,129000.000000,-651646.964579,780646.964579,780646.964579,605.152686,<500k,Honda,False,JAZZ,False,__OTHER__,True,True
19288849,Honda,JAZZ,E-V,2005,257500,129000.000000,-651646.964579,780646.964579,780646.964579,605.152686,<500k,Honda,False,JAZZ,False,__OTHER__,True,True
19229122,Nissan,MARCH,S,2011,177500,99000.000000,-649794.698497,748794.698497,748794.698497,756.358281,<500k,Nissan,False,__OTHER__,True,S,False,True
18646772,Mazda,3,R Sport Sunroof,2006,242500,117000.000000,-649693.955931,766693.955931,766693.955931,655.293979,<500k,Mazda,False,3,False,__OTHER__,True,True
18441839,Honda,CR-V,SF,2002,2500,99000.000000,-647841.161278,746841.161278,746841.161278,754.385011,<500k,Honda,False,CR-V,False,__OTHER__,True,True
19268202,Toyota,Corolla Altis,G,2003,287500,68000.000000,-647722.650267,715722.650267,715722.650267,1052.533309,<500k,Toyota,False,Corolla Altis,False,G,False,False
18911289,Subaru,IMPREZA,,1997,2500,559000.000000,-646847.648594,1205847.648594,1205847.648594,215.715143,500k-1M,Subaru,False,__OTHER__,True,__MISSING__,False,True
18671440,Toyota,Corolla Altis,E,2005,330000,75000.000000,-646311.926622,721311.926622,721311.926622,961.749235,<500k,Toyota,False,Corolla Altis,False,E,False,False
18826895,Mazda,BT-50,S Double Cab,2009,172500,159000.000000,-641982.828680,800982.828680,800982.828680,503.762785,<500k,Mazda,False,__OTHER__,True,__OTHER__,True,True
18856771,Mitsubishi,TRITON,GLX Mega Cab,2005,297500,199000.000000,-641853.803228,840853.803228,840853.803228,422.539600,<500k,Mitsubishi,False,TRITON,False,__OTHER__,True,True
19247326,Toyota,HIACE,D4D,2007,351117,459000.000000,-640274.619253,1099274.619253,1099274.619253,239.493381,<500k,Toyota,False,__OTHER__,True,__OTHER__,True,True
11232350,Toyota,Sprinter Trueno,,1986,2500,2395000.000000,-639094.214628,3034094.214628,3034094.214628,126.684518,1M-3M,Toyota,False,__OTHER__,True,__MISSING__,False,True
18515494,Mazda,BT-50 PRO,Hi-Racer Double Cab,2013,157500,259000.000000,-639009.033660,898009.033660,898009.033660,346.721635,<500k,Mazda,False,__OTHER__,True,__OTHER__,True,True
18420619,Mazda,BT-50 PRO,Hi-Racer Double Cab,2013,157500,259000.000000,-639009.033660,898009.033660,898009.033660,346.721635,<500k,Mazda,False,__OTHER__,True,__OTHER__,True,True
19200683,Suzuki,VITARA,,2002,152500,139000.000000,-638266.840833,777266.840833,777266.840833,559.184778,<500k,Suzuki,False,__OTHER__,True,__MISSING__,False,True
19151227,Honda,CIVIC,VTi,2001,2500,78000.000000,-638034.070750,716034.070750,716034.070750,917.992398,<500k,Honda,False,CIVIC,False,__OTHER__,True,True
18753022,Suzuki,CARRY,,2012,182500,129000.000000,-634233.701671,763233.701671,763233.701671,591.654032,<500k,Suzuki,False,__OTHER__,True,__MISSING__,False,True
19033090,Honda,CIVIC,VTi (AS),2003,167500,90000.000000,-634156.247659,724156.247659,724156.247659,804.618053,<500k,Honda,False,CIVIC,False,__OTHER__,True,True
18934951,Mercedes-Benz,C220,Elegance,1994,227500,169000.000000,-632778.986425,801778.986425,801778.986425,474.425436,<500k,Mercedes-Benz,False,__OTHER__,True,__OTHER__,True,True
14360692,Toyota,Corolla Altis,G,2006,212500,125000.000000,-632639.376453,757639.376453,757639.376453,606.111501,<500k,Toyota,False,Corolla Altis,False,G,False,False
18774941,Honda,CIVIC,EXi,2004,252176,79000.000000,-626637.781859,705637.781859,705637.781859,893.212382,<500k,Honda,False,CIVIC,False,__OTHER__,True,True
19023305,Toyota,VIOS,J,2006,340000,64900.000000,-625596.692840,690496.692840,690496.692840,1063.939434,<500k,Toyota,False,VIOS,False,__OTHER__,True,True
18933014,Ford,MUSTANG,,1964,2500,1.000000,-623397.983647,623398.983647,623398.983647,62339898.364748,<500k,Ford,False,__OTHER__,True,__MISSING__,False,True
19173806,Isuzu,D-MAX,Hi-Lander Cab-4,2006,482662,199000.000000,-623223.207492,822223.207492,822223.207492,413.177491,<500k,Isuzu,False,D-MAX,False,__OTHER__,True,True
19332405,Nissan,MARCH,EL,2012,222500,129000.000000,-621965.506778,750965.506778,750965.506778,582.143804,<500k,Nissan,False,__OTHER__,True,EL,False,True
12798110,Mercedes-Benz,190E,,1994,297500,198000.000000,-621707.078726,819707.078726,819707.078726,413.993474,<500k,Mercedes-Benz,False,__OTHER__,True,__MISSING__,False,True
19336034,Honda,JAZZ,E-V (AS),2005,227500,119000.000000,-621559.532951,740559.532951,740559.532951,622.318935,<500k,Honda,False,JAZZ,False,__OTHER__,True,True
18614100,Honda,JAZZ,Dynamite Revo i-DSI,2005,247500,89000.000000,-621507.184874,710507.184874,710507.184874,798.322680,<500k,Honda,False,JAZZ,False,__OTHER__,True,True
19147269,Suzuki,CARRY,,2012,167500,118000.000000,-621121.420601,739121.420601,739121.420601,626.374085,<500k,Suzuki,False,__OTHER__,True,__MISSING__,False,True
19338090,Mercedes-Benz,E220,,1995,277500,129000.000000,-620462.094958,749462.094958,749462.094958,580.978368,<500k,Mercedes-Benz,False,__OTHER__,True,__MISSING__,False,True
19186411,Nissan,MARCH,VL,2011,163654,129000.000000,-620442.090335,749442.090335,749442.090335,580.962861,<500k,Nissan,False,__OTHER__,True,__OTHER__,True,True
19319915,Toyota,Corolla Altis,E,2011,594530,95000.000000,-615414.655892,710414.655892,710414.655892,747.804901,<500k,Toyota,False,Corolla Altis,False,E,False,False
19106670,Mitsubishi,ATTRAGE,GLX,2018,1116522,239000.000000,-613796.425415,852796.425415,852796.425415,356.818588,<500k,Mitsubishi,False,ATTRAGE,False,GLX,False,False
18743570,Toyota,INNOVA,G,2010,177500,199000.000000,-613097.321315,812097.321315,812097.321315,408.089106,<500k,Toyota,False,INNOVA,False,G,False,False
18743553,Toyota,INNOVA,G,2010,177500,199000.000000,-613097.321315,812097.321315,812097.321315,408.089106,<500k,Toyota,False,INNOVA,False,G,False,False
18881534,Nissan,Frontier,AX Double Cab,2005,162500,165000.000000,-612628.693987,777628.693987,777628.693987,471.290118,<500k,Nissan,False,__OTHER__,True,__OTHER__,True,True
10904463,Mitsubishi,TRITON,GLX Double Cab,2006,2500,149000.000000,-612064.029845,761064.029845,761064.029845,510.781228,<500k,Mitsubishi,False,TRITON,False,__OTHER__,True,True
9532072,Mazda,3,R Sport Sunroof,2006,202500,117000.000000,-610865.003590,727865.003590,727865.003590,622.106841,<500k,Mazda,False,3,False,__OTHER__,True,True
18850659,Nissan,MARCH,EL Sport Version,2011,147500,118000.000000,-610183.907261,728183.907261,728183.907261,617.105006,<500k,Nissan,False,__OTHER__,True,__OTHER__,True,True
18877109,Nissan,MARCH,EL Sport Version,2011,177500,119000.000000,-610022.404303,729022.404303,729022.404303,612.623869,<500k,Nissan,False,__OTHER__,True,__OTHER__,True,True
17697114,Nissan,MARCH,VL,2011,177500,119000.000000,-610022.404303,729022.404303,729022.404303,612.623869,<500k,Nissan,False,__OTHER__,True,__OTHER__,True,True
19234129,Mercedes-Benz,230E,,1988,137500,69000.000000,-609999.030931,678999.030931,678999.030931,984.056567,<500k,Mercedes-Benz,False,__OTHER__,True,__MISSING__,False,True
19339738,Toyota,VIOS,E,2005,287500,89000.000000,-608238.915161,697238.915161,697238.915161,783.414511,<500k,Toyota,False,VIOS,False,E,False,False
18751897,Mercedes-Benz,E220,,1995,287500,219000.000000,-606680.420060,825680.420060,825680.420060,377.023023,<500k,Mercedes-Benz,False,__OTHER__,True,__MISSING__,False,True
19279745,Nissan,TIIDA,B Latio,2009,476000,64000.000000,-602909.181365,666909.181365,666909.181365,1042.045596,<500k,Nissan,False,__OTHER__,True,__OTHER__,True,True
18329681,Toyota,VIOS,Turbo,2005,97500,175000.000000,-599515.009367,774515.009367,774515.009367,442.580005,<500k,Toyota,False,VIOS,False,__OTHER__,True,True
14319853,Toyota,CORONA,Exsior SEG,1997,2500,65000.000000,-599111.800600,664111.800600,664111.800600,1021.710462,<500k,Toyota,False,__OTHER__,True,__OTHER__,True,True
19228183,Toyota,AVANZA,E,2007,167500,169000.000000,-598921.827554,767921.827554,767921.827554,454.391614,<500k,Toyota,False,__OTHER__,True,E,False,True
19335060,Ford,RANGER,XLT Double Cab,2005,347640,125000.000000,-596843.556108,721843.556108,721843.556108,577.474845,<500k,Ford,False,RANGER,False,__OTHER__,True,True
19333921,Nissan,Frontier Navara,LE Double Cab,2007,297500,110000.000000,-595073.892151,705073.892151,705073.892151,640.976266,<500k,Nissan,False,__OTHER__,True,__OTHER__,True,True
19160513,Toyota,Corolla Altis,E,2006,157500,99000.000000,-594737.519588,693737.519588,693737.519588,700.744969,<500k,Toyota,False,Corolla Altis,False,E,False,False
18850089,Toyota,Corolla Altis,G,2009,400300,129000.000000,-593540.119093,722540.119093,722540.119093,560.108619,<500k,Toyota,False,Corolla Altis,False,G,False,False
18915707,Mazda,BT-50 PRO,Hi-Racer Double Cab,2014,192500,244000.000000,-593053.995671,837053.995671,837053.995671,343.054916,<500k,Mazda,False,__OTHER__,True,__OTHER__,True,True
19284461,Suzuki,CARRY,,2013,222500,98000.000000,-592649.424039,690649.424039,690649.424039,704.744310,<500k,Suzuki,False,__OTHER__,True,__MISSING__,False,True
19053049,Honda,JAZZ,Dynamite Revo i-DSI,2005,187500,118000.000000,-590456.319584,708456.319584,708456.319584,600.386712,<500k,Honda,False,JAZZ,False,__OTHER__,True,True
19154856,Mazda,BT-50 PRO,Hi-Racer Double Cab,2014,187500,290000.000000,-588683.235315,878683.235315,878683.235315,302.994219,<500k,Mazda,False,__OTHER__,True,__OTHER__,True,True
18910013,Toyota,RAV4,,2001,217500,149000.000000,-587891.309820,736891.309820,736891.309820,494.557926,<500k,Toyota,False,__OTHER__,True,__MISSING__,False,True
18613411,Ford,RANGER,XLT Open Cab,2003,272500,81000.000000,-587703.147162,668703.147162,668703.147162,825.559441,<500k,Ford,False,RANGER,False,__OTHER__,True,True
18976639,Toyota,Corolla Altis,G,2007,247500,99000.000000,-586684.338464,685684.338464,685684.338464,692.610443,<500k,Toyota,False,Corolla Altis,False,G,False,False
14307560,Honda,CIVIC,VTi,2003,152500,85000.000000,-586340.877542,671340.877542,671340.877542,789.812797,<500k,Honda,False,CIVIC,False,__OTHER__,True,True
19237504,Honda,City,A,2004,182500,68000.000000,-586206.551596,654206.551596,654206.551596,962.068458,<500k,Honda,False,City,False,__OTHER__,True,True
19331623,Mazda,BT-50 PRO,Hi-Racer Double Cab,2014,182500,288000.000000,-584312.474958,872312.474958,872312.474958,302.886276,<500k,Mazda,False,__OTHER__,True,__OTHER__,True,True
18734958,Toyota,HIACE,D4D,2006,192500,369000.000000,-583157.406745,952157.406745,952157.406745,258.037238,<500k,Toyota,False,__OTHER__,True,__OTHER__,True,True
19108939,Toyota,Corolla Altis,G,2007,212500,149000.000000,-578612.211578,727612.211578,727612.211578,488.330343,<500k,Toyota,False,Corolla Altis,False,G,False,False
18294988,Mercedes-Benz,230E,,1992,97500,368000.000000,-578579.126437,946579.126437,946579.126437,257.222589,<500k,Mercedes-Benz,False,__OTHER__,True,__MISSING__,False,True
19232256,Toyota,VIOS,J,2005,197500,59000.000000,-577580.383159,636580.383159,636580.383159,1078.949802,<500k,Toyota,False,VIOS,False,__OTHER__,True,True
19187162,Honda,JAZZ,Cool,2005,202500,99000.000000,-577182.535556,676182.535556,676182.535556,683.012662,<500k,Honda,False,JAZZ,False,__OTHER__,True,True
18975233,Chevrolet,OPTRA,LS,2010,262500,59000.000000,-575199.270314,634199.270314,634199.270314,1074.914017,<500k,Chevrolet,False,__OTHER__,True,__OTHER__,True,True
19211493,Suzuki,CARRY,,2013,202500,109000.000000,-575166.382612,684166.382612,684166.382612,627.675580,<500k,Suzuki,False,__OTHER__,True,__MISSING__,False,True
19153370,Toyota,VIOS,E,2006,297500,99000.000000,-575133.164436,674133.164436,674133.164436,680.942590,<500k,Toyota,False,VIOS,False,E,False,False
19102983,Mitsubishi,EVOLUTION,VI,1998,2500,1.000000,-574366.055275,574367.055275,574367.055275,57436705.527500,<500k,Mitsubishi,False,__OTHER__,True,__OTHER__,True,True
14359159,Toyota,CORONA,Exsior SEG,1997,92500,69000.000000,-571278.294844,640278.294844,640278.294844,927.939558,<500k,Toyota,False,__OTHER__,True,__OTHER__,True,True
8954460,Isuzu,DRAGON POWER,SLX Space Cab,2001,2500,160000.000000,-570083.755301,730083.755301,730083.755301,456.302347,<500k,Isuzu,False,__OTHER__,True,__OTHER__,True,True
18858044,Mazda,3,Spirit Sports,2012,233599,179000.000000,-569216.115955,748216.115955,748216.115955,417.997830,<500k,Mazda,False,3,False,__OTHER__,True,True
15838959,Mercedes-Benz,C200,,1997,297500,89000.000000,-568797.157334,657797.157334,657797.157334,739.097930,<500k,Mercedes-Benz,False,__OTHER__,True,__MISSING__,False,True
19136804,Nissan,MARCH,VL,2012,217500,109000.000000,-568438.126671,677438.126671,677438.126671,621.502869,<500k,Nissan,False,__OTHER__,True,__OTHER__,True,True
18324074,Toyota,YARIS,G Limited,2006,297500,115000.000000,-567120.866879,682120.866879,682120.866879,593.148580,<500k,Toyota,False,YARIS,False,__OTHER__,True,True
19253813,Mazda,3,R Sunroof,2006,187500,129000.000000,-567072.405327,696072.405327,696072.405327,539.591012,<500k,Mazda,False,3,False,__OTHER__,True,True
19304911,Toyota,VIOS,E,2006,267500,89000.000000,-566443.991799,655443.991799,655443.991799,736.453923,<500k,Toyota,False,VIOS,False,E,False,False
19084601,Toyota,VOXY,,2004,344000,209000.000000,-565843.621482,774843.621482,774843.621482,370.738575,<500k,Toyota,False,__OTHER__,True,__MISSING__,False,True
19147497,Nissan,SYLPHY,E CNG,2014,207500,159000.000000,-565556.226657,724556.226657,724556.226657,455.695740,<500k,Nissan,False,__OTHER__,True,__OTHER__,True,True
19201080,Mitsubishi,TRITON,GLX Mega Cab,2006,297500,128000.000000,-565303.442742,693303.442742,693303.442742,541.643315,<500k,Mitsubishi,False,TRITON,False,__OTHER__,True,True
19157220,Nissan,MARCH,VL,2010,142500,99000.000000,-563942.358198,662942.358198,662942.358198,669.638746,<500k,Nissan,False,__OTHER__,True,__OTHER__,True,True
18941593,Honda,City,S,2004,232096,89000.000000,-562826.099743,651826.099743,651826.099743,732.388876,<500k,Honda,False,City,False,S,False,False
18918598,Toyota,Corolla Altis,E,2007,207500,99000.000000,-561894.762670,660894.762670,660894.762670,667.570467,<500k,Toyota,False,Corolla Altis,False,E,False,False
19229643,Nissan,SUNNY,GL (Leather),2005,112500,90000.000000,-561641.062434,651641.062434,651641.062434,724.045625,<500k,Nissan,False,__OTHER__,True,__OTHER__,True,True
18739387,Nissan,MARCH,VL,2012,177500,159000.000000,-559858.108915,718858.108915,718858.108915,452.112018,<500k,Nissan,False,__OTHER__,True,__OTHER__,True,True
18934939,Nissan,TIIDA,S,2007,172500,99000.000000,-556863.107975,655863.107975,655863.107975,662.487988,<500k,Nissan,False,__OTHER__,True,S,False,True
19089278,Nissan,Frontier Navara,Black Star Limited Double Cab,2007,272500,129000.000000,-555684.700863,684684.700863,684684.700863,530.763334,<500k,Nissan,False,__OTHER__,True,__OTHER__,True,True
19194271,Toyota,INNOVA,V,2010,152500,198000.000000,-555382.864980,753382.864980,753382.864980,380.496396,<500k,Toyota,False,INNOVA,False,V,False,False
18616433,Toyota,Corolla Altis,G,2006,97500,49000.000000,-554635.083859,603635.083859,603635.083859,1231.908334,<500k,Toyota,False,Corolla Altis,False,G,False,False
19331889,Toyota,SOLUNA,GLi S-Series,2000,162500,1.000000,-553787.376969,553788.376969,553788.376969,55378837.696923,<500k,Toyota,False,__OTHER__,True,__OTHER__,True,True
19280563,Nissan,MARCH,E,2011,202500,118000.000000,-553135.761974,671135.761974,671135.761974,568.759120,<500k,Nissan,False,__OTHER__,True,E,False,True
19108160,Suzuki,EVERY,,2011,2500,459000.000000,-552540.928779,1011540.928779,1011540.928779,220.379287,<500k,Suzuki,False,__OTHER__,True,__MISSING__,False,True
18985012,Toyota,INNOVA,V,2010,22500,175000.000000,-551092.929047,726092.929047,726092.929047,414.910245,<500k,Toyota,False,INNOVA,False,V,False,False
15744672,Toyota,Corolla Altis,G,2005,252500,128000.000000,-550853.244529,678853.244529,678853.244529,530.354097,<500k,Toyota,False,Corolla Altis,False,G,False,False
19101161,Nissan,MARCH,EL,2013,117500,149000.000000,-550652.069001,699652.069001,699652.069001,469.565147,<500k,Nissan,False,__OTHER__,True,EL,False,True
18871120,Mazda,BT-50 PRO,Hi-Racer Double Cab,2014,172500,279000.000000,-549184.889146,828184.889146,828184.889146,296.840462,<500k,Mazda,False,__OTHER__,True,__OTHER__,True,True
19268487,Honda,ACCORD,VTi,2000,389000,44000.000000,-548334.660600,592334.660600,592334.660600,1346.215138,<500k,Honda,False,ACCORD,False,__OTHER__,True,True
19331631,Toyota,VIOS,G,2007,360000,125000.000000,-548028.607457,673028.607457,673028.607457,538.422886,<500k,Toyota,False,VIOS,False,G,False,False
19300021,Toyota,VIOS,J,2007,212500,135000.000000,-546941.776600,681941.776600,681941.776600,505.142057,<500k,Toyota,False,VIOS,False,__OTHER__,True,True
19079452,Mitsubishi,TRITON,GLS Plus Double Cab,2010,252500,169000.000000,-546923.801351,715923.801351,715923.801351,423.623551,<500k,Mitsubishi,False,TRITON,False,__OTHER__,True,True
18731472,Mazda,3,Spirit,2012,247500,149000.000000,-546824.517219,695824.517219,695824.517219,466.996320,<500k,Mazda,False,3,False,__OTHER__,True,True
19280459,Toyota,INNOVA,V,2006,247500,198000.000000,-546331.476345,744331.476345,744331.476345,375.924988,<500k,Toyota,False,INNOVA,False,V,False,False
17853136,Honda,JAZZ,E,2004,197500,108000.000000,-544235.626474,652235.626474,652235.626474,603.921876,<500k,Honda,False,JAZZ,False,E,False,False
19235007,Isuzu,D-MAX,SLX Space Cab (Ddi-TEQ),2005,297500,149000.000000,-542901.628250,691901.628250,691901.628250,464.363509,<500k,Isuzu,False,D-MAX,False,__OTHER__,True,True
12547257,Toyota,INNOVA,G Exclusive,2011,172500,320000.000000,-540946.261251,860946.261251,860946.261251,269.045707,<500k,Toyota,False,INNOVA,False,__OTHER__,True,True
19077320,Mitsubishi,TRITON,GLS Plus Double Cab,2012,297500,159000.000000,-540529.363744,699529.363744,699529.363744,439.955575,<500k,Mitsubishi,False,TRITON,False,__OTHER__,True,True
12417766,Mercedes-Benz,190E,,1993,212500,328000.000000,-540485.625075,868485.625075,868485.625075,264.782203,<500k,Mercedes-Benz,False,__OTHER__,True,__MISSING__,False,True
19293161,Toyota,HILUX TIGER,E Extra Cab,2003,314428,75000.000000,-538858.652755,613858.652755,613858.652755,818.478204,<500k,Toyota,False,__OTHER__,True,__OTHER__,True,True
19292326,Nissan,Frontier Navara,LE Double Cab,2007,227500,159000.000000,-533883.247157,692883.247157,692883.247157,435.775627,<500k,Nissan,False,__OTHER__,True,__OTHER__,True,True
19118880,Mitsubishi,Strada,Grandis GLS,2000,115915,129000.000000,-533534.170007,662534.170007,662534.170007,513.592380,<500k,Mitsubishi,False,__OTHER__,True,__OTHER__,True,True
17776981,Toyota,CAMRY,G,2007,297500,159000.000000,-533493.583394,692493.583394,692493.583394,435.530556,<500k,Toyota,False,CAMRY,False,G,False,False
19187403,Mitsubishi,TRITON,GLS Plus Double Cab,2010,262500,234000.000000,-533142.126452,767142.126452,767142.126452,327.838516,<500k,Mitsubishi,False,TRITON,False,__OTHER__,True,True
19280112,Mazda,BT-50 PRO,Hi-Racer Double Cab,2014,127500,269000.000000,-532371.241547,801371.241547,801371.241547,297.907525,<500k,Mazda,False,__OTHER__,True,__OTHER__,True,True
15746963,Toyota,Corolla Altis,J,2006,2500,138000.000000,-529667.368693,667667.368693,667667.368693,483.816934,<500k,Toyota,False,Corolla Altis,False,__OTHER__,True,True
19102125,Mazda,3,Spirit Sports,2012,192500,189000.000000,-529426.470488,718426.470488,718426.470488,380.119826,<500k,Mazda,False,3,False,__OTHER__,True,True
18838724,Toyota,VIOS,J,2007,212500,118000.000000,-529406.387096,647406.387096,647406.387096,548.649481,<500k,Toyota,False,VIOS,False,__OTHER__,True,True
18987036,Mazda,3,Spirit,2012,227500,169000.000000,-529341.475792,698341.475792,698341.475792,413.219808,<500k,Mazda,False,3,False,__OTHER__,True,True
18994706,Mitsubishi,MIRAGE,GLS,2012,252500,139000.000000,-528952.514044,667952.514044,667952.514044,480.541377,<500k,Mitsubishi,False,__OTHER__,True,__OTHER__,True,True
19176656,Toyota,CAMRY,G Extremo,2008,272500,199000.000000,-527869.241783,726869.241783,726869.241783,365.260926,<500k,Toyota,False,CAMRY,False,__OTHER__,True,True
18851730,Nissan,URVAN,NV350 CNG,2013,112500,395000.000000,-527450.795792,922450.795792,922450.795792,233.531847,<500k,Nissan,False,__OTHER__,True,__OTHER__,True,True
19168271,Nissan,Frontier,ZDi King Cab,2003,440000,88000.000000,-525050.176599,613050.176599,613050.176599,696.647928,<500k,Nissan,False,__OTHER__,True,__OTHER__,True,True
18947487,Nissan,Frontier Navara,LE Double Cab,2007,242500,189000.000000,-524472.332615,713472.332615,713472.332615,377.498589,<500k,Nissan,False,__OTHER__,True,__OTHER__,True,True
18841842,Toyota,CAMRY,G Extremo,2009,329374,189000.000000,-522433.665194,711433.665194,711433.665194,376.419929,<500k,Toyota,False,CAMRY,False,__OTHER__,True,True
14376265,Toyota,CORONA,GLi,1996,2500,42000.000000,-521928.050481,563928.050481,563928.050481,1342.685834,<500k,Toyota,False,__OTHER__,True,__OTHER__,True,True
11394668,Mitsubishi,TRITON,GLX Mega Cab,2006,247500,168000.000000,-521595.839174,689595.839174,689595.839174,410.473714,<500k,Mitsubishi,False,TRITON,False,__OTHER__,True,True
19288670,Nissan,MARCH,E,2011,167500,115000.000000,-518677.569990,633677.569990,633677.569990,551.023974,<500k,Nissan,False,__OTHER__,True,E,False,True
18616862,Toyota,INNOVA,V,2011,182500,219000.000000,-516724.620080,735724.620080,735724.620080,335.947315,<500k,Toyota,False,INNOVA,False,V,False,False
18960420,Honda,JAZZ,E,2005,227500,119000.000000,-516433.023740,635433.023740,635433.023740,533.977331,<500k,Honda,False,JAZZ,False,E,False,False
19197800,Toyota,VIOS,J,2007,177500,98000.000000,-516346.454102,614346.454102,614346.454102,626.884137,<500k,Toyota,False,VIOS,False,__OTHER__,True,True
14270961,Toyota,CAMRY,Q,2002,212500,155000.000000,-513414.040843,668414.040843,668414.040843,431.234865,<500k,Toyota,False,CAMRY,False,__OTHER__,True,True
19114894,Honda,CR-V,S,2007,373900,190000.000000,-513258.071304,703258.071304,703258.071304,370.135827,<500k,Honda,False,CR-V,False,S,False,False
18947556,Nissan,Frontier Navara,LE Double Cab,2007,202500,199000.000000,-512029.445373,711029.445373,711029.445373,357.301229,<500k,Nissan,False,__OTHER__,True,__OTHER__,True,True
18807038,Mazda,3,Spirit,2012,207500,127000.000000,-511858.434365,638858.434365,638858.434365,503.038137,<500k,Mazda,False,3,False,__OTHER__,True,True
19142299,Toyota,YARIS,S,2006,192500,118000.000000,-510119.387474,628119.387474,628119.387474,532.304566,<500k,Toyota,False,YARIS,False,S,False,False
18534236,Honda,JAZZ,E,2004,152500,99000.000000,-509886.589371,608886.589371,608886.589371,615.036959,<500k,Honda,False,JAZZ,False,E,False,False
19232928,Mercedes-Benz,C180,,1997,257500,99000.000000,-509200.473278,608200.473278,608200.473278,614.343912,<500k,Mercedes-Benz,False,__OTHER__,True,__MISSING__,False,True
19154694,Mazda,BT-50 PRO,Hi-Racer Freestyle Cab,2012,297500,179000.000000,-506919.170885,685919.170885,685919.170885,383.195068,<500k,Mazda,False,__OTHER__,True,__OTHER__,True,True
14814446,BMW,318i,,1984,2500,890000.000000,-506004.233238,1396004.233238,1396004.233238,156.854408,500k-1M,BMW,False,__OTHER__,True,__MISSING__,False,True
18836473,Mazda,BT-50 PRO,Hi-Racer Double Cab,2013,2500,285000.000000,-503515.462601,788515.462601,788515.462601,276.672092,<500k,Mazda,False,__OTHER__,True,__OTHER__,True,True
18817614,BMW,I3,REx,2015,22500,789000.000000,-503140.001752,1292140.001752,1292140.001752,163.769328,500k-1M,BMW,False,__OTHER__,True,__OTHER__,True,True
19322573,Toyota,CAMRY,G,2007,262500,178000.000000,-502898.260897,680898.260897,680898.260897,382.527113,<500k,Toyota,False,CAMRY,False,G,False,False
18969287,Nissan,Frontier,TL King Cab,2003,82500,130000.000000,-502494.673987,632494.673987,632494.673987,486.534365,<500k,Nissan,False,__OTHER__,True,__OTHER__,True,True
16187388,Toyota,bB,Z,2008,120000,348000.000000,-501638.673473,849638.673473,849638.673473,244.149044,<500k,Toyota,False,__OTHER__,True,__OTHER__,True,True
19081139,Toyota,Corolla Altis,E,2005,2500,99000.000000,-501091.219968,600091.219968,600091.219968,606.152747,<500k,Toyota,False,Corolla Altis,False,E,False,False
19072512,Volvo,940,GL,1994,77500,58900.000000,-500852.341141,559752.341141,559752.341141,950.343533,<500k,Volvo,False,__OTHER__,True,__OTHER__,True,True
19267697,Toyota,CAMRY,G,2007,385220,139000.000000,-500824.369750,639824.369750,639824.369750,460.305302,<500k,Toyota,False,CAMRY,False,G,False,False
14319714,Honda,CIVIC,VTi EX,1997,2500,48000.000000,-500547.539193,548547.539193,548547.539193,1142.807373,<500k,Honda,False,CIVIC,False,__OTHER__,True,True
19033906,Nissan,MARCH,VL,2012,112500,104000.000000,-499175.354791,603175.354791,603175.354791,579.976303,<500k,Nissan,False,__OTHER__,True,__OTHER__,True,True
19211542,Mazda,3,Spirit,2012,192500,189000.000000,-498746.153295,687746.153295,687746.153295,363.886854,<500k,Mazda,False,3,False,__OTHER__,True,True
19331393,Mazda,3,Spirit,2012,192500,189000.000000,-498746.153295,687746.153295,687746.153295,363.886854,<500k,Mazda,False,3,False,__OTHER__,True,True
19239159,Isuzu,D-MAX,SLX Cab-4,2005,252500,155000.000000,-498576.978931,653576.978931,653576.978931,421.662567,<500k,Isuzu,False,D-MAX,False,__OTHER__,True,True
18932039,Mazda,BT-50 PRO,Hi-Racer Double Cab,2015,171585,275000.000000,-494357.875126,769357.875126,769357.875126,279.766500,<500k,Mazda,False,__OTHER__,True,__OTHER__,True,True
14317899,Nissan,CEFIRO,20G,1996,2500,45000.000000,-492787.897175,537787.897175,537787.897175,1195.084216,<500k,Nissan,False,__OTHER__,True,__OTHER__,True,True
18977529,Toyota,Corolla Altis,E,2009,282500,125000.000000,-491890.836553,616890.836553,616890.836553,493.512669,<500k,Toyota,False,Corolla Altis,False,E,False,False
14599412,Mitsubishi,TRITON,GLS Plus Double Cab,2011,272500,199000.000000,-491719.351778,690719.351778,690719.351778,347.095152,<500k,Mitsubishi,False,TRITON,False,__OTHER__,True,True
14360521,Toyota,Corolla Altis,E,2003,2500,99000.000000,-490604.648615,589604.648615,589604.648615,595.560251,<500k,Toyota,False,Corolla Altis,False,E,False,False
19129044,Mercedes-Benz,190E,,1992,2500,325000.000000,-490546.873550,815546.873550,815546.873550,250.937500,<500k,Mercedes-Benz,False,__OTHER__,True,__MISSING__,False,True
19222843,Mercedes-Benz,230E,,1992,278000,95000.000000,-490108.491216,585108.491216,585108.491216,615.903675,<500k,Mercedes-Benz,False,__OTHER__,True,__MISSING__,False,True
19191309,Honda,JAZZ,S,2008,316000,179000.000000,-486520.008390,665520.008390,665520.008390,371.798887,<500k,Honda,False,JAZZ,False,S,False,False
14304989,Toyota,Corolla Altis,E,2005,172500,115000.000000,-486109.779773,601109.779773,601109.779773,522.704156,<500k,Toyota,False,Corolla Altis,False,E,False,False
19129821,Toyota,CAMRY,G,2007,242500,169000.000000,-485415.219469,654415.219469,654415.219469,387.227941,<500k,Toyota,False,CAMRY,False,G,False,False
19176039,Nissan,MARCH,VL,2011,2500,159000.000000,-483431.856915,642431.856915,642431.856915,404.045193,<500k,Nissan,False,__OTHER__,True,__OTHER__,True,True
18899108,Mazda,BT-50 PRO,Hi-Racer Double Cab,2015,217500,249000.000000,-482256.088931,731256.088931,731256.088931,293.677144,<500k,Mazda,False,__OTHER__,True,__OTHER__,True,True
18628445,Nissan,MARCH,VL,2011,2500,139000.000000,-479568.987428,618568.987428,618568.987428,445.013660,<500k,Nissan,False,__OTHER__,True,__OTHER__,True,True
14297877,Toyota,VIOS,J,2008,222500,104000.000000,-479132.936827,583132.936827,583132.936827,560.704747,<500k,Toyota,False,VIOS,False,__OTHER__,True,True
17179358,Mitsubishi,LANCER,SEi,1997,2500,159000.000000,-477365.841892,636365.841892,636365.841892,400.230089,<500k,Mitsubishi,False,__OTHER__,True,__OTHER__,True,True
19331653,BMW,325i,,1993,57500,168000.000000,-476888.804791,644888.804791,644888.804791,383.862384,<500k,BMW,False,__OTHER__,True,__MISSING__,False,True
19272646,Toyota,CAMRY,G,2005,181478,89000.000000,-475823.599401,564823.599401,564823.599401,634.633258,<500k,Toyota,False,CAMRY,False,G,False,False
7932596,DODGE,C Series,,1956,2500,1150000.000000,-474879.619127,1624879.619127,1624879.619127,141.293880,1M-3M,__OTHER__,True,__OTHER__,True,__MISSING__,False,True
19291984,Toyota,VIOS,J,2008,242500,127000.000000,-474092.782642,601092.782642,601092.782642,473.301404,<500k,Toyota,False,VIOS,False,__OTHER__,True,True
19261949,Toyota,INNOVA,G,2010,17500,169000.000000,-473232.989899,642232.989899,642232.989899,380.019521,<500k,Toyota,False,INNOVA,False,G,False,False
19310732,BMW,316i,,1997,102500,229000.000000,-472450.626552,701450.626552,701450.626552,306.310317,<500k,BMW,False,__OTHER__,True,__MISSING__,False,True
19324448,Honda,CIVIC,EXi,2005,157500,80000.000000,-472314.005973,552314.005973,552314.005973,690.392507,<500k,Honda,False,CIVIC,False,__OTHER__,True,True
19181325,Toyota,CAMRY,G,2007,227500,124000.000000,-472302.938399,596302.938399,596302.938399,480.889466,<500k,Toyota,False,CAMRY,False,G,False,False
19228747,Toyota,Corolla Altis,G,2005,162500,129000.000000,-472179.558107,601179.558107,601179.558107,466.030665,<500k,Toyota,False,Corolla Altis,False,G,False,False
19069682,Mazda,3,Spirit Sports,2012,152500,158000.000000,-471937.192022,629937.192022,629937.192022,398.694425,<500k,Mazda,False,3,False,__OTHER__,True,True
19323778,Nissan,MARCH,EL,2013,2500,145000.000000,-471522.839787,616522.839787,616522.839787,425.188165,<500k,Nissan,False,__OTHER__,True,EL,False,True
19010641,Toyota,Corolla Altis,G,2008,202500,187000.000000,-470797.134767,657797.134767,657797.134767,351.763174,<500k,Toyota,False,Corolla Altis,False,G,False,False
18539590,Toyota,AVANZA,S,2013,374508,199000.000000,-469337.809515,668337.809515,668337.809515,335.848145,<500k,Toyota,False,__OTHER__,True,S,False,True
19114149,Toyota,CAMRY,Q,2004,297500,90000.000000,-469319.334983,559319.334983,559319.334983,621.465928,<500k,Toyota,False,CAMRY,False,__OTHER__,True,True
19140149,Toyota,YARIS,E,2006,311000,99000.000000,-468807.604524,567807.604524,567807.604524,573.543035,<500k,Toyota,False,YARIS,False,E,False,False
19335540,Nissan,MARCH,S,2012,27500,95000.000000,-468507.592406,563507.592406,563507.592406,593.165887,<500k,Nissan,False,__OTHER__,True,S,False,True
19089266,Ford,RANGER,XLT Double Cab,2001,197500,119000.000000,-467039.991863,586039.991863,586039.991863,492.470581,<500k,Ford,False,RANGER,False,__OTHER__,True,True
19120155,Toyota,VIOS,E,2008,354246,90000.000000,-466649.270797,556649.270797,556649.270797,618.499190,<500k,Toyota,False,VIOS,False,E,False,False
18816649,Honda,CIVIC,EXi (AS),2003,12500,79000.000000,-463959.587552,542959.587552,542959.587552,687.290617,<500k,Honda,False,CIVIC,False,__OTHER__,True,True
10411775,Mitsubishi,TRITON,GLS Plus Double Cab,2010,182500,199000.000000,-463209.960744,662209.960744,662209.960744,332.768824,<500k,Mitsubishi,False,TRITON,False,__OTHER__,True,True
18516557,Toyota,Corolla Altis,G,2008,192500,138000.000000,-462055.614053,600055.614053,600055.614053,434.822909,<500k,Toyota,False,Corolla Altis,False,G,False,False
19198634,Nissan,MARCH,E,2011,102500,139000.000000,-461857.685352,600857.685352,600857.685352,432.271716,<500k,Nissan,False,__OTHER__,True,E,False,True
18735636,Toyota,AVANZA,J,2008,2500,139000.000000,-460739.688894,599739.688894,599739.688894,431.467402,<500k,Toyota,False,__OTHER__,True,__OTHER__,True,True
19046036,Mitsubishi,TRITON,GLS Plus Double Cab,2010,152500,219000.000000,-459508.594215,678508.594215,678508.594215,309.821276,<500k,Mitsubishi,False,TRITON,False,__OTHER__,True,True
14508662,Toyota,COROLLA,SEG,1999,297500,88000.000000,-458394.404192,546394.404192,546394.404192,620.902732,<500k,Toyota,False,__OTHER__,True,__OTHER__,True,True
18607194,Toyota,Corolla Altis,G,2008,182500,129000.000000,-458301.899447,587301.899447,587301.899447,455.272790,<500k,Toyota,False,Corolla Altis,False,G,False,False
19325972,Honda,JAZZ,SV,2006,182500,149000.000000,-458235.879650,607235.879650,607235.879650,407.540859,<500k,Honda,False,JAZZ,False,SV,False,False
19340223,Toyota,CAMRY,G,2008,297500,199000.000000,-456943.222908,655943.222908,655943.222908,329.619710,<500k,Toyota,False,CAMRY,False,G,False,False
18506488,Mazda,BT-50 PRO,Hi-Racer Eclipse Double Cab,2015,127500,269000.000000,-455820.881060,724820.881060,724820.881060,269.450142,<500k,Mazda,False,__OTHER__,True,__OTHER__,True,True
19233682,Nissan,MARCH,E,2010,2500,129000.000000,-454855.708190,583855.708190,583855.708190,452.601324,<500k,Nissan,False,__OTHER__,True,E,False,True
9308250,Nissan,Frontier Navara,LE King Cab,2007,162500,157000.000000,-454540.166907,611540.166907,611540.166907,389.516030,<500k,Nissan,False,__OTHER__,True,__OTHER__,True,True
18475903,Toyota,CAMRY,Q,2003,297500,94000.000000,-454055.251630,548055.251630,548055.251630,583.037502,<500k,Toyota,False,CAMRY,False,__OTHER__,True,True
18964331,Toyota,VIOS,E,2010,484754,99000.000000,-454018.453451,553018.453451,553018.453451,558.604498,<500k,Toyota,False,VIOS,False,E,False,False
19242124,Honda,City,ZX SV,2006,197500,1.000000,-451205.917802,451206.917802,451206.917802,45120691.780180,<500k,Honda,False,City,False,__OTHER__,True,True
18908356,Toyota,Corolla Altis,G,2008,152500,93000.000000,-449612.726811,542612.726811,542612.726811,583.454545,<500k,Toyota,False,Corolla Altis,False,G,False,False
15811169,Toyota,Corolla Altis,E,2006,27500,138000.000000,-446394.661265,584394.661265,584394.661265,423.474392,<500k,Toyota,False,Corolla Altis,False,E,False,False
19210864,BMW,525i,,1993,2500,88000.000000,-446345.830370,534345.830370,534345.830370,607.211171,<500k,BMW,False,__OTHER__,True,__MISSING__,False,True
19050256,Toyota,HIACE,D4D,2009,297500,369000.000000,-445292.292779,814292.292779,814292.292779,220.675418,<500k,Toyota,False,__OTHER__,True,__OTHER__,True,True
19192010,Nissan,SYLPHY,E CNG,2015,152500,219000.000000,-444790.371733,663790.371733,663790.371733,303.100626,<500k,Nissan,False,__OTHER__,True,__OTHER__,True,True
18697787,Mitsubishi,TRITON,GLS Plus Double Cab,2012,217500,149000.000000,-444211.132937,593211.132937,593211.132937,398.128277,<500k,Mitsubishi,False,TRITON,False,__OTHER__,True,True
18920859,Mazda,FIGHTER,Double Cab,2000,297500,105000.000000,-444204.669097,549204.669097,549204.669097,523.052066,<500k,Mazda,False,__OTHER__,True,__OTHER__,True,True
19269323,Honda,JAZZ,V,2008,319990,130000.000000,-443658.484174,573658.484174,573658.484174,441.275757,<500k,Honda,False,JAZZ,False,V,False,False
19140683,Toyota,AVANZA,S,2011,192500,179000.000000,-441937.601294,620937.601294,620937.601294,346.892515,<500k,Toyota,False,__OTHER__,True,S,False,True
18275970,Nissan,MARCH,VL,2013,127500,159000.000000,-439600.144862,598600.144862,598600.144862,376.478079,<500k,Nissan,False,__OTHER__,True,__OTHER__,True,True
14509739,Mercedes-Benz,C220,Elegance,1994,2500,129000.000000,-436094.770371,565094.770371,565094.770371,438.057962,<500k,Mercedes-Benz,False,__OTHER__,True,__OTHER__,True,True
19047219,Honda,JAZZ,E (AS) Plus,2006,122500,119000.000000,-435687.815469,554687.815469,554687.815469,466.124215,<500k,Honda,False,JAZZ,False,__OTHER__,True,True
19302919,Mitsubishi,MIRAGE,GLS,2012,147500,139000.000000,-433303.677065,572303.677065,572303.677065,411.729264,<500k,Mitsubishi,False,__OTHER__,True,__OTHER__,True,True
19246102,Toyota,VIOS,E,2007,222500,95000.000000,-433021.398598,528021.398598,528021.398598,555.811999,<500k,Toyota,False,VIOS,False,E,False,False
19036671,Nissan,TIIDA,G,2007,162500,89000.000000,-432577.269584,521577.269584,521577.269584,586.041876,<500k,Nissan,False,__OTHER__,True,G,False,True
19076024,Honda,CR-V,S,2008,368000,144000.000000,-431550.213597,575550.213597,575550.213597,399.687648,<500k,Honda,False,CR-V,False,S,False,False
17782896,Toyota,VIOS,S,2008,140000,159000.000000,-429252.295630,588252.295630,588252.295630,369.969997,<500k,Toyota,False,VIOS,False,S,False,False
9223226,Toyota,Corolla Altis,J,2008,2500,147000.000000,-428805.126272,575805.126272,575805.126272,391.704168,<500k,Toyota,False,Corolla Altis,False,__OTHER__,True,True
19074912,Toyota,AVANZA,E Exclusive,2011,197500,215000.000000,-427934.326448,642934.326448,642934.326448,299.039222,<500k,Toyota,False,__OTHER__,True,__OTHER__,True,True
18750859,Mercedes-Benz,C180,,2000,72500,220000.000000,-427578.878924,647578.878924,647578.878924,294.354036,<500k,Mercedes-Benz,False,__OTHER__,True,__MISSING__,False,True
18700714,Mazda,BT-50 PRO,Hi-Racer Double Cab,2016,182500,339900.000000,-427348.884499,767248.884499,767248.884499,225.727827,<500k,Mazda,False,__OTHER__,True,__OTHER__,True,True
18335589,Mercedes-Benz,C200,Classic,1995,207500,99000.000000,-427288.345579,526288.345579,526288.345579,531.604389,<500k,Mercedes-Benz,False,__OTHER__,True,__OTHER__,True,True
19196442,Toyota,INNOVA,V,2012,167500,258000.000000,-427061.978524,685061.978524,685061.978524,265.527899,<500k,Toyota,False,INNOVA,False,V,False,False
19286010,Nissan,Frontier Navara,SE Double Cab,2008,192500,155000.000000,-426737.564173,581737.564173,581737.564173,375.314558,<500k,Nissan,False,__OTHER__,True,__OTHER__,True,True
19169200,Toyota,CAMRY,G Extremo,2008,162500,199000.000000,-426724.707827,625724.707827,625724.707827,314.434527,<500k,Toyota,False,CAMRY,False,__OTHER__,True,True
17244295,Mini,COOPER,3-Door,2005,97500,450000.000000,-426715.879702,876715.879702,876715.879702,194.825751,<500k,Mini,False,__OTHER__,True,__OTHER__,True,True
19309892,Chevrolet,CAPTIVA,LTZ,2011,297500,138000.000000,-425386.487901,563386.487901,563386.487901,408.251078,<500k,Chevrolet,False,__OTHER__,True,__OTHER__,True,True
19313224,Chevrolet,CAPTIVA,LTZ,2011,297500,138000.000000,-425386.487901,563386.487901,563386.487901,408.251078,<500k,Chevrolet,False,__OTHER__,True,__OTHER__,True,True
16998965,Toyota,RAV4,,2002,142500,499000.000000,-424381.284991,923381.284991,923381.284991,185.046350,<500k,Toyota,False,__OTHER__,True,__MISSING__,False,True
19170281,Toyota,VIOS,J,2010,360747,118000.000000,-424357.921651,542357.921651,542357.921651,459.625357,<500k,Toyota,False,VIOS,False,__OTHER__,True,True
18577255,Mercedes-Benz,E230,Elegance,1996,308607,109000.000000,-424211.546932,533211.546932,533211.546932,489.184905,<500k,Mercedes-Benz,False,__OTHER__,True,__OTHER__,True,True
18614089,Chevrolet,SONIC,LT,2013,117500,139000.000000,-424118.704842,563118.704842,563118.704842,405.121370,<500k,Chevrolet,False,__OTHER__,True,__OTHER__,True,True
18362531,Toyota,VIOS,J,2009,272500,120000.000000,-423766.984297,543766.984297,543766.984297,453.139154,<500k,Toyota,False,VIOS,False,__OTHER__,True,True
18828230,Toyota,WISH,Q,2004,247500,139000.000000,-422692.865874,561692.865874,561692.865874,404.095587,<500k,Toyota,False,__OTHER__,True,__OTHER__,True,True
18739695,Toyota,VIOS,S Limited,2009,242500,199000.000000,-420065.617768,619065.617768,619065.617768,311.088250,<500k,Toyota,False,VIOS,False,__OTHER__,True,True
9089091,Toyota,RAV4,,2002,137500,418000.000000,-420010.524634,838010.524634,838010.524634,200.480987,<500k,Toyota,False,__OTHER__,True,__MISSING__,False,True
18397976,Toyota,WISH,S,2004,222500,159000.000000,-419213.099293,578213.099293,578213.099293,363.656037,<500k,Toyota,False,__OTHER__,True,S,False,True
18375812,Honda,CIVIC,S,2005,167500,149000.000000,-419188.727141,568188.727141,568188.727141,381.334716,<500k,Honda,False,CIVIC,False,S,False,False
19201998,Mitsubishi,TRITON,GLS Plus Double Cab,2011,188335,239000.000000,-418146.342693,657146.342693,657146.342693,274.956629,<500k,Mitsubishi,False,TRITON,False,__OTHER__,True,True
12871283,Toyota,bB,Z,2009,107500,399000.000000,-418024.281582,817024.281582,817024.281582,204.767990,<500k,Toyota,False,__OTHER__,True,__OTHER__,True,True
12364252,Mazda,3,Spirit Sports,2012,90000,178000.000000,-417302.687563,595302.687563,595302.687563,334.439712,<500k,Mazda,False,3,False,__OTHER__,True,True
18867537,Audi,A6,,2001,277500,98000.000000,-415294.728008,513294.728008,513294.728008,523.770131,<500k,Audi,False,__OTHER__,True,__MISSING__,False,True
17489260,Toyota,CAMRY,G Extremo,2010,297500,238000.000000,-414157.712099,652157.712099,652157.712099,274.015845,<500k,Toyota,False,CAMRY,False,__OTHER__,True,True
14732276,Toyota,HIACE,D4D,2009,267500,357000.000000,-414079.924531,771079.924531,771079.924531,215.988774,<500k,Toyota,False,__OTHER__,True,__OTHER__,True,True
18707099,Mercedes-Benz,E230,Elegance,1997,344499,128000.000000,-413739.341638,541739.341638,541739.341638,423.233861,<500k,Mercedes-Benz,False,__OTHER__,True,__OTHER__,True,True
19032075,Mazda,3,R Sport Sunroof,2006,2500,119000.000000,-413511.393708,532511.393708,532511.393708,447.488566,<500k,Mazda,False,3,False,__OTHER__,True,True
18688528,Mitsubishi,RVR,,1997,132500,219000.000000,-412517.347082,631517.347082,631517.347082,288.364085,<500k,Mitsubishi,False,__OTHER__,True,__MISSING__,False,True
18813829,Toyota,HIACE,D4D,2006,2500,359000.000000,-412080.707081,771080.707081,771080.707081,214.785712,<500k,Toyota,False,__OTHER__,True,__OTHER__,True,True
19136569,Honda,City,ZX V,2007,240059,135000.000000,-411858.595320,546858.595320,546858.595320,405.080441,<500k,Honda,False,City,False,__OTHER__,True,True
19253778,Mazda,2,Groove Sport,2009,192500,109000.000000,-411729.790036,520729.790036,520729.790036,477.733752,<500k,Mazda,False,2,False,__OTHER__,True,True
15068236,Suzuki,CARRY,,2014,102500,157000.000000,-411200.814991,568200.814991,568200.814991,361.911347,<500k,Suzuki,False,__OTHER__,True,__MISSING__,False,True
19226652,Suzuki,SWIFT,GLX,2012,287500,155000.000000,-410317.273832,565317.273832,565317.273832,364.720822,<500k,Suzuki,False,SWIFT,False,GLX,False,False
16718043,Mini,ONE,,2008,152500,340000.000000,-410062.342173,750062.342173,750062.342173,220.606571,<500k,Mini,False,__OTHER__,True,__MISSING__,False,True
19055521,Honda,City,ZX V,2007,217500,117000.000000,-409673.988247,526673.988247,526673.988247,450.148708,<500k,Honda,False,City,False,__OTHER__,True,True
19040726,Nissan,MARCH,VL Sport Version,2013,122500,128000.000000,-408843.319406,536843.319406,536843.319406,419.408843,<500k,Nissan,False,__OTHER__,True,__OTHER__,True,True
19205449,Honda,JAZZ,E,2005,123558,87000.000000,-408036.519635,495036.519635,495036.519635,569.007494,<500k,Honda,False,JAZZ,False,E,False,False
14705256,Mercedes-Benz,C180,,1998,2500,88000.000000,-407993.956617,495993.956617,495993.956617,563.629496,<500k,Mercedes-Benz,False,__OTHER__,True,__MISSING__,False,True
19006937,Toyota,Corolla Altis,G,2010,297500,129000.000000,-405728.666681,534728.666681,534728.666681,414.518346,<500k,Toyota,False,Corolla Altis,False,G,False,False
14317238,Mitsubishi,LANCER,SEi-LTD,2002,2500,75000.000000,-405365.840557,480365.840557,480365.840557,640.487787,<500k,Mitsubishi,False,__OTHER__,True,__OTHER__,True,True
17965112,Toyota,VIOS,G,2007,202500,117000.000000,-405361.850111,522361.850111,522361.850111,446.463120,<500k,Toyota,False,VIOS,False,G,False,False
19037097,Honda,City,ZX V,2007,212500,79000.000000,-405303.227890,484303.227890,484303.227890,613.042061,<500k,Honda,False,City,False,__OTHER__,True,True
18694569,Mitsubishi,TRITON,GLS Plus Double Cab,2009,2500,235000.000000,-404936.143999,639936.143999,639936.143999,272.313253,<500k,Mitsubishi,False,TRITON,False,__OTHER__,True,True
19339022,Mitsubishi,MIRAGE,GLS,2012,112500,139000.000000,-402708.354568,541708.354568,541708.354568,389.718241,<500k,Mitsubishi,False,__OTHER__,True,__OTHER__,True,True
14297055,Isuzu,TROOPER,XS,1994,297500,150000.000000,-402257.861461,552257.861461,552257.861461,368.171908,<500k,Isuzu,False,__OTHER__,True,__OTHER__,True,True
18588203,Honda,City,ZX V,2007,207500,99000.000000,-400932.467533,499932.467533,499932.467533,504.982290,<500k,Honda,False,City,False,__OTHER__,True,True
18921883,Mitsubishi,MIRAGE,GLS LTD,2013,193483,139000.000000,-400812.320763,539812.320763,539812.320763,388.354188,<500k,Mitsubishi,False,__OTHER__,True,__OTHER__,True,True
18987563,Volvo,940,GL,1994,2500,57000.000000,-400587.846743,457587.846743,457587.846743,802.785696,<500k,Volvo,False,__OTHER__,True,__OTHER__,True,True
18918676,Suzuki,CARRY,,2013,2500,99000.000000,-400335.968341,499335.968341,499335.968341,504.379766,<500k,Suzuki,False,__OTHER__,True,__MISSING__,False,True
19234198,Suzuki,CARRY,,2013,2500,99000.000000,-400335.968341,499335.968341,499335.968341,504.379766,<500k,Suzuki,False,__OTHER__,True,__MISSING__,False,True
19261583,Mitsubishi,TRITON,GLS Plus Double Cab,2011,197500,199000.000000,-399771.881328,598771.881328,598771.881328,300.890393,<500k,Mitsubishi,False,TRITON,False,__OTHER__,True,True
19237579,Mitsubishi,TRITON,GLS Plus Double Cab,2011,197500,199000.000000,-399771.881328,598771.881328,598771.881328,300.890393,<500k,Mitsubishi,False,TRITON,False,__OTHER__,True,True
12738582,Toyota,CAMRY,Q,2004,217500,120000.000000,-399387.169275,519387.169275,519387.169275,432.822641,<500k,Toyota,False,CAMRY,False,__OTHER__,True,True
18875100,Toyota,CAMRY,Q,2004,217500,158000.000000,-399387.169275,557387.169275,557387.169275,352.776689,<500k,Toyota,False,CAMRY,False,__OTHER__,True,True
18998466,Toyota,VIOS,J,2009,242500,145000.000000,-397542.422156,542542.422156,542542.422156,374.167188,<500k,Toyota,False,VIOS,False,__OTHER__,True,True
19255121,Toyota,CAMRY,G Extremo,2010,272500,179000.000000,-396166.779802,575166.779802,575166.779802,321.322223,<500k,Toyota,False,CAMRY,False,__OTHER__,True,True
18783563,Toyota,WISH,S,2004,175464,139000.000000,-395631.871969,534631.871969,534631.871969,384.627246,<500k,Toyota,False,__OTHER__,True,S,False,True
18598416,Peugeot,504,,1974,2500,350000.000000,-395472.984211,745472.984211,745472.984211,212.992281,<500k,__OTHER__,True,__OTHER__,True,__MISSING__,False,True
19179758,Toyota,Corolla Altis,G,2009,197500,150000.000000,-394863.820032,544863.820032,544863.820032,363.242547,<500k,Toyota,False,Corolla Altis,False,G,False,False
19030504,Chevrolet,SONIC,LT,2013,117500,98000.000000,-394563.324269,492563.324269,492563.324269,502.615637,<500k,Chevrolet,False,__OTHER__,True,__OTHER__,True,True
19299359,Toyota,Corolla Altis,E,2010,284021,109000.000000,-394146.865756,503146.865756,503146.865756,461.602629,<500k,Toyota,False,Corolla Altis,False,E,False,False
19116409,Mitsubishi,MIRAGE,GLS LTD,2012,102500,119000.000000,-393966.833854,512966.833854,512966.833854,431.064566,<500k,Mitsubishi,False,__OTHER__,True,__OTHER__,True,True
18811347,Nissan,TIIDA,G Latio,2008,247500,119000.000000,-392889.155816,511889.155816,511889.155816,430.158954,<500k,Nissan,False,__OTHER__,True,__OTHER__,True,True
19151010,Toyota,VIOS,J,2008,182500,118000.000000,-391928.375422,509928.375422,509928.375422,432.142691,<500k,Toyota,False,VIOS,False,__OTHER__,True,True
14359297,Toyota,Corolla Altis,G,2006,157500,125000.000000,-391258.437264,516258.437264,516258.437264,413.006750,<500k,Toyota,False,Corolla Altis,False,G,False,False
19315442,Nissan,MARCH,V,2012,157500,128000.000000,-390990.756411,518990.756411,518990.756411,405.461528,<500k,Nissan,False,__OTHER__,True,V,False,True
19090269,Suzuki,SWIFT,GL,2012,192500,144000.000000,-390766.352260,534766.352260,534766.352260,371.365522,<500k,Suzuki,False,SWIFT,False,__OTHER__,True,True
19284276,Chevrolet,COLORADO,LT Flex Cab,2012,252500,159000.000000,-389796.837053,548796.837053,548796.837053,345.155243,<500k,Chevrolet,False,__OTHER__,True,__OTHER__,True,True
19319903,Mitsubishi,MIRAGE,GLS,2012,122500,120000.000000,-388926.679670,508926.679670,508926.679670,424.105566,<500k,Mitsubishi,False,__OTHER__,True,__OTHER__,True,True
19044305,Nissan,MARCH,V,2011,67500,117000.000000,-388867.430476,505867.430476,505867.430476,432.365325,<500k,Nissan,False,__OTHER__,True,V,False,True
18878702,Toyota,VIOS,E,2007,177500,49888.000000,-388696.749280,438584.749280,438584.749280,879.138769,<500k,Toyota,False,VIOS,False,E,False,False
19122085,Honda,JAZZ,SV,2008,247500,169000.000000,-388341.108414,557341.108414,557341.108414,329.787638,<500k,Honda,False,JAZZ,False,SV,False,False
19102176,Toyota,WISH,Q Limited,2004,237500,158000.000000,-387565.280061,545565.280061,545565.280061,345.294481,<500k,Toyota,False,__OTHER__,True,__OTHER__,True,True
18302265,Nissan,CUBE,Z11 e,2011,118000,338000.000000,-387230.976405,725230.976405,725230.976405,214.565378,<500k,Nissan,False,__OTHER__,True,__OTHER__,True,True
19066921,Mercedes-Benz,C180,Classic,1996,297500,139000.000000,-387134.799842,526134.799842,526134.799842,378.514244,<500k,Mercedes-Benz,False,__OTHER__,True,__OTHER__,True,True
19208456,Nissan,TIIDA,G Latio,2009,202500,63000.000000,-386351.785462,449351.785462,449351.785462,713.256802,<500k,Nissan,False,__OTHER__,True,__OTHER__,True,True
19102171,Toyota,CAMRY,Q,2004,207500,118000.000000,-385657.842454,503657.842454,503657.842454,426.828680,<500k,Toyota,False,CAMRY,False,__OTHER__,True,True
18534377,Toyota,CAMRY,G Extremo,2009,172500,218000.000000,-385301.933153,603301.933153,603301.933153,276.744006,<500k,Toyota,False,CAMRY,False,__OTHER__,True,True
19010593,Nissan,Frontier Navara,SE King Cab,2009,252500,148000.000000,-385100.938464,533100.938464,533100.938464,360.203337,<500k,Nissan,False,__OTHER__,True,__OTHER__,True,True
18944934,Mitsubishi,MIRAGE,GLS,2012,87500,156000.000000,-384717.422271,540717.422271,540717.422271,346.613732,<500k,Mitsubishi,False,__OTHER__,True,__OTHER__,True,True
18701030,Chevrolet,AVEO,LSX,2011,127500,100000.000000,-384501.249682,484501.249682,484501.249682,484.501250,<500k,Chevrolet,False,__OTHER__,True,__OTHER__,True,True
19120948,Chevrolet,SONIC,LTZ,2013,84872,90000.000000,-383576.879990,473576.879990,473576.879990,526.196533,<500k,Chevrolet,False,__OTHER__,True,__OTHER__,True,True
19312226,Nissan,MARCH,V,2012,147500,128000.000000,-382249.235698,510249.235698,510249.235698,398.632215,<500k,Nissan,False,__OTHER__,True,V,False,True
19154969,Mazda,2,Spirit Sport,2009,132500,129000.000000,-381803.861367,510803.861367,510803.861367,395.971986,<500k,Mazda,False,2,False,__OTHER__,True,True
19251919,Volvo,850,GLE,1996,217068,99000.000000,-380557.437684,479557.437684,479557.437684,484.401452,<500k,Volvo,False,__OTHER__,True,__OTHER__,True,True
18971010,Mazda,BT-50 PRO,Hi-Racer Double Cab (ABS),2017,216505,309000.000000,-380524.065199,689524.065199,689524.065199,223.146947,<500k,Mazda,False,__OTHER__,True,__OTHER__,True,True
19129061,Mercedes-Benz,E220,,1995,2500,255000.000000,-380070.275336,635070.275336,635070.275336,249.047167,<500k,Mercedes-Benz,False,__OTHER__,True,__MISSING__,False,True
19189513,Nissan,CUBE,Z11,2010,17500,389000.000000,-379791.923207,768791.923207,768791.923207,197.632885,<500k,Nissan,False,__OTHER__,True,__OTHER__,True,True
17636793,Honda,CIVIC,S,2007,297500,145000.000000,-379727.775444,524727.775444,524727.775444,361.881224,<500k,Honda,False,CIVIC,False,S,False,False
19252423,Toyota,AVANZA,S,2012,182330,185000.000000,-377895.373233,562895.373233,562895.373233,304.267769,<500k,Toyota,False,__OTHER__,True,S,False,True
19339933,Toyota,AVANZA,E,2010,202500,95000.000000,-377342.872981,472342.872981,472342.872981,497.203024,<500k,Toyota,False,__OTHER__,True,E,False,True
18737659,Isuzu,CAMEO,,1993,182500,128000.000000,-376965.298504,504965.298504,504965.298504,394.504139,<500k,Isuzu,False,__OTHER__,True,__MISSING__,False,True
18896437,Mercedes-Benz,C200 Kompressor,Elegance,2002,162500,129000.000000,-376547.433525,505547.433525,505547.433525,391.897235,<500k,Mercedes-Benz,False,__OTHER__,True,__OTHER__,True,True
19187775,Nissan,TIIDA,G,2006,162133,99000.000000,-375913.558983,474913.558983,474913.558983,479.710666,<500k,Nissan,False,__OTHER__,True,G,False,True
18907893,Toyota,LAND CRUISER,,1982,297500,990000.000000,-375489.587854,1365489.587854,1365489.587854,137.928241,500k-1M,Toyota,False,__OTHER__,True,__MISSING__,False,True
19292022,Chevrolet,CAPTIVA,LTZ,2010,152500,119000.000000,-375184.798041,494184.798041,494184.798041,415.281343,<500k,Chevrolet,False,__OTHER__,True,__OTHER__,True,True
19272962,Nissan,MARCH,V,2012,7500,129000.000000,-374426.225414,503426.225414,503426.225414,390.252888,<500k,Nissan,False,__OTHER__,True,V,False,True
19119017,Nissan,URVAN,NV350 CNG,2015,112500,415000.000000,-374350.074820,789350.074820,789350.074820,190.204837,<500k,Nissan,False,__OTHER__,True,__OTHER__,True,True
12525389,Mitsubishi,MIRAGE,GLS,2013,162500,129000.000000,-373728.467136,502728.467136,502728.467136,389.711990,<500k,Mitsubishi,False,__OTHER__,True,__OTHER__,True,True
19140540,Toyota,INNOVA,V,2013,222500,289000.000000,-372203.916863,661203.916863,661203.916863,228.790283,<500k,Toyota,False,INNOVA,False,V,False,False
18785657,Nissan,MARCH,V,2013,92500,149000.000000,-372178.790993,521178.790993,521178.790993,349.784423,<500k,Nissan,False,__OTHER__,True,V,False,True
14270406,Nissan,MARCH,E,2012,82500,199000.000000,-371687.152926,570687.152926,570687.152926,286.777464,<500k,Nissan,False,__OTHER__,True,E,False,True
19279889,Toyota,YARIS,E,2006,192500,119000.000000,-370208.390176,489208.390176,489208.390176,411.099488,<500k,Toyota,False,YARIS,False,E,False,False
18972222,Honda,JAZZ,S,2008,152500,139000.000000,-369982.209822,508982.209822,508982.209822,366.174252,<500k,Honda,False,JAZZ,False,S,False,False
19130857,Toyota,AVANZA,S,2012,197500,189000.000000,-369758.001164,558758.001164,558758.001164,295.639154,<500k,Toyota,False,__OTHER__,True,S,False,True
19154818,Toyota,AVANZA,S,2012,197500,189000.000000,-369758.001164,558758.001164,558758.001164,295.639154,<500k,Toyota,False,__OTHER__,True,S,False,True
19154687,Toyota,AVANZA,S,2012,197500,179000.000000,-369758.001164,548758.001164,548758.001164,306.568716,<500k,Toyota,False,__OTHER__,True,S,False,True
18176553,Honda,CIVIC,S,2006,192500,139000.000000,-369479.974546,508479.974546,508479.974546,365.812931,<500k,Honda,False,CIVIC,False,S,False,False
19105490,Mitsubishi,LANCER,GLXi,2005,2500,59000.000000,-369017.334362,428017.334362,428017.334362,725.453109,<500k,Mitsubishi,False,__OTHER__,True,__OTHER__,True,True
18965338,Ford,FIESTA,Titanium,2015,127500,129000.000000,-368186.139644,497186.139644,497186.139644,385.415612,<500k,Ford,False,__OTHER__,True,__OTHER__,True,True
17854994,Mazda,3,Spirit Sports,2012,2500,159000.000000,-367200.446418,526200.446418,526200.446418,330.943677,<500k,Mazda,False,3,False,__OTHER__,True,True
19334883,Mazda,BT-50 PRO,Hi-Racer Double Cab,2016,112500,295000.000000,-366158.239504,661158.239504,661158.239504,224.121437,<500k,Mazda,False,__OTHER__,True,__OTHER__,True,True
19269897,Mazda,2,Spirit Sport,2010,197435,90000.000000,-365879.435121,455879.435121,455879.435121,506.532706,<500k,Mazda,False,2,False,__OTHER__,True,True
18934820,Toyota,Corolla Altis,J,2011,212500,115000.000000,-365190.590293,480190.590293,480190.590293,417.557035,<500k,Toyota,False,Corolla Altis,False,__OTHER__,True,True
14459566,Toyota,CORONA,GLi,1993,2500,45000.000000,-364973.981411,409973.981411,409973.981411,911.053292,<500k,Toyota,False,__OTHER__,True,__OTHER__,True,True
19259642,Mazda,BT-50 PRO,V Freestyle Cab (ABS),2013,192500,179000.000000,-364968.908005,543968.908005,543968.908005,303.893245,<500k,Mazda,False,__OTHER__,True,__OTHER__,True,True
19277720,Nissan,CUBE,Z11 e,2011,112500,429000.000000,-364887.750508,793887.750508,793887.750508,185.055420,<500k,Nissan,False,__OTHER__,True,__OTHER__,True,True
18847259,Toyota,WISH,Q,2005,272500,188000.000000,-364133.437684,552133.437684,552133.437684,293.687999,<500k,Toyota,False,__OTHER__,True,__OTHER__,True,True
18989270,Toyota,WISH,Q,2004,202500,149000.000000,-361957.763672,510957.763672,510957.763672,342.924674,<500k,Toyota,False,__OTHER__,True,__OTHER__,True,True
18539645,Mitsubishi,MIRAGE,GLS,2013,172500,119000.000000,-361071.728859,480071.728859,480071.728859,403.421621,<500k,Mitsubishi,False,__OTHER__,True,__OTHER__,True,True
18816680,Toyota,Corolla Altis,TRD Sportivo,2011,402900,154000.000000,-359724.828405,513724.828405,513724.828405,333.587551,<500k,Toyota,False,Corolla Altis,False,__OTHER__,True,True
18721454,Mitsubishi,TRITON,GLS Plus Double Cab,2013,208260,175000.000000,-359583.607312,534583.607312,534583.607312,305.476347,<500k,Mitsubishi,False,TRITON,False,__OTHER__,True,True
16895203,Toyota,INNOVA,V,2013,177500,299000.000000,-359253.138751,658253.138751,658253.138751,220.151551,<500k,Toyota,False,INNOVA,False,V,False,False
19303342,Chevrolet,SONIC,LTZ,2013,82500,99000.000000,-358980.195664,457980.195664,457980.195664,462.606258,<500k,Chevrolet,False,__OTHER__,True,__OTHER__,True,True
19300626,Toyota,VIOS,G,2007,147500,139000.000000,-357283.486187,496283.486187,496283.486187,357.038479,<500k,Toyota,False,VIOS,False,G,False,False
19037712,Mitsubishi,TRITON,GLS Plus Double Cab,2013,297500,228000.000000,-356609.563103,584609.563103,584609.563103,256.407703,<500k,Mitsubishi,False,TRITON,False,__OTHER__,True,True
19040990,Toyota,CAMRY,G,2008,202500,155000.000000,-356363.386625,511363.386625,511363.386625,329.911862,<500k,Toyota,False,CAMRY,False,G,False,False
18166430,Mitsubishi,MIRAGE,GLS LTD,2013,142500,118000.000000,-356245.425709,474245.425709,474245.425709,401.902903,<500k,Mitsubishi,False,__OTHER__,True,__OTHER__,True,True
19154644,Honda,CIVIC,S,2006,182500,137000.000000,-355750.647725,492750.647725,492750.647725,359.672006,<500k,Honda,False,CIVIC,False,S,False,False
18879422,Chevrolet,CAPTIVA,LTZ,2011,247500,145000.000000,-355292.819234,500292.819234,500292.819234,345.029531,<500k,Chevrolet,False,__OTHER__,True,__OTHER__,True,True
8389983,Isuzu,D-MAX,EX Spark,2007,232500,149000.000000,-354379.281631,503379.281631,503379.281631,337.838444,<500k,Isuzu,False,D-MAX,False,__OTHER__,True,True
19145065,Isuzu,D-MAX,SLX Space Cab,2003,22500,128000.000000,-354065.380216,482065.380216,482065.380216,376.613578,<500k,Isuzu,False,D-MAX,False,__OTHER__,True,True
18665356,BMW,528i,,1997,272500,150000.000000,-353642.252079,503642.252079,503642.252079,335.761501,<500k,BMW,False,__OTHER__,True,__MISSING__,False,True
19036098,Isuzu,D-MAX,Hi-Lander Space Cab,2007,235000,150000.000000,-352701.792322,502701.792322,502701.792322,335.134528,<500k,Isuzu,False,D-MAX,False,__OTHER__,True,True
18799972,Mazda,3,Spirit,2013,112500,199000.000000,-352263.627101,551263.627101,551263.627101,277.016898,<500k,Mazda,False,3,False,__OTHER__,True,True
19009465,Honda,JAZZ,Cool,2006,2500,100000.000000,-352187.825898,452187.825898,452187.825898,452.187826,<500k,Honda,False,JAZZ,False,__OTHER__,True,True
19037056,Isuzu,D-MAX,SL Space Cab,2004,212500,139000.000000,-351789.469448,490789.469448,490789.469448,353.085949,<500k,Isuzu,False,D-MAX,False,__OTHER__,True,True
19143511,Toyota,CAMRY,G,2008,202500,159000.000000,-351375.580517,510375.580517,510375.580517,320.990931,<500k,Toyota,False,CAMRY,False,G,False,False
18852565,Toyota,Corolla Altis,G,2011,297500,155000.000000,-350576.565186,505576.565186,505576.565186,326.178429,<500k,Toyota,False,Corolla Altis,False,G,False,False
18965381,Mazda,CX-3,XDL,2016,197500,339000.000000,-350375.889216,689375.889216,689375.889216,203.355720,<500k,Mazda,False,__OTHER__,True,__OTHER__,True,True
19233039,Toyota,Corolla Altis,E,2010,232500,159000.000000,-349109.676887,508109.676887,508109.676887,319.565835,<500k,Toyota,False,Corolla Altis,False,E,False,False
16224456,Nissan,MARCH,E,2013,147500,139000.000000,-348093.807591,487093.807591,487093.807591,350.427200,<500k,Nissan,False,__OTHER__,True,E,False,True
18819034,Mini,COOPER,S 3-Door,2007,182500,489000.000000,-347918.084795,836918.084795,836918.084795,171.148893,<500k,Mini,False,__OTHER__,True,__OTHER__,True,True
19257416,Suzuki,SWIFT,GL,2012,112500,139000.000000,-347220.251650,486220.251650,486220.251650,349.798742,<500k,Suzuki,False,SWIFT,False,__OTHER__,True,True
19303923,Nissan,Frontier Navara,LE Double Cab,2009,207500,198000.000000,-345764.095253,543764.095253,543764.095253,274.628331,<500k,Nissan,False,__OTHER__,True,__OTHER__,True,True
19317356,Mitsubishi,TRITON,GLS Plus VG Turbo Double Cab,2012,197500,215000.000000,-345744.716454,560744.716454,560744.716454,260.811496,<500k,Mitsubishi,False,TRITON,False,__OTHER__,True,True
19102118,Toyota,INNOVA,G,2012,162500,259000.000000,-345339.169888,604339.169888,604339.169888,233.335587,<500k,Toyota,False,INNOVA,False,G,False,False
19156484,Toyota,Corolla Altis,G,2010,227500,169000.000000,-344538.021686,513538.021686,513538.021686,303.868652,<500k,Toyota,False,Corolla Altis,False,G,False,False
19330328,Mazda,2,Groove,2010,212500,100000.000000,-344505.349396,444505.349396,444505.349396,444.505349,<500k,Mazda,False,2,False,__OTHER__,True,True
19170296,Toyota,CAMRY,V,2007,434608,135000.000000,-344093.723343,479093.723343,479093.723343,354.884240,<500k,Toyota,False,CAMRY,False,V,False,False
18806672,Mercedes-Benz,220TE,,1995,182500,699000.000000,-343857.782164,1042857.782164,1042857.782164,149.192816,500k-1M,Mercedes-Benz,False,__OTHER__,True,__MISSING__,False,True
19100428,Toyota,Corolla Altis,G,2008,252500,147000.000000,-343725.358682,490725.358682,490725.358682,333.826775,<500k,Toyota,False,Corolla Altis,False,G,False,False
19006096,Mazda,3,Spirit Sports,2013,92500,199000.000000,-342937.707255,541937.707255,541937.707255,272.330506,<500k,Mazda,False,3,False,__OTHER__,True,True
19112072,Toyota,HILUX TIGER,E Extra Cab (ABS),2002,2500,129000.000000,-342736.505929,471736.505929,471736.505929,365.687214,<500k,Toyota,False,__OTHER__,True,__OTHER__,True,True
18991113,Chevrolet,CAPTIVA,LTZ,2011,202500,159000.000000,-342342.041122,501342.041122,501342.041122,315.309460,<500k,Chevrolet,False,__OTHER__,True,__OTHER__,True,True
19164656,Toyota,Corolla Altis,G,2010,200000,139000.000000,-341897.098715,480897.098715,480897.098715,345.969136,<500k,Toyota,False,Corolla Altis,False,G,False,False
19339247,MG,MG5,Turbo X Sunroof,2015,112500,189000.000000,-341191.444276,530191.444276,530191.444276,280.524574,<500k,MG,False,MG5,False,__OTHER__,True,True
19335488,Toyota,CAMRY,G,2010,340000,189000.000000,-340993.964968,529993.964968,529993.964968,280.420087,<500k,Toyota,False,CAMRY,False,G,False,False
19206505,Honda,JAZZ,E,2007,197500,149000.000000,-340970.610114,489970.610114,489970.610114,328.839336,<500k,Honda,False,JAZZ,False,E,False,False
19227877,Toyota,CAMRY,G,2010,365000,199000.000000,-340324.571140,539324.571140,539324.571140,271.017372,<500k,Toyota,False,CAMRY,False,G,False,False
18551779,Suzuki,SWIFT,GLX,2012,182500,159000.000000,-339929.565331,498929.565331,498929.565331,313.792179,<500k,Suzuki,False,SWIFT,False,GLX,False,False
19198662,Honda,CIVIC,S,2006,162500,129000.000000,-338267.606298,467267.606298,467267.606298,362.222951,<500k,Honda,False,CIVIC,False,S,False,False
14317443,Nissan,CEFIRO,Executive,2002,2500,65000.000000,-338245.548455,403245.548455,403245.548455,620.377767,<500k,Nissan,False,__OTHER__,True,__OTHER__,True,True
17674987,Suzuki,CELERIO,GL,2014,127500,139000.000000,-338114.627141,477114.627141,477114.627141,343.247933,<500k,Suzuki,False,__OTHER__,True,__OTHER__,True,True
19314079,Chevrolet,COLORADO,LT Z71 Flex Cab,2012,217500,195000.000000,-337803.255565,532803.255565,532803.255565,273.232439,<500k,Chevrolet,False,__OTHER__,True,__OTHER__,True,True
19270613,Toyota,VIOS,J,2011,318983,115000.000000,-337685.539156,452685.539156,452685.539156,393.639599,<500k,Toyota,False,VIOS,False,__OTHER__,True,True
19207063,Suzuki,SWIFT,GLX,2013,267500,1.000000,-337682.130910,337683.130910,337683.130910,33768313.090960,<500k,Suzuki,False,SWIFT,False,GLX,False,False
19207057,Suzuki,SWIFT,GLX,2013,267500,1.000000,-337682.130910,337683.130910,337683.130910,33768313.090960,<500k,Suzuki,False,SWIFT,False,GLX,False,False
19315537,Honda,ACCORD,LXi,1995,217500,34000.000000,-337481.409293,371481.409293,371481.409293,1092.592380,<500k,Honda,False,ACCORD,False,__OTHER__,True,True
18358113,Mazda,2,Groove,2010,204400,150000.000000,-337424.717618,487424.717618,487424.717618,324.949812,<500k,Mazda,False,2,False,__OTHER__,True,True
19210001,Mitsubishi,Strada,GLX Super,2002,122500,165000.000000,-336883.069592,501883.069592,501883.069592,304.171557,<500k,Mitsubishi,False,__OTHER__,True,__OTHER__,True,True
19250731,Toyota,AVANZA,S,2013,222500,178000.000000,-336459.701453,514459.701453,514459.701453,289.022304,<500k,Toyota,False,__OTHER__,True,S,False,True
19188569,Mitsubishi,TRITON,GL Single Cab,2006,2500,138000.000000,-333814.646792,471814.646792,471814.646792,341.894672,<500k,Mitsubishi,False,TRITON,False,__OTHER__,True,True
19239112,Toyota,INNOVA,V,2013,152500,329000.000000,-333536.467480,662536.467480,662536.467480,201.378865,<500k,Toyota,False,INNOVA,False,V,False,False
19153923,Mazda,BT-50 PRO,Hi-Racer Double Cab,2017,162500,288000.000000,-333315.482586,621315.482586,621315.482586,215.734543,<500k,Mazda,False,__OTHER__,True,__OTHER__,True,True
19083932,Toyota,CAMRY,Q,2005,227500,129000.000000,-331578.329502,460578.329502,460578.329502,357.037465,<500k,Toyota,False,CAMRY,False,__OTHER__,True,True
18885371,Toyota,YARIS,TRD Sportivo,2008,177500,145000.000000,-330520.156336,475520.156336,475520.156336,327.944935,<500k,Toyota,False,YARIS,False,__OTHER__,True,True
18863404,Toyota,CAMRY,G,2008,177500,197000.000000,-329521.778734,526521.778734,526521.778734,267.269938,<500k,Toyota,False,CAMRY,False,G,False,False
19125573,Toyota,INNOVA,V,2013,167500,289000.000000,-329113.359047,618113.359047,618113.359047,213.880055,<500k,Toyota,False,INNOVA,False,V,False,False
18975220,Isuzu,DRAGON POWER,Rodeo LS Space Cab,2001,297500,159000.000000,-329012.251242,488012.251242,488012.251242,306.925944,<500k,Isuzu,False,__OTHER__,True,__OTHER__,True,True
19091536,Ford,FIESTA,Sport,2012,112500,88000.000000,-328556.950033,416556.950033,416556.950033,473.360170,<500k,Ford,False,__OTHER__,True,Sport,False,True
19323741,Toyota,HILUX VIGO,E Double Cab,2010,277500,319000.000000,-327599.368365,646599.368365,646599.368365,202.695727,<500k,Toyota,False,__OTHER__,True,__OTHER__,True,True
19135157,Chevrolet,CAPTIVA,LT,2012,277500,124000.000000,-327490.216500,451490.216500,451490.216500,364.105013,<500k,Chevrolet,False,__OTHER__,True,__OTHER__,True,True
19284770,Suzuki,SWIFT,GA,2013,177500,149000.000000,-327489.775802,476489.775802,476489.775802,319.791796,<500k,Suzuki,False,SWIFT,False,__OTHER__,True,True
19186253,Isuzu,D-MAX,SLX Cab-4,2007,262500,219000.000000,-324502.495733,543502.495733,543502.495733,248.174656,<500k,Isuzu,False,D-MAX,False,__OTHER__,True,True
19060607,Suzuki,CARRY,,2014,2500,139000.000000,-323785.607855,462785.607855,462785.607855,332.939286,<500k,Suzuki,False,__OTHER__,True,__MISSING__,False,True
14267472,Isuzu,D-MAX,SLX Space Cab,2007,227500,175000.000000,-323622.456175,498622.456175,498622.456175,284.927118,<500k,Isuzu,False,D-MAX,False,__OTHER__,True,True
19331646,Toyota,HILUX VIGO,E Double Cab,2010,272500,319000.000000,-323228.608008,642228.608008,642228.608008,201.325582,<500k,Toyota,False,__OTHER__,True,__OTHER__,True,True
19223332,Isuzu,D-MAX,S Space Cab,2016,320131,319000.000000,-321936.583213,640936.583213,640936.583213,200.920559,<500k,Isuzu,False,D-MAX,False,__OTHER__,True,True
14304565,Honda,City,ZX V,2007,142500,115000.000000,-321589.387284,436589.387284,436589.387284,379.642945,<500k,Honda,False,City,False,__OTHER__,True,True
19267219,Honda,CIVIC,S,2007,230343,135000.000000,-321022.344789,456022.344789,456022.344789,337.794329,<500k,Honda,False,CIVIC,False,S,False,False
19039037,BMW,318i,SE,2002,222500,128000.000000,-320773.132877,448773.132877,448773.132877,350.604010,<500k,BMW,False,__OTHER__,True,__OTHER__,True,True
19111335,Suzuki,ERTIGA,GX,2013,365398,229000.000000,-320355.945985,549355.945985,549355.945985,239.893426,<500k,Suzuki,False,__OTHER__,True,__OTHER__,True,True
15034268,Honda,CR-V,E,2002,2500,115000.000000,-319943.798852,434943.798852,434943.798852,378.211999,<500k,Honda,False,CR-V,False,E,False,False
19032279,Mitsubishi,AIRTREK,,2001,102500,389000.000000,-319536.753021,708536.753021,708536.753021,182.143124,<500k,Mitsubishi,False,__OTHER__,True,__MISSING__,False,True
18846376,Mazda,CX-3,XDL,2016,157500,339000.000000,-319272.675848,658272.675848,658272.675848,194.180730,<500k,Mazda,False,__OTHER__,True,__OTHER__,True,True
14297794,BMW,523i,,1997,232500,99000.000000,-318676.169225,417676.169225,417676.169225,421.895120,<500k,BMW,False,__OTHER__,True,__MISSING__,False,True
19328761,Toyota,Corolla Altis,G,2010,202500,125000.000000,-317696.413795,442696.413795,442696.413795,354.157131,<500k,Toyota,False,Corolla Altis,False,G,False,False
18711093,Toyota,CAMRY,Q,2006,297500,60000.000000,-316218.614011,376218.614011,376218.614011,627.031023,<500k,Toyota,False,CAMRY,False,__OTHER__,True,True
18805375,Toyota,INNOVA,G Option,2012,2500,218000.000000,-315790.048635,533790.048635,533790.048635,244.857820,<500k,Toyota,False,INNOVA,False,__OTHER__,True,True
18575642,Toyota,VIOS,J,2009,147500,119000.000000,-314497.975378,433497.975378,433497.975378,364.284013,<500k,Toyota,False,VIOS,False,__OTHER__,True,True
19264444,Nissan,MARCH,E,2012,152500,114000.000000,-314456.648728,428456.648728,428456.648728,375.839166,<500k,Nissan,False,__OTHER__,True,E,False,True
18981604,Nissan,ALMERA,V,2011,197500,69000.000000,-313990.595498,382990.595498,382990.595498,555.058834,<500k,Nissan,False,ALMERA,False,V,False,False
19339943,Nissan,ALMERA,E,2012,397785,80000.000000,-313970.370198,393970.370198,393970.370198,492.462963,<500k,Nissan,False,ALMERA,False,E,False,False
18870049,Toyota,AVANZA,G,2011,197500,165000.000000,-313756.246797,478756.246797,478756.246797,290.155301,<500k,Toyota,False,__OTHER__,True,G,False,True
18815521,Toyota,HIACE,D4D,2011,297500,475000.000000,-313589.830798,788589.830798,788589.830798,166.018912,<500k,Toyota,False,__OTHER__,True,__OTHER__,True,True
18093431,Toyota,HIACE,D4D,2011,297500,339000.000000,-313589.830798,652589.830798,652589.830798,192.504375,<500k,Toyota,False,__OTHER__,True,__OTHER__,True,True
18697937,Suzuki,CELERIO,GL,2014,98201,159000.000000,-312502.845602,471502.845602,471502.845602,296.542670,<500k,Suzuki,False,__OTHER__,True,__OTHER__,True,True
18919317,Nissan,MARCH,V,2012,237500,139000.000000,-311690.728221,450690.728221,450690.728221,324.237934,<500k,Nissan,False,__OTHER__,True,V,False,True
19215433,Mazda,BT-50 PRO,Hi-Racer Double Cab,2017,132500,379000.000000,-310953.789932,689953.789932,689953.789932,182.045855,<500k,Mazda,False,__OTHER__,True,__OTHER__,True,True
12848454,Toyota,CAMRY,G,2009,237500,258000.000000,-310408.348636,568408.348636,568408.348636,220.313313,<500k,Toyota,False,CAMRY,False,G,False,False
19078632,Honda,CIVIC,E,2005,202500,139000.000000,-309873.052341,448873.052341,448873.052341,322.930253,<500k,Honda,False,CIVIC,False,E,False,False
19204120,Mitsubishi,MIRAGE,GLX,2013,167500,139000.000000,-309617.896179,448617.896179,448617.896179,322.746688,<500k,Mitsubishi,False,__OTHER__,True,GLX,False,True
19084859,Toyota,AVANZA,S,2012,127500,179000.000000,-308567.356170,487567.356170,487567.356170,272.383998,<500k,Toyota,False,__OTHER__,True,S,False,True
18775003,Isuzu,D-MAX,SLX Space Cab (Ddi-TEQ),2006,122500,229000.000000,-308386.849169,537386.849169,537386.849169,234.666746,<500k,Isuzu,False,D-MAX,False,__OTHER__,True,True
19313441,Toyota,Corolla Altis,E,2011,272500,149000.000000,-307525.399255,456525.399255,456525.399255,306.392885,<500k,Toyota,False,Corolla Altis,False,E,False,False
19334541,Mitsubishi,TRITON,GLX Mega Cab Plus,2006,2500,179000.000000,-307428.581693,486428.581693,486428.581693,271.747811,<500k,Mitsubishi,False,TRITON,False,__OTHER__,True,True
18867133,Mazda,3,Spirit,2012,2500,169000.000000,-306271.194639,475271.194639,475271.194639,281.225559,<500k,Mazda,False,3,False,__OTHER__,True,True
19327441,Toyota,AVANZA,S,2013,187500,199000.000000,-305864.378956,504864.378956,504864.378956,253.700693,<500k,Toyota,False,__OTHER__,True,S,False,True
19237384,Honda,JAZZ,Hybrid,2012,202500,209000.000000,-305856.298844,514856.298844,514856.298844,246.342727,<500k,Honda,False,JAZZ,False,__OTHER__,True,True
13850921,Mercedes-Benz,C220,Elegance,1996,2500,100000.000000,-305517.245010,405517.245010,405517.245010,405.517245,<500k,Mercedes-Benz,False,__OTHER__,True,__OTHER__,True,True
13290677,Toyota,Corolla Altis,G,2010,222500,129000.000000,-305464.172282,434464.172282,434464.172282,336.793932,<500k,Toyota,False,Corolla Altis,False,G,False,False
18779344,Toyota,VIOS,TRD Sportivo,2010,197500,149000.000000,-304178.414071,453178.414071,453178.414071,304.146587,<500k,Toyota,False,VIOS,False,__OTHER__,True,True
18535745,Mercedes-Benz,E220,,1994,202500,139000.000000,-304168.040284,443168.040284,443168.040284,318.825928,<500k,Mercedes-Benz,False,__OTHER__,True,__MISSING__,False,True
18486623,Honda,CIVIC,S,2006,97500,119000.000000,-303970.917272,422970.917272,422970.917272,355.437746,<500k,Honda,False,CIVIC,False,S,False,False
18308823,Toyota,YARIS,J,2014,340734,199000.000000,-303863.195531,502863.195531,502863.195531,252.695073,<500k,Toyota,False,YARIS,False,__OTHER__,True,True
19194202,Toyota,INNOVA,G Option,2014,192500,288000.000000,-302392.156121,590392.156121,590392.156121,204.997276,<500k,Toyota,False,INNOVA,False,__OTHER__,True,True
18965223,Mercedes-Benz,E230,Elegance,1996,232500,158000.000000,-300571.100446,458571.100446,458571.100446,290.234874,<500k,Mercedes-Benz,False,__OTHER__,True,__OTHER__,True,True
18981174,Isuzu,MU-X,DVD,2016,348000,479000.000000,-300527.072059,779527.072059,779527.072059,162.740516,<500k,Isuzu,False,MU-X,False,__OTHER__,True,True
19229838,Toyota,HIACE,D4D,2011,282500,419000.000000,-300477.549727,719477.549727,719477.549727,171.713019,<500k,Toyota,False,__OTHER__,True,__OTHER__,True,True
19211499,Ford,FIESTA,Sport,2011,142500,79000.000000,-300137.398347,379137.398347,379137.398347,479.920757,<500k,Ford,False,__OTHER__,True,Sport,False,True
19301073,Honda,City,V,2008,242500,139000.000000,-299491.072048,438491.072048,438491.072048,315.461203,<500k,Honda,False,City,False,V,False,False
19054572,Toyota,Corolla Altis,E,2011,237500,159000.000000,-299453.272370,458453.272370,458453.272370,288.335391,<500k,Toyota,False,Corolla Altis,False,E,False,False
18951445,Toyota,YARIS,J,2010,315843,169000.000000,-298352.255371,467352.255371,467352.255371,276.539796,<500k,Toyota,False,YARIS,False,__OTHER__,True,True
18504532,Mercedes-Benz,230E,,1991,42500,98000.000000,-297303.502694,395303.502694,395303.502694,403.370921,<500k,Mercedes-Benz,False,__OTHER__,True,__MISSING__,False,True
19198097,Toyota,AVANZA,S,2013,177500,159000.000000,-297122.858242,456122.858242,456122.858242,286.869722,<500k,Toyota,False,__OTHER__,True,S,False,True
19239130,Honda,JAZZ,SV,2008,142500,148000.000000,-296555.140922,444555.140922,444555.140922,300.375095,<500k,Honda,False,JAZZ,False,SV,False,False
19230347,Ford,RANGER,XL Super Cab,2002,205546,59900.000000,-295977.909559,355877.909559,355877.909559,594.120049,<500k,Ford,False,RANGER,False,__OTHER__,True,True
18957865,Mitsubishi,MIRAGE,GLX,2012,63393,198000.000000,-295162.906973,493162.906973,493162.906973,249.072175,<500k,Mitsubishi,False,__OTHER__,True,GLX,False,True
19160110,Mitsubishi,TRITON,GLX Plus Double Cab,2009,389000,149000.000000,-295117.646586,444117.646586,444117.646586,298.065535,<500k,Mitsubishi,False,TRITON,False,__OTHER__,True,True
19228041,Honda,JAZZ,V,2009,237500,179000.000000,-294999.319322,473999.319322,473999.319322,264.804089,<500k,Honda,False,JAZZ,False,V,False,False
19313600,Nissan,Frontier Navara,Calibre LE Double Cab,2011,300000,199000.000000,-294920.699872,493920.699872,493920.699872,248.201357,<500k,Nissan,False,__OTHER__,True,__OTHER__,True,True
19176352,Nissan,ALMERA,V,2012,267500,128000.000000,-294768.010520,422768.010520,422768.010520,330.287508,<500k,Nissan,False,ALMERA,False,V,False,False
18936619,Mini,COOPER,S 3-Door,2006,64000,1490000.000000,-294495.359727,1784495.359727,1784495.359727,119.764789,1M-3M,Mini,False,__OTHER__,True,__OTHER__,True,True
19293105,Toyota,CAMRY,G,2007,49329,210000.000000,-294031.194083,504031.194083,504031.194083,240.014854,<500k,Toyota,False,CAMRY,False,G,False,False
19281319,Mazda,BT-50 PRO,Hi-Racer Double Cab,2017,112500,359000.000000,-293470.748505,652470.748505,652470.748505,181.746727,<500k,Mazda,False,__OTHER__,True,__OTHER__,True,True
18911823,Mitsubishi,MIRAGE,GLS,2014,157500,225000.000000,-292807.346293,517807.346293,517807.346293,230.136598,<500k,Mitsubishi,False,__OTHER__,True,__OTHER__,True,True
19261668,Nissan,ALMERA,ES,2012,222500,119000.000000,-292257.198681,411257.198681,411257.198681,345.594285,<500k,Nissan,False,ALMERA,False,__OTHER__,True,True
19049790,Toyota,HIACE,D4D,2011,297500,300000.000000,-292191.571807,592191.571807,592191.571807,197.397191,<500k,Toyota,False,__OTHER__,True,__OTHER__,True,True
19208585,Toyota,HILUX VIGO,Prerunner Exclusive Double Cab,2010,232500,259000.000000,-292125.394641,551125.394641,551125.394641,212.789728,<500k,Toyota,False,__OTHER__,True,__OTHER__,True,True
18913191,Mitsubishi,TRITON,GLS Plus Double Cab,2015,314000,299000.000000,-292060.443328,591060.443328,591060.443328,197.679078,<500k,Mitsubishi,False,TRITON,False,__OTHER__,True,True
19265066,Honda,CIVIC,E (AS),2007,212500,199999.000000,-292038.620284,492037.620284,492037.620284,246.020040,<500k,Honda,False,CIVIC,False,__OTHER__,True,True
19114619,Toyota,WISH,Q,2006,297500,125000.000000,-291901.489478,416901.489478,416901.489478,333.521192,<500k,Toyota,False,__OTHER__,True,__OTHER__,True,True
18961885,Honda,CIVIC,E,2006,274348,185000.000000,-291140.963770,476140.963770,476140.963770,257.373494,<500k,Honda,False,CIVIC,False,E,False,False
11233775,Daihatsu,TANTO,660 Turbo,2008,37500,790000.000000,-290469.639192,1080469.639192,1080469.639192,136.768309,500k-1M,__OTHER__,True,__OTHER__,True,__OTHER__,True,True
18668808,Chevrolet,COLORADO,LT Crew Cab,2012,202500,174000.000000,-289987.885447,463987.885447,463987.885447,266.659704,<500k,Chevrolet,False,__OTHER__,True,__OTHER__,True,True
19267687,Toyota,AVANZA,E,2012,247500,199000.000000,-289965.060318,488965.060318,488965.060318,245.711086,<500k,Toyota,False,__OTHER__,True,E,False,True
19155302,Honda,JAZZ,S,2010,235512,149000.000000,-289446.600597,438446.600597,438446.600597,294.259463,<500k,Honda,False,JAZZ,False,S,False,False
18632784,Toyota,AVANZA,G,2012,282500,199000.000000,-288985.616764,487985.616764,487985.616764,245.218903,<500k,Toyota,False,__OTHER__,True,G,False,True
19269209,Toyota,CAMRY,G,2009,212500,188000.000000,-288554.546853,476554.546853,476554.546853,253.486461,<500k,Toyota,False,CAMRY,False,G,False,False
19320291,Nissan,MARCH,E,2014,162500,149000.000000,-288518.597662,437518.597662,437518.597662,293.636643,<500k,Nissan,False,__OTHER__,True,E,False,True
19054897,Mitsubishi,MIRAGE,GLS,2014,152500,199000.000000,-288436.585937,487436.585937,487436.585937,244.943008,<500k,Mitsubishi,False,__OTHER__,True,__OTHER__,True,True
19110630,Suzuki,SWIFT,GLX,2013,214421,199000.000000,-287420.143627,486420.143627,486420.143627,244.432233,<500k,Suzuki,False,SWIFT,False,GLX,False,False
18650433,MG,MG5,Turbo X Sunroof,2016,137500,159000.000000,-286494.885573,445494.885573,445494.885573,280.185463,<500k,MG,False,MG5,False,__OTHER__,True,True
18991104,MG,MG5,Turbo X Sunroof,2016,137500,159000.000000,-286494.885573,445494.885573,445494.885573,280.185463,<500k,MG,False,MG5,False,__OTHER__,True,True
19043312,Nissan,CUBE,3,2011,2500,335000.000000,-286266.412164,621266.412164,621266.412164,185.452660,<500k,Nissan,False,__OTHER__,True,__OTHER__,True,True
17415315,Mercedes-Benz,E200 Kompressor,,2002,312810,149000.000000,-286255.260847,435255.260847,435255.260847,292.117625,<500k,Mercedes-Benz,False,__OTHER__,True,__MISSING__,False,True
19263824,Honda,ACCORD,E,2005,197500,94000.000000,-284555.239575,378555.239575,378555.239575,402.718340,<500k,Honda,False,ACCORD,False,E,False,False
18539555,Mitsubishi,MIRAGE,GLS,2013,60000,169000.000000,-284127.879823,453127.879823,453127.879823,268.123006,<500k,Mitsubishi,False,__OTHER__,True,__OTHER__,True,True
19088189,Mitsubishi,TRITON,GLX Double Cab,2012,152500,195000.000000,-283884.677631,478884.677631,478884.677631,245.581886,<500k,Mitsubishi,False,TRITON,False,__OTHER__,True,True
17645274,Mitsubishi,MIRAGE,GLX,2012,202500,108000.000000,-283870.321886,391870.321886,391870.321886,362.842891,<500k,Mitsubishi,False,__OTHER__,True,GLX,False,True
19304725,Honda,CIVIC,S,2007,187500,145000.000000,-283571.047596,428571.047596,428571.047596,295.566240,<500k,Honda,False,CIVIC,False,S,False,False
19288440,Mitsubishi,TRITON,GLS Plus Double Cab,2015,277500,299000.000000,-282677.088336,581677.088336,581677.088336,194.540832,<500k,Mitsubishi,False,TRITON,False,__OTHER__,True,True
19251949,Mitsubishi,ATTRAGE,GLS,2013,216752,99000.000000,-282356.619406,381356.619406,381356.619406,385.208706,<500k,Mitsubishi,False,ATTRAGE,False,__OTHER__,True,True
18686823,Honda,City,S,2008,112500,158000.000000,-281109.954463,439109.954463,439109.954463,277.917693,<500k,Honda,False,City,False,S,False,False
19189521,Chevrolet,CAPTIVA,LTZ,2011,162500,125000.000000,-280989.893169,405989.893169,405989.893169,324.791915,<500k,Chevrolet,False,__OTHER__,True,__OTHER__,True,True
19202100,Toyota,CAMRY,V,2007,387695,155000.000000,-280561.431608,435561.431608,435561.431608,281.007375,<500k,Toyota,False,CAMRY,False,V,False,False
18543718,Mercedes-Benz,E230,Avantgarde,1997,197500,799000.000000,-280252.055194,1079252.055194,1079252.055194,135.075351,500k-1M,Mercedes-Benz,False,__OTHER__,True,__OTHER__,True,True
18813770,Isuzu,D-MAX,SLX Space Cab,2007,177500,185000.000000,-279914.852608,464914.852608,464914.852608,251.305326,<500k,Isuzu,False,D-MAX,False,__OTHER__,True,True
19093155,Mazda,CX-3,XDL,2016,142500,325000.000000,-279774.329679,604774.329679,604774.329679,186.084409,<500k,Mazda,False,__OTHER__,True,__OTHER__,True,True
4767566,Nissan,MARCH,EL,2013,89263,199000.000000,-279713.552863,478713.552863,478713.552863,240.559574,<500k,Nissan,False,__OTHER__,True,EL,False,True
19317454,Mitsubishi,TRITON,GLS Plus VG Turbo Double Cab,2012,117500,235000.000000,-279675.420233,514675.420233,514675.420233,219.010817,<500k,Mitsubishi,False,TRITON,False,__OTHER__,True,True
19215359,Toyota,HILUX VIGO,E Prerunner Double Cab,2010,222500,259000.000000,-279521.004441,538521.004441,538521.004441,207.923168,<500k,Toyota,False,__OTHER__,True,__OTHER__,True,True
18167826,Toyota,CAMRY,Q,2005,172500,137000.000000,-278512.159470,415512.159470,415512.159470,303.293547,<500k,Toyota,False,CAMRY,False,__OTHER__,True,True
18797154,Suzuki,CARRY,,2015,37500,179000.000000,-277830.569867,456830.569867,456830.569867,255.212609,<500k,Suzuki,False,__OTHER__,True,__MISSING__,False,True
19187308,Honda,CIVIC,E,2006,292500,124000.000000,-277293.289229,401293.289229,401293.289229,323.623620,<500k,Honda,False,CIVIC,False,E,False,False
19230289,Toyota,VIOS,J,2010,192500,138000.000000,-277284.458103,415284.458103,415284.458103,300.930767,<500k,Toyota,False,VIOS,False,__OTHER__,True,True
19284435,Honda,CIVIC,E (AS),2008,287500,195000.000000,-277186.795663,472186.795663,472186.795663,242.147075,<500k,Honda,False,CIVIC,False,__OTHER__,True,True
17152297,Suzuki,SWIFT,GLX,2013,197500,199000.000000,-276491.485915,475491.485915,475491.485915,238.940445,<500k,Suzuki,False,SWIFT,False,GLX,False,False
19015315,Toyota,HILUX VIGO,G Double Cab,2006,440823,199000.000000,-275778.121394,474778.121394,474778.121394,238.581971,<500k,Toyota,False,__OTHER__,True,__OTHER__,True,True
19035045,Mazda,BT-50 PRO,V Freestyle Cab,2012,2500,199000.000000,-275430.374935,474430.374935,474430.374935,238.407224,<500k,Mazda,False,__OTHER__,True,__OTHER__,True,True
15493738,Toyota,CAMRY,G,2009,172500,248000.000000,-274986.722989,522986.722989,522986.722989,210.881743,<500k,Toyota,False,CAMRY,False,G,False,False
19150619,Mazda,BT-50 PRO,Hi-Racer Double Cab,2018,242500,328000.000000,-274458.809256,602458.809256,602458.809256,183.676466,<500k,Mazda,False,__OTHER__,True,__OTHER__,True,True
19340969,Mitsubishi,ATTRAGE,GLS,2013,207500,129000.000000,-274268.964442,403268.964442,403268.964442,312.611600,<500k,Mitsubishi,False,ATTRAGE,False,__OTHER__,True,True
19214239,Ford,FIESTA,Sport,2013,137500,129000.000000,-273860.391330,402860.391330,402860.391330,312.294877,<500k,Ford,False,__OTHER__,True,Sport,False,True
9083289,Mitsubishi,MIRAGE,GLS LTD,2012,112500,100000.000000,-273677.966778,373677.966778,373677.966778,373.677967,<500k,Mitsubishi,False,__OTHER__,True,__OTHER__,True,True
19081186,Mitsubishi,MIRAGE,GLS,2012,112500,129000.000000,-273677.966778,402677.966778,402677.966778,312.153463,<500k,Mitsubishi,False,__OTHER__,True,__OTHER__,True,True
19081183,Mitsubishi,MIRAGE,GLS,2012,112500,129000.000000,-273677.966778,402677.966778,402677.966778,312.153463,<500k,Mitsubishi,False,__OTHER__,True,__OTHER__,True,True
18515854,Honda,City,S,2008,129469,199000.000000,-273420.245350,472420.245350,472420.245350,237.397108,<500k,Honda,False,City,False,S,False,False
18906096,Mitsubishi,TRITON,Plus VG Turbo Double Cab,2013,197500,280000.000000,-273057.225455,553057.225455,553057.225455,197.520438,<500k,Mitsubishi,False,TRITON,False,__OTHER__,True,True
19187779,Nissan,Frontier Navara,Calibre LE Double Cab,2010,217500,200000.000000,-272967.449373,472967.449373,472967.449373,236.483725,<500k,Nissan,False,__OTHER__,True,__OTHER__,True,True
19215524,Toyota,CAMRY,G,2002,2500,99000.000000,-271765.374247,370765.374247,370765.374247,374.510479,<500k,Toyota,False,CAMRY,False,G,False,False
19133199,Toyota,AVANZA,S,2011,2500,159000.000000,-270860.901629,429860.901629,429860.901629,270.352768,<500k,Toyota,False,__OTHER__,True,S,False,True
19230914,Toyota,AVANZA,E,2011,162500,158000.000000,-270814.235748,428814.235748,428814.235748,271.401415,<500k,Toyota,False,__OTHER__,True,E,False,True
19088184,Mitsubishi,TRITON,GLX Double Cab,2012,137500,195000.000000,-270772.396561,465772.396561,465772.396561,238.857639,<500k,Mitsubishi,False,TRITON,False,__OTHER__,True,True
19165029,Suzuki,SWIFT,GL,2013,112500,139000.000000,-270669.891164,409669.891164,409669.891164,294.726540,<500k,Suzuki,False,SWIFT,False,__OTHER__,True,True
17645814,Toyota,CAMRY,E,2004,102500,95000.000000,-270590.702082,365590.702082,365590.702082,384.832318,<500k,Toyota,False,CAMRY,False,E,False,False
18922414,Mitsubishi,TRITON,GLS CNG Plus Double Cab,2012,227500,149000.000000,-270543.538673,419543.538673,419543.538673,281.572845,<500k,Mitsubishi,False,TRITON,False,__OTHER__,True,True
19327753,Mazda,BT-50 PRO,Hi-Racer Double Cab,2018,237500,368000.000000,-270088.048900,638088.048900,638088.048900,173.393492,<500k,Mazda,False,__OTHER__,True,__OTHER__,True,True
18809413,Suzuki,SWIFT,GLX,2012,102500,235000.000000,-269997.399623,504997.399623,504997.399623,214.892510,<500k,Suzuki,False,SWIFT,False,GLX,False,False
18839958,Toyota,INNOVA,G,2013,187500,269000.000000,-269244.352195,538244.352195,538244.352195,200.090837,<500k,Toyota,False,INNOVA,False,G,False,False
17236045,Mercedes-Benz,A170,Avantgarde,2005,182500,170000.000000,-269187.802707,439187.802707,439187.802707,258.345766,<500k,Mercedes-Benz,False,__OTHER__,True,__OTHER__,True,True
19262669,Toyota,WISH,S,2007,202500,185000.000000,-268636.319684,453636.319684,453636.319684,245.208821,<500k,Toyota,False,__OTHER__,True,S,False,True
18628494,Mazda,BT-50 PRO,Hi-Racer Double Cab Leather,2017,147500,298000.000000,-267964.722964,565964.722964,565964.722964,189.921048,<500k,Mazda,False,__OTHER__,True,__OTHER__,True,True
18756766,Honda,JAZZ,SV,2009,201450,170000.000000,-267673.175555,437673.175555,437673.175555,257.454809,<500k,Honda,False,JAZZ,False,SV,False,False
19293075,Toyota,WISH,S,2007,200816,185000.000000,-267164.247595,452164.247595,452164.247595,244.413107,<500k,Toyota,False,__OTHER__,True,S,False,True
17059824,Mercedes-Benz,E200 Kompressor,,2001,197500,139000.000000,-266994.952093,405994.952093,405994.952093,292.082699,<500k,Mercedes-Benz,False,__OTHER__,True,__MISSING__,False,True
6689318,Nissan,CEFIRO,Executive,2003,2500,49000.000000,-266682.994076,315682.994076,315682.994076,644.251008,<500k,Nissan,False,__OTHER__,True,__OTHER__,True,True
19198126,Toyota,VIOS,J,2009,92500,149000.000000,-266419.611453,415419.611453,415419.611453,278.805108,<500k,Toyota,False,VIOS,False,__OTHER__,True,True
18821921,Toyota,HILUX VIGO,E Prerunner Double Cab,2010,227500,289000.000000,-266356.375293,555356.375293,555356.375293,192.164836,<500k,Toyota,False,__OTHER__,True,__OTHER__,True,True
19274410,Honda,City,S,2009,182500,135000.000000,-265750.238971,400750.238971,400750.238971,296.852029,<500k,Honda,False,City,False,S,False,False
19204185,Mazda,2,Elegance Groove,2012,297500,110000.000000,-265707.554489,375707.554489,375707.554489,341.552322,<500k,Mazda,False,2,False,__OTHER__,True,True
19274026,Suzuki,SWIFT,GLX,2012,97500,199000.000000,-265626.639266,464626.639266,464626.639266,233.480723,<500k,Suzuki,False,SWIFT,False,GLX,False,False
19112763,Honda,City,S,2008,120000,250000.000000,-265142.899386,515142.899386,515142.899386,206.057160,<500k,Honda,False,City,False,S,False,False
13366945,Toyota,YARIS,E Limited,2008,102500,145000.000000,-264958.750984,409958.750984,409958.750984,282.730173,<500k,Toyota,False,YARIS,False,__OTHER__,True,True
17792668,Mercedes-Benz,C180,Elegance,2001,192500,139000.000000,-264621.521897,403621.521897,403621.521897,290.375196,<500k,Mercedes-Benz,False,__OTHER__,True,__OTHER__,True,True
17128144,Suzuki,SWIFT,GL,2014,197500,169000.000000,-264559.587256,433559.587256,433559.587256,256.544134,<500k,Suzuki,False,SWIFT,False,__OTHER__,True,True
19166821,Honda,JAZZ,E,2006,22500,95000.000000,-264544.358114,359544.358114,359544.358114,378.467745,<500k,Honda,False,JAZZ,False,E,False,False
19310138,Toyota,HILUX VIGO,E Prerunner Double Cab,2011,292500,265000.000000,-264161.288949,529161.288949,529161.288949,199.683505,<500k,Toyota,False,__OTHER__,True,__OTHER__,True,True
18959822,Mitsubishi,TRITON,Plus VG Turbo Double Cab,2013,217500,189000.000000,-264154.201783,453154.201783,453154.201783,239.764128,<500k,Mitsubishi,False,TRITON,False,__OTHER__,True,True
19150592,Isuzu,D-MAX,SX Space Cab,2007,192500,158000.000000,-263311.850739,421311.850739,421311.850739,266.653070,<500k,Isuzu,False,D-MAX,False,__OTHER__,True,True
19334511,Toyota,INNOVA,G,2012,72500,255000.000000,-262802.613980,517802.613980,517802.613980,203.059849,<500k,Toyota,False,INNOVA,False,G,False,False
18137587,Honda,CIVIC,EXi,2005,22500,89000.000000,-262489.032502,351489.032502,351489.032502,394.931497,<500k,Honda,False,CIVIC,False,__OTHER__,True,True
19241504,Nissan,CUBE,3,2012,122500,499000.000000,-262375.821689,761375.821689,761375.821689,152.580325,<500k,Nissan,False,__OTHER__,True,__OTHER__,True,True
19123956,Chevrolet,CAPTIVA,LT,2010,27500,119000.000000,-262052.919635,381052.919635,381052.919635,320.212538,<500k,Chevrolet,False,__OTHER__,True,__OTHER__,True,True
18697908,Suzuki,SWIFT,GA,2013,102500,209000.000000,-261928.370451,470928.370451,470928.370451,225.324579,<500k,Suzuki,False,SWIFT,False,__OTHER__,True,True
19303429,Toyota,YARIS,E Limited,2009,190000,139000.000000,-261033.827255,400033.827255,400033.827255,287.794120,<500k,Toyota,False,YARIS,False,__OTHER__,True,True
19153537,Isuzu,D-MAX,S Space Cab,2016,249331,329000.000000,-260046.616561,589046.616561,589046.616561,179.041525,<500k,Isuzu,False,D-MAX,False,__OTHER__,True,True
17674082,Toyota,Corolla Altis,G,2008,182500,147000.000000,-260011.518076,407011.518076,407011.518076,276.878584,<500k,Toyota,False,Corolla Altis,False,G,False,False
19063913,Honda,JAZZ,SV,2009,217500,189000.000000,-259180.120689,448180.120689,448180.120689,237.132339,<500k,Honda,False,JAZZ,False,SV,False,False
19192096,Honda,ACCORD,E,2005,267500,99000.000000,-258919.246839,357919.246839,357919.246839,361.534593,<500k,Honda,False,ACCORD,False,E,False,False
19326809,Isuzu,D-MAX,Hi-Lander Z-Prestige Cab-4,2016,247500,449000.000000,-258446.044119,707446.044119,707446.044119,157.560366,<500k,Isuzu,False,D-MAX,False,__OTHER__,True,True
19277795,Toyota,CAMRY,G Extremo,2011,202500,259000.000000,-258425.774321,517425.774321,517425.774321,199.778291,<500k,Toyota,False,CAMRY,False,__OTHER__,True,True
14319206,Toyota,Sport Rider,S,2002,122500,189000.000000,-258203.788766,447203.788766,447203.788766,236.615761,<500k,Toyota,False,__OTHER__,True,S,False,True
18440558,Honda,CIVIC,S,2006,192500,189000.000000,-257984.976261,446984.976261,446984.976261,236.499987,<500k,Honda,False,CIVIC,False,S,False,False
19281010,Isuzu,D-MAX,Hi-Lander Cab-4,2008,232500,228000.000000,-256430.662154,484430.662154,484430.662154,212.469589,<500k,Isuzu,False,D-MAX,False,__OTHER__,True,True
16616496,Toyota,ESTIMA,G,2001,282500,165000.000000,-256215.950629,421215.950629,421215.950629,255.282394,<500k,Toyota,False,__OTHER__,True,G,False,True
19291054,Suzuki,SWIFT,GA,2014,182500,169000.000000,-255310.175673,424310.175673,424310.175673,251.071110,<500k,Suzuki,False,SWIFT,False,__OTHER__,True,True
19315511,Ford,FIESTA,Style,2012,177500,44000.000000,-254939.674141,298939.674141,298939.674141,679.408350,<500k,Ford,False,__OTHER__,True,__OTHER__,True,True
12201280,Isuzu,D-MAX,Hi-Lander Space Cab,2007,122500,180000.000000,-254359.684295,434359.684295,434359.684295,241.310936,<500k,Isuzu,False,D-MAX,False,__OTHER__,True,True
19280063,Mercedes-Benz,E200 Kompressor,,2001,182500,99000.000000,-253882.671023,352882.671023,352882.671023,356.447142,<500k,Mercedes-Benz,False,__OTHER__,True,__MISSING__,False,True
19247067,Toyota,PRIUS,Hybrid Top grade,2010,287500,195000.000000,-253705.077371,448705.077371,448705.077371,230.105168,<500k,Toyota,False,__OTHER__,True,__OTHER__,True,True
18938853,Toyota,CAMRY,G,2007,2500,188000.000000,-253095.526733,441095.526733,441095.526733,234.625280,<500k,Toyota,False,CAMRY,False,G,False,False
18987788,Toyota,Corolla Altis,CNG,2011,297500,149000.000000,-252096.595272,401096.595272,401096.595272,269.192346,<500k,Toyota,False,Corolla Altis,False,__OTHER__,True,True
19254979,Nissan,CEFIRO,Executive,2002,2500,65000.000000,-251418.910723,316418.910723,316418.910723,486.798324,<500k,Nissan,False,__OTHER__,True,__OTHER__,True,True
19277815,Toyota,CAMRY,G,2010,257500,159000.000000,-251341.029577,410341.029577,410341.029577,258.076119,<500k,Toyota,False,CAMRY,False,G,False,False
17741059,Honda,JAZZ,V,2009,187500,209000.000000,-251291.715755,460291.715755,460291.715755,220.235271,<500k,Honda,False,JAZZ,False,V,False,False
19087896,Nissan,Frontier Navara,LE King Cab,2008,17500,179000.000000,-251237.756075,430237.756075,430237.756075,240.356288,<500k,Nissan,False,__OTHER__,True,__OTHER__,True,True
18870375,Toyota,YARIS,J,2013,192661,229000.000000,-250975.236355,479975.236355,479975.236355,209.596173,<500k,Toyota,False,YARIS,False,__OTHER__,True,True
19208439,MG,MG5,Turbo X Sunroof,2017,152500,158000.000000,-249442.871256,407442.871256,407442.871256,257.875235,<500k,MG,False,MG5,False,__OTHER__,True,True
18416941,Toyota,AVANZA,S,2013,152500,188000.000000,-248882.991360,436882.991360,436882.991360,232.384570,<500k,Toyota,False,__OTHER__,True,S,False,True
19313429,Toyota,CAMRY,V,2007,321000,159000.000000,-248645.924308,407645.924308,407645.924308,256.381084,<500k,Toyota,False,CAMRY,False,V,False,False
12857586,Nissan,ALMERA,VL,2012,172500,127000.000000,-248549.595113,375549.595113,375549.595113,295.708343,<500k,Nissan,False,ALMERA,False,__OTHER__,True,True
19204692,Mitsubishi,MIRAGE,GLX,2013,97500,129000.000000,-248427.251184,377427.251184,377427.251184,292.579264,<500k,Mitsubishi,False,__OTHER__,True,GLX,False,True
19230948,Nissan,ALMERA,VL,2012,202500,119000.000000,-248388.092155,367388.092155,367388.092155,308.729489,<500k,Nissan,False,ALMERA,False,__OTHER__,True,True
18993493,Mazda,CX-3,XDL,2016,227500,294000.000000,-247570.063567,541570.063567,541570.063567,184.207505,<500k,Mazda,False,__OTHER__,True,__OTHER__,True,True
17507191,Toyota,Corolla Altis,G,2008,142500,149000.000000,-247568.630833,396568.630833,396568.630833,266.153444,<500k,Toyota,False,Corolla Altis,False,G,False,False
18505186,Mitsubishi,MIRAGE,GLS LTD,2012,82500,109000.000000,-247453.404638,356453.404638,356453.404638,327.021472,<500k,Mitsubishi,False,__OTHER__,True,__OTHER__,True,True
19096516,Suzuki,CARRY,,2015,2500,119000.000000,-247235.247369,366235.247369,366235.247369,307.760712,<500k,Suzuki,False,__OTHER__,True,__MISSING__,False,True
18362548,Honda,JAZZ,V,2009,182500,150000.000000,-246920.955398,396920.955398,396920.955398,264.613970,<500k,Honda,False,JAZZ,False,V,False,False
18264984,Mitsubishi,MIRAGE,GL,2015,192500,75000.000000,-246852.308305,321852.308305,321852.308305,429.136411,<500k,Mitsubishi,False,__OTHER__,True,__OTHER__,True,True
19284474,Toyota,VIOS,TRD,2010,127500,139000.000000,-246850.638563,385850.638563,385850.638563,277.590387,<500k,Toyota,False,VIOS,False,__OTHER__,True,True
19164571,Honda,JAZZ,Hybrid,2013,222500,168000.000000,-246788.979785,414788.979785,414788.979785,246.898202,<500k,Honda,False,JAZZ,False,__OTHER__,True,True
19341292,Nissan,Frontier Navara,Calibre LE Double Cab,2010,187500,249000.000000,-246742.887232,495742.887232,495742.887232,199.093529,<500k,Nissan,False,__OTHER__,True,__OTHER__,True,True
18677890,Nissan,MARCH,E,2013,162500,149000.000000,-246647.808956,395647.808956,395647.808956,265.535442,<500k,Nissan,False,__OTHER__,True,E,False,True
18902727,Honda,CR-V,DT EL,2017,297500,469000.000000,-246560.315870,715560.315870,715560.315870,152.571496,<500k,Honda,False,CR-V,False,__OTHER__,True,True
19192263,Mazda,2,Groove Sport,2011,147500,119000.000000,-245678.290952,364678.290952,364678.290952,306.452345,<500k,Mazda,False,2,False,__OTHER__,True,True
18613211,Mazda,2,Groove Sport,2009,2500,99000.000000,-245640.896479,344640.896479,344640.896479,348.122118,<500k,Mazda,False,2,False,__OTHER__,True,True
19199879,Toyota,AVANZA,G,2012,202500,199000.000000,-245439.516155,444439.516155,444439.516155,223.336440,<500k,Toyota,False,__OTHER__,True,G,False,True
18990508,Isuzu,D-MAX,S Space Cab,2016,232500,234000.000000,-245333.763048,479333.763048,479333.763048,204.843488,<500k,Isuzu,False,D-MAX,False,__OTHER__,True,True
18813300,Toyota,INNOVA,G,2012,47500,179000.000000,-244811.681683,423811.681683,423811.681683,236.766303,<500k,Toyota,False,INNOVA,False,G,False,False
19217035,Toyota,HILUX REVO,J Plus Double Cab,2016,278401,349000.000000,-244175.326545,593175.326545,593175.326545,169.964277,<500k,Toyota,False,HILUX REVO,False,__OTHER__,True,True
19312840,Toyota,Corolla Altis,G,2010,112500,198000.000000,-244010.533480,442010.533480,442010.533480,223.237643,<500k,Toyota,False,Corolla Altis,False,G,False,False
19232925,Toyota,FORTUNER,V,2005,268480,239000.000000,-243686.968297,482686.968297,482686.968297,201.961075,<500k,Toyota,False,FORTUNER,False,V,False,False
18571228,Toyota,HILUX REVO,E Prerunner Double Cab,2016,247500,419000.000000,-243549.218487,662549.218487,662549.218487,158.126305,<500k,Toyota,False,HILUX REVO,False,__OTHER__,True,True
16988707,Mercedes-Benz,E200,,2005,305333,259000.000000,-243370.719615,502370.719615,502370.719615,193.965529,<500k,Mercedes-Benz,False,__OTHER__,True,__MISSING__,False,True
18696917,Nissan,JUKE,V,2011,152500,459000.000000,-243092.689410,702092.689410,702092.689410,152.961370,<500k,Nissan,False,__OTHER__,True,V,False,True
18410016,Toyota,Corolla Altis,E,2011,167500,189000.000000,-242125.496862,431125.496862,431125.496862,228.108728,<500k,Toyota,False,Corolla Altis,False,E,False,False
19261573,Toyota,Corolla Altis,G,2011,197500,119000.000000,-241763.099059,360763.099059,360763.099059,303.162268,<500k,Toyota,False,Corolla Altis,False,G,False,False
19106931,Nissan,MARCH,E,2015,196508,179000.000000,-241696.400818,420696.400818,420696.400818,235.025922,<500k,Nissan,False,__OTHER__,True,E,False,True
18560635,Mercedes-Benz,E220,Executive,1997,42500,1.000000,-241409.771766,241410.771766,241410.771766,24141077.176642,<500k,Mercedes-Benz,False,__OTHER__,True,__OTHER__,True,True
19312731,Toyota,HILUX REVO,E Prerunner Double Cab,2015,157254,459000.000000,-241210.851142,700210.851142,700210.851142,152.551384,<500k,Toyota,False,HILUX REVO,False,__OTHER__,True,True
18764884,Isuzu,D-MAX,Hi-Lander L Space Cab,2016,227500,354000.000000,-240963.002691,594963.002691,594963.002691,168.068645,<500k,Isuzu,False,D-MAX,False,__OTHER__,True,True
19157978,Mercedes-Benz,C230 Kompressor,Avantgarde,2004,182500,189000.000000,-240929.753980,429929.753980,429929.753980,227.476060,<500k,Mercedes-Benz,False,__OTHER__,True,__OTHER__,True,True
19072328,Toyota,AVANZA,S,2013,112500,188000.000000,-240302.973604,428302.973604,428302.973604,227.820731,<500k,Toyota,False,__OTHER__,True,S,False,True
18904502,Mitsubishi,Strada,Grandis GLX,2001,182500,109000.000000,-240144.693935,349144.693935,349144.693935,320.316233,<500k,Mitsubishi,False,__OTHER__,True,__OTHER__,True,True
19151024,Honda,CIVIC,EL,2007,212500,238000.000000,-239927.748864,477927.748864,477927.748864,200.809979,<500k,Honda,False,CIVIC,False,EL,False,False
19207471,Toyota,CAMRY,G,2009,162500,199000.000000,-239859.137177,438859.137177,438859.137177,220.532230,<500k,Toyota,False,CAMRY,False,G,False,False
18941785,Isuzu,D-MAX,SLX Space Cab,2008,192500,133000.000000,-238999.968804,371999.968804,371999.968804,279.699225,<500k,Isuzu,False,D-MAX,False,__OTHER__,True,True
19026436,Nissan,Frontier,ZDi King Cab,2003,217500,79000.000000,-238736.896884,317736.896884,317736.896884,402.198604,<500k,Nissan,False,__OTHER__,True,__OTHER__,True,True
19035981,Toyota,VIOS,E,2010,242500,159000.000000,-238388.748071,397388.748071,397388.748071,249.930030,<500k,Toyota,False,VIOS,False,E,False,False
19237493,Isuzu,D-MAX,EX Spark,2008,217500,139000.000000,-238330.574976,377330.574976,377330.574976,271.460845,<500k,Isuzu,False,D-MAX,False,__OTHER__,True,True
19261681,Isuzu,D-MAX,EX Spark,2008,217500,139000.000000,-238330.574976,377330.574976,377330.574976,271.460845,<500k,Isuzu,False,D-MAX,False,__OTHER__,True,True
19237469,Nissan,Frontier Navara,Calibre Double Cab,2008,2500,168000.000000,-238125.475004,406125.475004,406125.475004,241.741354,<500k,Nissan,False,__OTHER__,True,__OTHER__,True,True
18731805,Honda,JAZZ,Hybrid,2013,212500,199000.000000,-238047.459071,437047.459071,437047.459071,219.621839,<500k,Honda,False,JAZZ,False,__OTHER__,True,True
18878011,Mitsubishi,TRITON,GLS Plus Double Cab,2013,187500,259000.000000,-237929.639642,496929.639642,496929.639642,191.864726,<500k,Mitsubishi,False,TRITON,False,__OTHER__,True,True
19034916,Mercedes-Benz,E200 Kompressor,Elegance,2004,182500,139000.000000,-237066.884493,376066.884493,376066.884493,270.551715,<500k,Mercedes-Benz,False,__OTHER__,True,__OTHER__,True,True
19049754,Toyota,HIACE,D4D,2012,297500,310000.000000,-237039.470311,547039.470311,547039.470311,176.464345,<500k,Toyota,False,__OTHER__,True,__OTHER__,True,True
19284739,Mitsubishi,TRITON,GLS Plus Double Cab,2014,132500,149000.000000,-236338.267963,385338.267963,385338.267963,258.616287,<500k,Mitsubishi,False,TRITON,False,__OTHER__,True,True
19284632,Mitsubishi,TRITON,GLX CNG Double Cab,2012,252500,139000.000000,-236295.992418,375295.992418,375295.992418,269.997117,<500k,Mitsubishi,False,TRITON,False,__OTHER__,True,True
18935309,Honda,City,V,2009,227500,255000.000000,-236214.495590,491214.495590,491214.495590,192.633136,<500k,Honda,False,City,False,V,False,False
13751443,Mitsubishi,TRITON,GL Single Cab,2012,297500,99000.000000,-235893.915592,334893.915592,334893.915592,338.276682,<500k,Mitsubishi,False,TRITON,False,__OTHER__,True,True
18582879,Nissan,CUBE,Z12,2010,92500,399000.000000,-235489.338097,634489.338097,634489.338097,159.019884,<500k,Nissan,False,__OTHER__,True,__OTHER__,True,True
19313475,Toyota,VIOS,G,2009,152500,149000.000000,-234939.590670,383939.590670,383939.590670,257.677578,<500k,Toyota,False,VIOS,False,G,False,False
19326400,Suzuki,CARRY,,2017,162500,129000.000000,-233998.857813,362998.857813,362998.857813,281.394463,<500k,Suzuki,False,__OTHER__,True,__MISSING__,False,True
19182872,Suzuki,SWIFT,GLX,2013,172500,159000.000000,-233239.425140,392239.425140,392239.425140,246.691462,<500k,Suzuki,False,SWIFT,False,GLX,False,False
17830913,Honda,CIVIC,Hybrid,2013,287500,259000.000000,-233089.371943,492089.371943,492089.371943,189.995897,<500k,Honda,False,CIVIC,False,__OTHER__,True,True
19279778,Suzuki,SWIFT,GL,2010,137500,119000.000000,-232220.911510,351220.911510,351220.911510,295.143623,<500k,Suzuki,False,SWIFT,False,__OTHER__,True,True
19301555,Toyota,INNOVA,G,2014,212500,255000.000000,-232083.182997,487083.182997,487083.182997,191.013013,<500k,Toyota,False,INNOVA,False,G,False,False
19210797,Toyota,YARIS,E Limited,2009,182500,138000.000000,-231954.491108,369954.491108,369954.491108,268.082965,<500k,Toyota,False,YARIS,False,__OTHER__,True,True
18921902,Mitsubishi,MIRAGE,GLX,2013,108155,229000.000000,-231355.276406,460355.276406,460355.276406,201.028505,<500k,Mitsubishi,False,__OTHER__,True,GLX,False,True
19306988,Suzuki,SWIFT,GL,2013,202500,149000.000000,-230922.428394,379922.428394,379922.428394,254.981496,<500k,Suzuki,False,SWIFT,False,__OTHER__,True,True
5940928,Mitsubishi,TRITON,GLX Plus Mega Cab,2007,2500,137000.000000,-230878.221207,367878.221207,367878.221207,268.524249,<500k,Mitsubishi,False,TRITON,False,__OTHER__,True,True
19290437,Nissan,MARCH,E,2013,32500,135000.000000,-230030.929881,365030.929881,365030.929881,270.393281,<500k,Nissan,False,__OTHER__,True,E,False,True
19336035,Toyota,CAMRY,G Extremo,2012,257500,219000.000000,-229953.777760,448953.777760,448953.777760,205.001725,<500k,Toyota,False,CAMRY,False,__OTHER__,True,True
18503879,Mercedes-Benz,E200 Kompressor,Elegance,2004,200000,198000.000000,-229841.350130,427841.350130,427841.350130,216.081490,<500k,Mercedes-Benz,False,__OTHER__,True,__OTHER__,True,True
19312657,Mitsubishi,MIRAGE,GLX,2013,227500,95000.000000,-229173.763184,324173.763184,324173.763184,341.235540,<500k,Mitsubishi,False,__OTHER__,True,GLX,False,True
19067418,Nissan,MARCH,E,2014,122500,109000.000000,-227166.449709,336166.449709,336166.449709,308.409587,<500k,Nissan,False,__OTHER__,True,E,False,True
19052954,Toyota,VIOS,G Limited,2011,192500,148000.000000,-227120.162715,375120.162715,375120.162715,253.459569,<500k,Toyota,False,VIOS,False,__OTHER__,True,True
18992244,Suzuki,SWIFT,GL,2015,237500,184000.000000,-226838.179111,410838.179111,410838.179111,223.281619,<500k,Suzuki,False,SWIFT,False,__OTHER__,True,True
18520141,Suzuki,APV,GLX (8-Seater),2011,182500,229000.000000,-226806.381639,455806.381639,455806.381639,199.042088,<500k,Suzuki,False,__OTHER__,True,__OTHER__,True,True
19290640,Isuzu,D-MAX,Hi-Lander Z-Prestige Cab-4,2017,297500,375000.000000,-225603.287200,600603.287200,600603.287200,160.160877,<500k,Isuzu,False,D-MAX,False,__OTHER__,True,True
19244523,Toyota,AVANZA,S,2013,99000,238000.000000,-224639.051154,462639.051154,462639.051154,194.386156,<500k,Toyota,False,__OTHER__,True,S,False,True
18397655,Toyota,YARIS,J,2013,162500,189000.000000,-224609.935731,413609.935731,413609.935731,218.841236,<500k,Toyota,False,YARIS,False,__OTHER__,True,True
18651861,Toyota,Corolla Altis,E,2009,2500,159000.000000,-224605.060963,383605.060963,383605.060963,241.261045,<500k,Toyota,False,Corolla Altis,False,E,False,False
19293055,Mazda,2,Elegance Spirit,2011,192874,90000.000000,-224412.815259,314412.815259,314412.815259,349.347573,<500k,Mazda,False,2,False,__OTHER__,True,True
19035924,Honda,JAZZ,SV,2009,177500,199000.000000,-224214.037835,423214.037835,423214.037835,212.670371,<500k,Honda,False,JAZZ,False,SV,False,False
18121482,Mercedes-Benz,C180 Kompressor,Classic,2004,227500,139000.000000,-224165.249153,363165.249153,363165.249153,261.269963,<500k,Mercedes-Benz,False,__OTHER__,True,__OTHER__,True,True
19299425,Suzuki,SWIFT,GLX,2013,137500,180000.000000,-224042.361634,404042.361634,404042.361634,224.467979,<500k,Suzuki,False,SWIFT,False,GLX,False,False
19297000,Ford,FIESTA,Trend,2011,95000,79000.000000,-223650.452887,302650.452887,302650.452887,383.101839,<500k,Ford,False,__OTHER__,True,__OTHER__,True,True
18752050,Honda,JAZZ,V,2010,242500,215000.000000,-222819.719193,437819.719193,437819.719193,203.637079,<500k,Honda,False,JAZZ,False,V,False,False
16792523,Toyota,VIOS,J Standard,2011,187500,169000.000000,-222749.402358,391749.402358,391749.402358,231.804380,<500k,Toyota,False,VIOS,False,__OTHER__,True,True
18783668,Toyota,WISH,S,2004,2500,169000.000000,-221911.837487,390911.837487,390911.837487,231.308780,<500k,Toyota,False,__OTHER__,True,S,False,True
18783656,Toyota,WISH,S,2004,2500,169000.000000,-221911.837487,390911.837487,390911.837487,231.308780,<500k,Toyota,False,__OTHER__,True,S,False,True
19242702,Honda,City,ZX V,2007,2500,89000.000000,-221731.292906,310731.292906,310731.292906,349.136284,<500k,Honda,False,City,False,__OTHER__,True,True
14818014,Nissan,CUBE,Z12,2011,170000,290000.000000,-221477.316778,511477.316778,511477.316778,176.371489,<500k,Nissan,False,__OTHER__,True,__OTHER__,True,True
15349787,Toyota,YARIS,E,2018,746754,358000.000000,-221072.403287,579072.403287,579072.403287,161.752068,<500k,Toyota,False,YARIS,False,E,False,False
16809860,MG,MG5,X,2018,292500,209000.000000,-220804.097643,429804.097643,429804.097643,205.647894,<500k,MG,False,MG5,False,X,False,False
9377210,BMW,318i,,1987,2500,1.000000,-220251.803742,220252.803742,220252.803742,22025280.374173,<500k,BMW,False,__OTHER__,True,__MISSING__,False,True
19283898,Toyota,CAMRY,G,2010,227500,199000.000000,-220128.661329,419128.661329,419128.661329,210.617418,<500k,Toyota,False,CAMRY,False,G,False,False
19254353,Mazda,2,Groove Sport,2010,182500,130000.000000,-219930.716659,349930.716659,349930.716659,269.177474,<500k,Mazda,False,2,False,__OTHER__,True,True
19084006,Chevrolet,CAPTIVA,LT,2013,237500,189000.000000,-219836.642647,408836.642647,408836.642647,216.315684,<500k,Chevrolet,False,__OTHER__,True,__OTHER__,True,True
19004721,Mazda,2,Maxx Sports,2010,100000,130000.000000,-219777.176270,349777.176270,349777.176270,269.059366,<500k,Mazda,False,2,False,__OTHER__,True,True
18362607,Suzuki,SWIFT,GLX,2013,132500,209000.000000,-219671.601277,428671.601277,428671.601277,205.106029,<500k,Suzuki,False,SWIFT,False,GLX,False,False
19118745,Toyota,HIACE,D4D,2012,277500,375000.000000,-219556.428884,594556.428884,594556.428884,158.548381,<500k,Toyota,False,__OTHER__,True,__OTHER__,True,True
19127747,Isuzu,D-MAX,Hi-Lander X-Series Z Space Cab (DVD),2016,202810,388000.000000,-219380.188050,607380.188050,607380.188050,156.541286,<500k,Isuzu,False,D-MAX,False,__OTHER__,True,True
19011326,Honda,CR-V,E,2007,197500,158000.000000,-219146.648620,377146.648620,377146.648620,238.700411,<500k,Honda,False,CR-V,False,E,False,False
19236756,Isuzu,D-MAX,Hi-Lander Z Cab-4,2016,232500,419000.000000,-218947.697950,637947.697950,637947.697950,152.254821,<500k,Isuzu,False,D-MAX,False,__OTHER__,True,True
17161509,Toyota,INNOVA,G,2014,192500,218000.000000,-218463.011057,436463.011057,436463.011057,200.212390,<500k,Toyota,False,INNOVA,False,G,False,False
19339960,Honda,JAZZ,V,2010,237500,150000.000000,-218448.958836,368448.958836,368448.958836,245.632639,<500k,Honda,False,JAZZ,False,V,False,False
19211506,Toyota,VIOS,J,2011,182500,129000.000000,-218378.642002,347378.642002,347378.642002,269.285769,<500k,Toyota,False,VIOS,False,__OTHER__,True,True
18935027,Nissan,ALMERA,VL,2012,137500,149000.000000,-217954.272616,366954.272616,366954.272616,246.278035,<500k,Nissan,False,ALMERA,False,__OTHER__,True,True
19304974,Toyota,HIACE,GL D4D,2005,157500,349000.000000,-217944.041090,566944.041090,566944.041090,162.448149,<500k,Toyota,False,__OTHER__,True,__OTHER__,True,True
19021079,Toyota,CAMRY,G,2012,400000,259000.000000,-217819.172665,476819.172665,476819.172665,184.100067,<500k,Toyota,False,CAMRY,False,G,False,False
19270576,Toyota,WISH,Q,2004,142558,150000.000000,-217744.896372,367744.896372,367744.896372,245.163264,<500k,Toyota,False,__OTHER__,True,__OTHER__,True,True
18092867,Mitsubishi,ATTRAGE,GLS LTD,2013,142500,175000.000000,-217449.079804,392449.079804,392449.079804,224.256617,<500k,Mitsubishi,False,ATTRAGE,False,__OTHER__,True,True
18250625,Honda,JAZZ,S,2010,177500,209000.000000,-217337.031643,426337.031643,426337.031643,203.989010,<500k,Honda,False,JAZZ,False,S,False,False
19334615,Toyota,WISH,S,2005,2500,139000.000000,-217191.343446,356191.343446,356191.343446,256.252765,<500k,Toyota,False,__OTHER__,True,S,False,True
19140132,Isuzu,D-MAX,Hi-Lander Z Cab-4,2017,287500,479000.000000,-216861.766487,695861.766487,695861.766487,145.273855,<500k,Isuzu,False,D-MAX,False,__OTHER__,True,True
18590447,Honda,JAZZ,V,2009,172500,178000.000000,-216781.175693,394781.175693,394781.175693,221.787177,<500k,Honda,False,JAZZ,False,V,False,False
19143249,Nissan,ALMERA,VL,2012,140000,139000.000000,-216276.783307,355276.783307,355276.783307,255.594808,<500k,Nissan,False,ALMERA,False,__OTHER__,True,True
18612393,Chevrolet,CRUZE,LS,2012,22500,98000.000000,-216164.921704,314164.921704,314164.921704,320.576451,<500k,Chevrolet,False,__OTHER__,True,__OTHER__,True,True
19049773,Toyota,HIACE,D4D,2012,297500,300000.000000,-215641.211320,515641.211320,515641.211320,171.880404,<500k,Toyota,False,__OTHER__,True,__OTHER__,True,True
19005101,Honda,CIVIC,Hybrid Navi,2013,267500,209000.000000,-215606.330516,424606.330516,424606.330516,203.160924,<500k,Honda,False,CIVIC,False,__OTHER__,True,True
19007367,Honda,CR-V,DT EL,2017,257500,459000.000000,-215457.102503,674457.102503,674457.102503,146.940545,<500k,Honda,False,CR-V,False,__OTHER__,True,True
19331039,Mercedes-Benz,E200 Kompressor,Elegance,2001,212500,125000.000000,-215429.920156,340429.920156,340429.920156,272.343936,<500k,Mercedes-Benz,False,__OTHER__,True,__OTHER__,True,True
19131052,Suzuki,SWIFT,GLX,2013,157500,209000.000000,-215139.337962,424139.337962,424139.337962,202.937482,<500k,Suzuki,False,SWIFT,False,GLX,False,False
18686718,Toyota,CAMRY,V,2007,282500,185000.000000,-214991.069561,399991.069561,399991.069561,216.211389,<500k,Toyota,False,CAMRY,False,V,False,False
19237115,Honda,CR-V,E,2007,172500,189000.000000,-214828.236341,403828.236341,403828.236341,213.665734,<500k,Honda,False,CR-V,False,E,False,False
12272164,Toyota,VIOS,J,2009,2500,99000.000000,-214131.990130,313131.990130,313131.990130,316.294940,<500k,Toyota,False,VIOS,False,__OTHER__,True,True
18968042,Isuzu,D-MAX,L Space Cab,2017,314000,344000.000000,-213640.731279,557640.731279,557640.731279,162.104864,<500k,Isuzu,False,D-MAX,False,__OTHER__,True,True
19184398,Chevrolet,CRUZE,LTZ,2011,157500,119000.000000,-213560.367072,332560.367072,332560.367072,279.462493,<500k,Chevrolet,False,__OTHER__,True,__OTHER__,True,True
18987690,Toyota,Corolla Altis,G,2012,252500,185000.000000,-213291.102498,398291.102498,398291.102498,215.292488,<500k,Toyota,False,Corolla Altis,False,G,False,False
19271299,Mazda,BT-50 PRO,Hi-Racer Double Cab,2018,172500,329000.000000,-213268.164262,542268.164262,542268.164262,164.823150,<500k,Mazda,False,__OTHER__,True,__OTHER__,True,True
19308635,Mitsubishi,TRITON,GLS Plus Double Cab,2015,197500,345000.000000,-212744.922628,557744.922628,557744.922628,161.665195,<500k,Mitsubishi,False,TRITON,False,__OTHER__,True,True
16316069,Mazda,CX-3,XDL,2017,122500,539000.000000,-212126.992865,751126.992865,751126.992865,139.355657,500k-1M,Mazda,False,__OTHER__,True,__OTHER__,True,True
19177455,Toyota,VIOS,G,2012,453000,99000.000000,-211869.858615,310869.858615,310869.858615,314.009958,<500k,Toyota,False,VIOS,False,G,False,False
12650483,Mitsubishi,TRITON,GLS Plus Double Cab,2013,127500,265000.000000,-211866.580460,476866.580460,476866.580460,179.949653,<500k,Mitsubishi,False,TRITON,False,__OTHER__,True,True
18645768,Nissan,ALMERA,V,2012,167500,159000.000000,-211215.672872,370215.672872,370215.672872,232.840046,<500k,Nissan,False,ALMERA,False,V,False,False
19119982,Mazda,2,Elegance Groove,2011,147500,90000.000000,-211135.104272,301135.104272,301135.104272,334.594560,<500k,Mazda,False,2,False,__OTHER__,True,True
18976388,Mazda,2,Groove,2011,147500,149000.000000,-211135.104272,360135.104272,360135.104272,241.701412,<500k,Mazda,False,2,False,__OTHER__,True,True
19212148,Honda,CIVIC,E (AS),2008,237500,135000.000000,-210955.996483,345955.996483,345955.996483,256.263701,<500k,Honda,False,CIVIC,False,__OTHER__,True,True
18715312,Suzuki,SWIFT,GLX,2013,122500,169000.000000,-210930.080564,379930.080564,379930.080564,224.810699,<500k,Suzuki,False,SWIFT,False,GLX,False,False
17887379,Mitsubishi,TRITON,GLS Plus Double Cab,2014,120000,198000.000000,-210868.391116,408868.391116,408868.391116,206.499187,<500k,Mitsubishi,False,TRITON,False,__OTHER__,True,True
19241526,Nissan,Frontier Navara,SE King Cab,2010,120274,179000.000000,-210500.335695,389500.335695,389500.335695,217.597953,<500k,Nissan,False,__OTHER__,True,__OTHER__,True,True
19101136,Mazda,BT-50,Hi-Racer Freestyle Cab,2011,202500,149000.000000,-210471.221696,359471.221696,359471.221696,241.255853,<500k,Mazda,False,__OTHER__,True,__OTHER__,True,True
19041337,Isuzu,D-MAX,S Space Cab,2016,192500,299000.000000,-210367.680194,509367.680194,509367.680194,170.357084,<500k,Isuzu,False,D-MAX,False,__OTHER__,True,True
18811928,Mitsubishi,TRITON,GLX CNG Double Cab,2012,183058,175000.000000,-210296.213327,385296.213327,385296.213327,220.169265,<500k,Mitsubishi,False,TRITON,False,__OTHER__,True,True
16566193,Toyota,VIOS,G,2012,386669,158000.000000,-209987.825608,367987.825608,367987.825608,232.903687,<500k,Toyota,False,VIOS,False,G,False,False
17073616,Toyota,VIOS,G,2012,386669,158000.000000,-209987.825608,367987.825608,367987.825608,232.903687,<500k,Toyota,False,VIOS,False,G,False,False
19335363,Honda,ACCORD,EL,2010,242500,139000.000000,-209981.689022,348981.689022,348981.689022,251.065963,<500k,Honda,False,ACCORD,False,EL,False,False
19327482,Nissan,ALMERA,ES,2012,192500,149000.000000,-209931.288502,358931.288502,358931.288502,240.893482,<500k,Nissan,False,ALMERA,False,__OTHER__,True,True
16111004,Toyota,ESTIMA,G,2003,252500,198000.000000,-209783.924793,407783.924793,407783.924793,205.951477,<500k,Toyota,False,__OTHER__,True,G,False,True
19072273,Nissan,Note,V,2017,252500,165000.000000,-209704.549951,374704.549951,374704.549951,227.093667,<500k,Nissan,False,__OTHER__,True,V,False,True
18980562,Ford,RANGER,XLT Double Cab Hi-Rider,2012,160300,299000.000000,-209704.442166,508704.442166,508704.442166,170.135265,<500k,Ford,False,RANGER,False,__OTHER__,True,True
19282570,Chevrolet,CAPTIVA,LT,2012,202500,189000.000000,-209690.332598,398690.332598,398690.332598,210.947266,<500k,Chevrolet,False,__OTHER__,True,__OTHER__,True,True
7484420,Chevrolet,CAPTIVA,LSX,2012,162500,178000.000000,-209427.338791,387427.338791,387427.338791,217.655808,<500k,Chevrolet,False,__OTHER__,True,__OTHER__,True,True
19325849,Toyota,HILUX TIGER,E Extra Cab (ABS),2003,2500,145000.000000,-209074.790651,354074.790651,354074.790651,244.189511,<500k,Toyota,False,__OTHER__,True,__OTHER__,True,True
19329016,Mazda,BT-50 PRO,Hi-Racer Double Cab,2018,167500,345000.000000,-208897.403905,553897.403905,553897.403905,160.549972,<500k,Mazda,False,__OTHER__,True,__OTHER__,True,True
17984738,Mazda,2,Elegance Groove,2012,232500,159000.000000,-208887.669851,367887.669851,367887.669851,231.375893,<500k,Mazda,False,2,False,__OTHER__,True,True
19278119,Toyota,PRIUS,Hybrid Standard grade,2011,322697,199000.000000,-207922.247340,406922.247340,406922.247340,204.483541,<500k,Toyota,False,__OTHER__,True,__OTHER__,True,True
19262568,Mitsubishi,ATTRAGE,GLX,2014,297500,138000.000000,-207910.959064,345910.959064,345910.959064,250.660115,<500k,Mitsubishi,False,ATTRAGE,False,GLX,False,False
18474462,Toyota,Corolla Altis,E,2011,152500,180000.000000,-207614.956801,387614.956801,387614.956801,215.341643,<500k,Toyota,False,Corolla Altis,False,E,False,False
18862776,Toyota,YARIS,J,2013,142500,168000.000000,-207126.894304,375126.894304,375126.894304,223.289818,<500k,Toyota,False,YARIS,False,__OTHER__,True,True
19236331,Suzuki,SWIFT,GLX,2013,142500,123000.000000,-207014.863000,330014.863000,330014.863000,268.304767,<500k,Suzuki,False,SWIFT,False,GLX,False,False
18969505,Toyota,YARIS,E,2007,93324,138000.000000,-206963.123862,344963.123862,344963.123862,249.973278,<500k,Toyota,False,YARIS,False,E,False,False
19037129,Honda,CR-V,E,2008,251058,189000.000000,-206949.514276,395949.514276,395949.514276,209.497098,<500k,Honda,False,CR-V,False,E,False,False
19254051,Toyota,CAMRY,G Extremo,2011,167500,229000.000000,-206432.192833,435432.192833,435432.192833,190.145062,<500k,Toyota,False,CAMRY,False,__OTHER__,True,True
19317392,Isuzu,D-MAX,S Cab-4,2016,217500,349000.000000,-205835.416879,554835.416879,554835.416879,158.978629,<500k,Isuzu,False,D-MAX,False,__OTHER__,True,True
18716408,Honda,CIVIC,S,2007,197500,185000.000000,-205485.930578,390485.930578,390485.930578,211.073476,<500k,Honda,False,CIVIC,False,S,False,False
18415958,Toyota,YARIS,J,2014,232500,199000.000000,-205387.350753,404387.350753,404387.350753,203.209724,<500k,Toyota,False,YARIS,False,__OTHER__,True,True
19242023,Toyota,WISH,Q,2004,2500,175000.000000,-204662.738905,379662.738905,379662.738905,216.950137,<500k,Toyota,False,__OTHER__,True,__OTHER__,True,True
19208183,Toyota,WISH,Q Limited,2004,2500,169000.000000,-204662.738905,373662.738905,373662.738905,221.102212,<500k,Toyota,False,__OTHER__,True,__OTHER__,True,True
19208128,Toyota,WISH,Q,2004,2500,189000.000000,-204662.738905,393662.738905,393662.738905,208.287163,<500k,Toyota,False,__OTHER__,True,__OTHER__,True,True
4901645,Mercedes-Benz,E230,Elegance,1996,17500,197000.000000,-204442.848944,401442.848944,401442.848944,203.778096,<500k,Mercedes-Benz,False,__OTHER__,True,__OTHER__,True,True
19093460,Mitsubishi,TRITON,GLS Double Cab,2015,297500,238000.000000,-203508.842131,441508.842131,441508.842131,185.507917,<500k,Mitsubishi,False,TRITON,False,__OTHER__,True,True
19001115,Toyota,FORTUNER,V,2005,252500,239000.000000,-203331.953098,442331.953098,442331.953098,185.076131,<500k,Toyota,False,FORTUNER,False,V,False,False
19334391,Toyota,VIOS,E,2010,197500,150000.000000,-202914.774347,352914.774347,352914.774347,235.276516,<500k,Toyota,False,VIOS,False,E,False,False
19115188,Isuzu,D-MAX,Hi-Lander Z Space Cab (DVD),2016,213775,339000.000000,-202579.200413,541579.200413,541579.200413,159.757876,<500k,Isuzu,False,D-MAX,False,__OTHER__,True,True
19188468,Mazda,2,Groove Sport,2010,162500,118000.000000,-202447.675232,320447.675232,320447.675232,271.565826,<500k,Mazda,False,2,False,__OTHER__,True,True
13587747,Toyota,INNOVA,V,2013,2500,339000.000000,-202413.656778,541413.656778,541413.656778,159.709043,<500k,Toyota,False,INNOVA,False,V,False,False
18755530,Honda,CIVIC,S (AS),2008,227500,125000.000000,-202214.475770,327214.475770,327214.475770,261.771581,<500k,Honda,False,CIVIC,False,__OTHER__,True,True
19335931,Toyota,HIACE,GL D4D,2012,257500,398000.000000,-202073.387457,600073.387457,600073.387457,150.772208,<500k,Toyota,False,__OTHER__,True,__OTHER__,True,True
19261574,Nissan,TIIDA,B Latio,2011,192500,89000.000000,-201986.348165,290986.348165,290986.348165,326.950953,<500k,Nissan,False,__OTHER__,True,__OTHER__,True,True
18939964,Isuzu,D-MAX,S Space Cab,2016,182500,229000.000000,-201626.159481,430626.159481,430626.159481,188.046358,<500k,Isuzu,False,D-MAX,False,__OTHER__,True,True
19183685,Mercedes-Benz,C220,,1997,97500,95000.000000,-200664.167799,295664.167799,295664.167799,311.225440,<500k,Mercedes-Benz,False,__OTHER__,True,__MISSING__,False,True
18861999,Toyota,YARIS,J,2014,252540,169000.000000,-200382.162651,369382.162651,369382.162651,218.569327,<500k,Toyota,False,YARIS,False,__OTHER__,True,True
19268342,Toyota,YARIS,J,2014,252500,219000.000000,-200347.196568,419347.196568,419347.196568,191.482738,<500k,Toyota,False,YARIS,False,__OTHER__,True,True
19212711,Toyota,HILUX REVO,J Plus Double Cab,2016,197500,348000.000000,-199841.614919,547841.614919,547841.614919,157.425751,<500k,Toyota,False,HILUX REVO,False,__OTHER__,True,True
18909783,Toyota,HILUX REVO,E Plus Prerunner Double Cab,2018,377000,429000.000000,-199788.321268,628788.321268,628788.321268,146.570704,<500k,Toyota,False,HILUX REVO,False,__OTHER__,True,True
19165917,Toyota,HILUX REVO,J Plus Prerunner Double Cab,2016,227500,395000.000000,-199680.111961,594680.111961,594680.111961,150.551927,<500k,Toyota,False,HILUX REVO,False,__OTHER__,True,True
19319898,Toyota,Corolla Altis,E CNG,2013,416835,110000.000000,-199449.942248,309449.942248,309449.942248,281.318129,<500k,Toyota,False,Corolla Altis,False,__OTHER__,True,True
18935232,Nissan,Note,VL,2017,207466,249000.000000,-199438.277968,448438.277968,448438.277968,180.095694,<500k,Nissan,False,__OTHER__,True,__OTHER__,True,True
18863875,Honda,City,V,2009,189614,158000.000000,-199233.500728,357233.500728,357233.500728,226.097152,<500k,Honda,False,City,False,V,False,False
7120700,Mazda,BT-50 PRO,V Freestyle Cab,2013,2500,169000.000000,-198880.014448,367880.014448,367880.014448,217.680482,<500k,Mazda,False,__OTHER__,True,__OTHER__,True,True
19232711,Honda,CIVIC,E Navi,2008,197500,1.000000,-198513.109241,198514.109241,198514.109241,19851410.924098,<500k,Honda,False,CIVIC,False,__OTHER__,True,True
19232688,Honda,CIVIC,E Navi,2008,197500,1.000000,-198513.109241,198514.109241,198514.109241,19851410.924098,<500k,Honda,False,CIVIC,False,__OTHER__,True,True
19044979,Toyota,AVANZA,S Touring,2014,197500,199000.000000,-198283.244989,397283.244989,397283.244989,199.639822,<500k,Toyota,False,__OTHER__,True,__OTHER__,True,True
19034453,Toyota,HILUX REVO,E Prerunner Double Cab,2015,107500,490000.000000,-197718.288983,687718.288983,687718.288983,140.350671,<500k,Toyota,False,HILUX REVO,False,__OTHER__,True,True
19104468,Toyota,HILUX REVO,G Prerunner Double Cab,2015,137500,450000.000000,-197556.786025,647556.786025,647556.786025,143.901508,<500k,Toyota,False,HILUX REVO,False,__OTHER__,True,True
18852792,Toyota,HIACE,D4D,2012,282500,384000.000000,-197541.124142,581541.124142,581541.124142,151.443001,<500k,Toyota,False,__OTHER__,True,__OTHER__,True,True
19191079,Mercedes-Benz,E200 Kompressor,,2002,211019,219000.000000,-197274.447352,416274.447352,416274.447352,190.079656,<500k,Mercedes-Benz,False,__OTHER__,True,__MISSING__,False,True
19207475,Toyota,INNOVA,V,2015,197500,299000.000000,-197249.394107,496249.394107,496249.394107,165.969697,<500k,Toyota,False,INNOVA,False,V,False,False
18912044,Toyota,VIOS,J,2011,182500,118000.000000,-196980.383011,314980.383011,314980.383011,266.932528,<500k,Toyota,False,VIOS,False,__OTHER__,True,True
18972959,Toyota,VIOS,ES,2011,182500,179000.000000,-196980.383011,375980.383011,375980.383011,210.044907,<500k,Toyota,False,VIOS,False,__OTHER__,True,True
18502854,Toyota,YARIS,E,2009,232500,155000.000000,-196921.650563,351921.650563,351921.650563,227.046226,<500k,Toyota,False,YARIS,False,E,False,False
19037182,Mercedes-Benz,C180,Elegance,2002,202500,219000.000000,-196812.682124,415812.682124,415812.682124,189.868805,<500k,Mercedes-Benz,False,__OTHER__,True,__OTHER__,True,True
18769885,Toyota,VIOS,E,2009,132500,149000.000000,-196259.185096,345259.185096,345259.185096,231.717574,<500k,Toyota,False,VIOS,False,E,False,False
19044937,Volkswagen,GOLF,,2010,87500,229000.000000,-196084.145583,425084.145583,425084.145583,185.626264,<500k,Volkswagen,False,__OTHER__,True,__MISSING__,False,True
19031459,Isuzu,D-MAX,Hi-Lander Platinum Cab-4,2009,254984,259000.000000,-194546.930732,453546.930732,453546.930732,175.114645,<500k,Isuzu,False,D-MAX,False,__OTHER__,True,True
18858001,Honda,JAZZ,SV,2009,137500,199000.000000,-194235.761088,393235.761088,393235.761088,197.605910,<500k,Honda,False,JAZZ,False,SV,False,False
19210749,Honda,ACCORD,EL,2006,341628,118000.000000,-193707.731356,311707.731356,311707.731356,264.159094,<500k,Honda,False,ACCORD,False,EL,False,False
19212164,Toyota,CAMRY,V,2007,262500,145000.000000,-193645.158647,338645.158647,338645.158647,233.548385,<500k,Toyota,False,CAMRY,False,V,False,False
19076658,Isuzu,D-MAX,Hi-Lander Z Cab-4,2016,172500,439000.000000,-192884.638767,631884.638767,631884.638767,143.937275,<500k,Isuzu,False,D-MAX,False,__OTHER__,True,True
18870480,Isuzu,D-MAX,Hi-Lander Z Space Cab,2016,202500,319000.000000,-192723.135809,511723.135809,511723.135809,160.414776,<500k,Isuzu,False,D-MAX,False,__OTHER__,True,True
19325802,Isuzu,D-MAX,L Space Cab,2016,292500,299000.000000,-192374.868458,491374.868458,491374.868458,164.339421,<500k,Isuzu,False,D-MAX,False,__OTHER__,True,True
19184460,Honda,JAZZ,V,2010,207500,139000.000000,-192224.396696,331224.396696,331224.396696,238.290933,<500k,Honda,False,JAZZ,False,V,False,False
18736771,Mercedes-Benz,C180,Elegance,2002,202500,149000.000000,-191824.876016,340824.876016,340824.876016,228.741528,<500k,Mercedes-Benz,False,__OTHER__,True,__OTHER__,True,True
18919376,Toyota,YARIS,J,2014,212500,195000.000000,-191767.178813,386767.178813,386767.178813,198.342143,<500k,Toyota,False,YARIS,False,__OTHER__,True,True
19199714,Toyota,CAMRY,V,2006,167500,175000.000000,-191013.941841,366013.941841,366013.941841,209.150824,<500k,Toyota,False,CAMRY,False,V,False,False
17152276,Honda,JAZZ,S,2010,152500,199000.000000,-190495.423751,389495.423751,389495.423751,195.726344,<500k,Honda,False,JAZZ,False,S,False,False
16912346,Honda,JAZZ,Hybrid,2013,182500,229000.000000,-190424.637940,419424.637940,419424.637940,183.154864,<500k,Honda,False,JAZZ,False,__OTHER__,True,True
19272177,Audi,e-tron,55 Quattro,2020,82500,1190000.000000,-190374.095342,1380374.095342,1380374.095342,115.997823,1M-3M,Audi,False,__OTHER__,True,__OTHER__,True,True
18721439,BMW,318i,,2003,143066,148000.000000,-190323.436099,338323.436099,338323.436099,228.596916,<500k,BMW,False,__OTHER__,True,__MISSING__,False,True
19288276,Toyota,VIOS,E,2010,182500,149000.000000,-189802.493277,338802.493277,338802.493277,227.384224,<500k,Toyota,False,VIOS,False,E,False,False
18693322,Honda,CIVIC,EL,2008,242500,259000.000000,-189601.950519,448601.950519,448601.950519,173.205386,<500k,Honda,False,CIVIC,False,EL,False,False
19135084,Mazda,2,Sports High Plus,2015,242500,204000.000000,-189437.805951,393437.805951,393437.805951,192.861670,<500k,Mazda,False,2,False,__OTHER__,True,True
18839900,Honda,JAZZ,SV,2009,137500,189999.000000,-189247.954981,379246.954981,379246.954981,199.604711,<500k,Honda,False,JAZZ,False,SV,False,False
8811861,Chevrolet,CAPTIVA,LTZ,2013,202500,325000.000000,-189241.320150,514241.320150,514241.320150,158.228099,<500k,Chevrolet,False,__OTHER__,True,__OTHER__,True,True
18361399,Mini,COOPER,S Look 2,2008,112500,459000.000000,-188778.820323,647778.820323,647778.820323,141.128283,<500k,Mini,False,__OTHER__,True,__OTHER__,True,True
19151279,Suzuki,CELERIO,GLX,2015,122500,155000.000000,-188712.174984,343712.174984,343712.174984,221.749790,<500k,Suzuki,False,__OTHER__,True,GLX,False,True
19186307,Toyota,VIOS,E,2011,268731,125000.000000,-188631.140055,313631.140055,313631.140055,250.904912,<500k,Toyota,False,VIOS,False,E,False,False
13115634,Mitsubishi,LANCER,GLX,2010,247500,67000.000000,-188052.806137,255052.806137,255052.806137,380.675830,<500k,Mitsubishi,False,__OTHER__,True,GLX,False,True
19208375,Honda,CR-V,E,2007,167500,165000.000000,-187934.280372,352934.280372,352934.280372,213.899564,<500k,Honda,False,CR-V,False,E,False,False
19210315,Toyota,VIOS,J,2009,2500,118000.000000,-187745.925032,305745.925032,305745.925032,259.106716,<500k,Toyota,False,VIOS,False,__OTHER__,True,True
19301654,Toyota,HILUX VIGO,E Prerunner Double Cab,2010,137500,285000.000000,-187682.688872,472682.688872,472682.688872,165.853575,<500k,Toyota,False,__OTHER__,True,__OTHER__,True,True
19262498,Toyota,CAMRY,G,2009,102500,210000.000000,-187410.012896,397410.012896,397410.012896,189.242863,<500k,Toyota,False,CAMRY,False,G,False,False
19204820,Toyota,HIACE,GL D4D,2007,297500,359000.000000,-187224.610107,546224.610107,546224.610107,152.151702,<500k,Toyota,False,__OTHER__,True,__OTHER__,True,True
19249951,Nissan,ALMERA,VL,2012,132500,100000.000000,-187197.447160,287197.447160,287197.447160,287.197447,<500k,Nissan,False,ALMERA,False,__OTHER__,True,True
18864869,Honda,City,S,2009,217500,149000.000000,-186995.728126,335995.728126,335995.728126,225.500489,<500k,Honda,False,City,False,S,False,False
19325540,Toyota,HILUX REVO,G Prerunner Double Cab,2016,182500,419000.000000,-186729.333849,605729.333849,605729.333849,144.565473,<500k,Toyota,False,HILUX REVO,False,__OTHER__,True,True
19105230,Nissan,MARCH,V,2016,142500,179000.000000,-186235.313102,365235.313102,365235.313102,204.042074,<500k,Nissan,False,__OTHER__,True,V,False,True
19187977,Toyota,HILUX TIGER,SGL Extra Cab,2001,248659,120000.000000,-185913.917033,305913.917033,305913.917033,254.928264,<500k,Toyota,False,__OTHER__,True,__OTHER__,True,True
19114548,Toyota,HILUX VIGO,Champ E Double Cab,2011,202500,399000.000000,-185487.602527,584487.602527,584487.602527,146.488121,<500k,Toyota,False,__OTHER__,True,__OTHER__,True,True
19217429,Toyota,IPSUM,Limited,1997,162500,165000.000000,-185079.354004,350079.354004,350079.354004,212.169305,<500k,Toyota,False,__OTHER__,True,__OTHER__,True,True
18649021,Suzuki,SWIFT,GLX,2013,92500,199000.000000,-184705.518423,383705.518423,383705.518423,192.816843,<500k,Suzuki,False,SWIFT,False,GLX,False,False
15312679,Mazda,BT-50 PRO,Hi-Racer Double Cab,2018,80000,348000.000000,-184647.576213,532647.576213,532647.576213,153.059648,<500k,Mazda,False,__OTHER__,True,__OTHER__,True,True
19276794,Toyota,VIOS,E,2011,267500,134000.000000,-183692.189369,317692.189369,317692.189369,237.083723,<500k,Toyota,False,VIOS,False,E,False,False
19063779,Honda,CIVIC,S,2007,172500,139000.000000,-183632.128794,322632.128794,322632.128794,232.109445,<500k,Honda,False,CIVIC,False,S,False,False
19180152,Mitsubishi,GALANT,GDi,2007,122500,890000.000000,-183613.634726,1073613.634726,1073613.634726,120.630745,500k-1M,Mitsubishi,False,__OTHER__,True,__OTHER__,True,True
18847214,BMW,730i,,1992,277500,289000.000000,-183380.284686,472380.284686,472380.284686,163.453386,<500k,BMW,False,__OTHER__,True,__MISSING__,False,True
19131606,Isuzu,D-MAX,Hi-Lander Z Cab-4,2015,104118,379000.000000,-183272.667211,562272.667211,562272.667211,148.356904,<500k,Isuzu,False,D-MAX,False,__OTHER__,True,True
19212139,Toyota,VIOS,E,2011,292500,125000.000000,-183022.795541,308022.795541,308022.795541,246.418236,<500k,Toyota,False,VIOS,False,E,False,False
18151956,Ford,RANGER,WildTrak Open Cab Hi-Rider,2013,212500,174000.000000,-182647.689291,356647.689291,356647.689291,204.969936,<500k,Ford,False,RANGER,False,__OTHER__,True,True
18073778,Suzuki,SWIFT,GLX,2012,2500,169000.000000,-182582.192487,351582.192487,351582.192487,208.036800,<500k,Suzuki,False,SWIFT,False,GLX,False,False
19289215,Toyota,HILUX REVO,E Prerunner Double Cab,2016,177500,449000.000000,-182358.573492,631358.573492,631358.573492,140.614382,<500k,Toyota,False,HILUX REVO,False,__OTHER__,True,True
19208156,Toyota,WISH,Q Limited,2004,2500,179000.000000,-182139.543294,361139.543294,361139.543294,201.753935,<500k,Toyota,False,__OTHER__,True,__OTHER__,True,True
19196902,Mazda,2,Sports Spirit,2012,192500,139000.000000,-182078.708578,321078.708578,321078.708578,230.991877,<500k,Mazda,False,2,False,__OTHER__,True,True
17920953,Isuzu,MU-X,DVD,2016,242500,528000.000000,-181917.963432,709917.963432,709917.963432,134.454160,500k-1M,Isuzu,False,MU-X,False,__OTHER__,True,True
18426437,Mitsubishi,Strada,Grandis GLS,2000,297500,129000.000000,-181643.095690,310643.095690,310643.095690,240.808601,<500k,Mitsubishi,False,__OTHER__,True,__OTHER__,True,True
18811297,Chevrolet,CAPTIVA,LSX,2013,257500,185000.000000,-181218.336036,366218.336036,366218.336036,197.955857,<500k,Chevrolet,False,__OTHER__,True,__OTHER__,True,True
19038439,Toyota,YARIS,E,2013,237500,209000.000000,-181181.962385,390181.962385,390181.962385,186.689934,<500k,Toyota,False,YARIS,False,E,False,False
19191863,Suzuki,SWIFT,GA,2014,97500,185900.000000,-181007.249608,366907.249608,366907.249608,197.368074,<500k,Suzuki,False,SWIFT,False,__OTHER__,True,True
19147231,Suzuki,SWIFT,GL,2014,97500,199000.000000,-181007.249608,380007.249608,380007.249608,190.958417,<500k,Suzuki,False,SWIFT,False,__OTHER__,True,True
19339532,Honda,ACCORD,E,2003,2500,99000.000000,-180369.668903,279369.668903,279369.668903,282.191585,<500k,Honda,False,ACCORD,False,E,False,False
19221221,Toyota,HILUX REVO,E Double Cab,2015,87500,369000.000000,-180235.247556,549235.247556,549235.247556,148.844241,<500k,Toyota,False,HILUX REVO,False,__OTHER__,True,True
19080057,Honda,JAZZ,S,2011,202500,189000.000000,-180175.862444,369175.862444,369175.862444,195.331144,<500k,Honda,False,JAZZ,False,S,False,False
19210766,Honda,City,S,2010,167500,178000.000000,-179950.466902,357950.466902,357950.466902,201.095768,<500k,Honda,False,City,False,S,False,False
12077879,Toyota,HILUX VIGO,J Single Cab,2008,277500,188000.000000,-179927.510672,367927.510672,367927.510672,195.706123,<500k,Toyota,False,__OTHER__,True,__OTHER__,True,True
19138444,Mercedes-Benz,C230 Kompressor,Elegance,2006,318000,145000.000000,-179890.573577,324890.573577,324890.573577,224.062465,<500k,Mercedes-Benz,False,__OTHER__,True,__OTHER__,True,True
19322757,Toyota,INNOVA,V,2013,2500,319000.000000,-179890.461166,498890.461166,498890.461166,156.391994,<500k,Toyota,False,INNOVA,False,V,False,False
18958636,Isuzu,D-MAX,Hi-Lander Z-Prestige Space Cab,2016,157500,439000.000000,-179772.357697,618772.357697,618772.357697,140.950423,<500k,Isuzu,False,D-MAX,False,__OTHER__,True,True
14518350,Mazda,BT-50 PRO,S Freestyle Cab,2013,2500,199000.000000,-179349.232386,378349.232386,378349.232386,190.125242,<500k,Mazda,False,__OTHER__,True,__OTHER__,True,True
19186719,Mercedes-Benz,C180 Kompressor,Elegance,2002,188211,149000.000000,-179334.117069,328334.117069,328334.117069,220.358468,<500k,Mercedes-Benz,False,__OTHER__,True,__OTHER__,True,True
19188602,Mitsubishi,TRITON,Plus VG Turbo Double Cab,2012,2500,225000.000000,-179147.932027,404147.932027,404147.932027,179.621303,<500k,Mitsubishi,False,TRITON,False,__OTHER__,True,True
17029692,Toyota,INNOVA,G,2012,2500,219000.000000,-179088.773373,398088.773373,398088.773373,181.775696,<500k,Toyota,False,INNOVA,False,G,False,False
18827959,Mitsubishi,TRITON,GLX Double Cab,2014,177500,228000.000000,-179023.823542,407023.823542,407023.823542,178.519221,<500k,Mitsubishi,False,TRITON,False,__OTHER__,True,True
19005086,Isuzu,MU-X,DVD Navi DA,2017,326000,534000.000000,-178359.300904,712359.300904,712359.300904,133.400618,500k-1M,Isuzu,False,MU-X,False,__OTHER__,True,True
19068796,Mazda,2,Sports Spirit,2012,182500,155000.000000,-178324.993972,333324.993972,333324.993972,215.048383,<500k,Mazda,False,2,False,__OTHER__,True,True
18614051,Mazda,2,Elegance Groove,2012,197500,139000.000000,-178292.347353,317292.347353,317292.347353,228.267876,<500k,Mazda,False,2,False,__OTHER__,True,True
18238417,Mercedes-Benz,E200 Kompressor,Avantgarde,2005,222500,178000.000000,-177947.217357,355947.217357,355947.217357,199.970347,<500k,Mercedes-Benz,False,__OTHER__,True,__OTHER__,True,True
18863199,Mazda,2,Sports Groove,2012,157500,129000.000000,-177869.451179,306869.451179,306869.451179,237.883295,<500k,Mazda,False,2,False,__OTHER__,True,True
18850762,Mazda,2,Sports Groove,2012,157500,129000.000000,-177869.451179,306869.451179,306869.451179,237.883295,<500k,Mazda,False,2,False,__OTHER__,True,True
18804617,Honda,STREAM,S,2003,232500,138000.000000,-177718.586286,315718.586286,315718.586286,228.781584,<500k,Honda,False,__OTHER__,True,S,False,True
12268248,Mini,COOPER,S Look 2,2009,162500,549000.000000,-177334.322396,726334.322396,726334.322396,132.301334,500k-1M,Mini,False,__OTHER__,True,__OTHER__,True,True
19222624,Toyota,AVANZA,S Touring,2012,2500,218000.000000,-177061.442561,395061.442561,395061.442561,181.220845,<500k,Toyota,False,__OTHER__,True,__OTHER__,True,True
19313235,Mitsubishi,MIRAGE,GLS LTD,2015,142500,149000.000000,-176758.639638,325758.639638,325758.639638,218.629959,<500k,Mitsubishi,False,__OTHER__,True,__OTHER__,True,True
18914986,Toyota,Corolla Altis,J,2011,2500,159000.000000,-176630.849201,335630.849201,335630.849201,211.088584,<500k,Toyota,False,Corolla Altis,False,__OTHER__,True,True
18914392,Toyota,Corolla Altis,J,2011,2500,129000.000000,-176630.849201,305630.849201,305630.849201,236.923139,<500k,Toyota,False,Corolla Altis,False,__OTHER__,True,True
19220054,Honda,CR-V,DT E,2017,217500,539000.000000,-176628.150162,715628.150162,715628.150162,132.769601,500k-1M,Honda,False,CR-V,False,__OTHER__,True,True
19102579,Toyota,CAMRY,G,2008,2500,149000.000000,-176545.166247,325545.166247,325545.166247,218.486689,<500k,Toyota,False,CAMRY,False,G,False,False
18850069,Toyota,VIOS,E,2010,197500,84000.000000,-176528.709248,260528.709248,260528.709248,310.153225,<500k,Toyota,False,VIOS,False,E,False,False
19301037,Honda,CR-V,DT EL,2017,212500,479000.000000,-176120.259292,655120.259292,655120.259292,136.768321,<500k,Honda,False,CR-V,False,__OTHER__,True,True
17510180,Mercedes-Benz,E230,Elegance,1995,2500,145000.000000,-176066.484521,321066.484521,321066.484521,221.425162,<500k,Mercedes-Benz,False,__OTHER__,True,__OTHER__,True,True
17865735,Mini,Clubman,Cooper,2008,137500,550000.000000,-175929.533060,725929.533060,725929.533060,131.987188,500k-1M,Mini,False,__OTHER__,True,__OTHER__,True,True
19024880,Isuzu,D-MAX,Hi-Lander Z Space Cab (DVD),2016,157500,339000.000000,-175909.488210,514909.488210,514909.488210,151.890704,<500k,Isuzu,False,D-MAX,False,__OTHER__,True,True
18631776,Toyota,Corolla Altis,G,2013,272500,158000.000000,-175622.042429,333622.042429,333622.042429,211.153191,<500k,Toyota,False,Corolla Altis,False,G,False,False
18312402,Mitsubishi,TRITON,GLS Plus VG Turbo Double Cab,2012,2500,295000.000000,-175285.062540,470285.062540,470285.062540,159.418665,<500k,Mitsubishi,False,TRITON,False,__OTHER__,True,True
19225551,Isuzu,D-MAX,EX Spark,2007,27500,109000.000000,-175178.107004,284178.107004,284178.107004,260.713860,<500k,Isuzu,False,D-MAX,False,__OTHER__,True,True
18944983,Honda,Brio,S,2011,77500,198000.000000,-174796.701016,372796.701016,372796.701016,188.281162,<500k,Honda,False,__OTHER__,True,S,False,True
19293114,Toyota,Sport Rider,E,2003,279714,185000.000000,-174183.568621,359183.568621,359183.568621,194.153280,<500k,Toyota,False,__OTHER__,True,E,False,True
18786240,Honda,JAZZ,SV,2008,2500,185000.000000,-174173.850933,359173.850933,359173.850933,194.148028,<500k,Honda,False,JAZZ,False,SV,False,False
18844416,Honda,JAZZ,SV,2008,2500,159000.000000,-174173.850933,333173.850933,333173.850933,209.543302,<500k,Honda,False,JAZZ,False,SV,False,False
18844408,Honda,JAZZ,SV,2008,2500,155000.000000,-174173.850933,329173.850933,329173.850933,212.370226,<500k,Honda,False,JAZZ,False,SV,False,False
19185413,Honda,JAZZ,E (AS),2004,2500,88000.000000,-174142.667575,262142.667575,262142.667575,297.889395,<500k,Honda,False,JAZZ,False,__OTHER__,True,True
18284079,Honda,JAZZ,SV,2010,177500,185000.000000,-174049.742447,359049.742447,359049.742447,194.080942,<500k,Honda,False,JAZZ,False,SV,False,False
19133331,Honda,JAZZ,SV,2010,207500,159000.000000,-173888.239489,332888.239489,332888.239489,209.363673,<500k,Honda,False,JAZZ,False,SV,False,False
18942569,Nissan,MARCH,S,2017,132500,139000.000000,-173678.887981,312678.887981,312678.887981,224.948840,<500k,Nissan,False,__OTHER__,True,S,False,True
18551216,Mercedes-Benz,C230 Kompressor,Avantgarde,2005,197500,155000.000000,-173628.805077,328628.805077,328628.805077,212.018584,<500k,Mercedes-Benz,False,__OTHER__,True,__OTHER__,True,True
19186964,Mazda,2,Sports Spirit,2012,152500,138000.000000,-173498.690822,311498.690822,311498.690822,225.723689,<500k,Mazda,False,2,False,__OTHER__,True,True
19009423,Mazda,2,Sports Groove,2012,182500,120000.000000,-173337.187864,293337.187864,293337.187864,244.447657,<500k,Mazda,False,2,False,__OTHER__,True,True
16400519,Isuzu,D-MAX,S Space Cab,2015,62500,259000.000000,-173278.271404,432278.271404,432278.271404,166.902807,<500k,Isuzu,False,D-MAX,False,__OTHER__,True,True
19269217,Toyota,VIOS,ES,2012,218469,135000.000000,-173270.657370,308270.657370,308270.657370,228.348635,<500k,Toyota,False,VIOS,False,__OTHER__,True,True
19089165,Mitsubishi,TRITON,Plus VG Turbo Double Cab,2013,107500,339000.000000,-172985.280042,511985.280042,511985.280042,151.028106,<500k,Mitsubishi,False,TRITON,False,__OTHER__,True,True
18338528,Mini,COOPER,S Look 2,2009,157500,519000.000000,-172963.562039,691963.562039,691963.562039,133.326313,500k-1M,Mini,False,__OTHER__,True,__OTHER__,True,True
19234236,Mercedes-Benz,C180 Kompressor,Elegance,2005,222500,139000.000000,-172959.411249,311959.411249,311959.411249,224.431231,<500k,Mercedes-Benz,False,__OTHER__,True,__OTHER__,True,True
19010936,Mercedes-Benz,E200 Kompressor,Elegance,2005,222500,199000.000000,-172959.411249,371959.411249,371959.411249,186.914277,<500k,Mercedes-Benz,False,__OTHER__,True,__OTHER__,True,True
18779237,Suzuki,SWIFT,GA,2013,152500,169000.000000,-172742.716742,341742.716742,341742.716742,202.214625,<500k,Suzuki,False,SWIFT,False,__OTHER__,True,True
19257853,Honda,City,V,2010,272500,179000.000000,-172614.913216,351614.913216,351614.913216,196.432912,<500k,Honda,False,City,False,V,False,False
19309078,Mitsubishi,MIRAGE,GLX,2013,162500,119000.000000,-172353.878546,291353.878546,291353.878546,244.835192,<500k,Mitsubishi,False,__OTHER__,True,GLX,False,True
19135716,Honda,CR-V,DT EL,2017,212500,539000.000000,-172257.389805,711257.389805,711257.389805,131.958699,500k-1M,Honda,False,CR-V,False,__OTHER__,True,True
19185217,Toyota,Sport Rider,E,2003,277500,185000.000000,-172248.195935,357248.195935,357248.195935,193.107133,<500k,Toyota,False,__OTHER__,True,E,False,True
19066561,Chevrolet,CAPTIVA,LTZ,2013,207500,159000.000000,-172213.821516,331213.821516,331213.821516,208.310580,<500k,Chevrolet,False,__OTHER__,True,__OTHER__,True,True
19322557,Isuzu,D-MAX,Hi-Lander L DA Cab-4,2020,499000,499000.000000,-172093.848119,671093.848119,671093.848119,134.487745,<500k,Isuzu,False,D-MAX,False,__OTHER__,True,True
18828639,Honda,CIVIC,Hybrid Navi,2013,217500,209000.000000,-171898.726949,380898.726949,380898.726949,182.248195,<500k,Honda,False,CIVIC,False,__OTHER__,True,True
19113526,Chevrolet,CAPTIVA,LS,2019,177500,250000.000000,-171811.011547,421811.011547,421811.011547,168.724405,<500k,Chevrolet,False,__OTHER__,True,__OTHER__,True,True
19222784,Toyota,CAMRY,V,2007,257500,155000.000000,-171739.008786,326739.008786,326739.008786,210.799361,<500k,Toyota,False,CAMRY,False,V,False,False
19060593,Isuzu,D-MAX,Z Space Cab,2016,152500,330000.000000,-171538.727853,501538.727853,501538.727853,151.981433,<500k,Isuzu,False,D-MAX,False,__OTHER__,True,True
18821277,Mitsubishi,ATTRAGE,GLS,2014,181921,125000.000000,-171495.798636,296495.798636,296495.798636,237.196639,<500k,Mitsubishi,False,ATTRAGE,False,__OTHER__,True,True
19315108,Mitsubishi,ATTRAGE,GLS LTD,2014,177500,148000.000000,-171494.041816,319494.041816,319494.041816,215.874353,<500k,Mitsubishi,False,ATTRAGE,False,__OTHER__,True,True
19031894,Honda,City,ZX V,2008,58000,90000.000000,-171173.176768,261173.176768,261173.176768,290.192419,<500k,Honda,False,City,False,__OTHER__,True,True
19053134,Isuzu,D-MAX,Hi-Lander L Cab-4,2016,177500,440000.000000,-170869.334025,610869.334025,610869.334025,138.833940,<500k,Isuzu,False,D-MAX,False,__OTHER__,True,True
19074251,Suzuki,CARRY,,2016,2500,119000.000000,-170684.886883,289684.886883,289684.886883,243.432678,<500k,Suzuki,False,__OTHER__,True,__MISSING__,False,True
19139491,Suzuki,CARRY,,2016,2500,125000.000000,-170684.886883,295684.886883,295684.886883,236.547910,<500k,Suzuki,False,__OTHER__,True,__MISSING__,False,True
12869227,Honda,City,SV,2009,207500,188000.000000,-170680.014017,358680.014017,358680.014017,190.787241,<500k,Honda,False,City,False,SV,False,False
13218714,Toyota,PRIUS,Hybrid TRD Sportivo,2011,283506,295000.000000,-169800.484025,464800.484025,464800.484025,157.559486,<500k,Toyota,False,__OTHER__,True,__OTHER__,True,True
18755078,Toyota,Corolla Altis,G,2012,202500,199000.000000,-169583.498930,368583.498930,368583.498930,185.217839,<500k,Toyota,False,Corolla Altis,False,G,False,False
18754941,Toyota,Corolla Altis,G,2012,202500,159000.000000,-169583.498930,328583.498930,328583.498930,206.656289,<500k,Toyota,False,Corolla Altis,False,G,False,False
19320274,Suzuki,SWIFT,GLX,2014,162500,179000.000000,-169345.802931,348345.802931,348345.802931,194.606594,<500k,Suzuki,False,SWIFT,False,GLX,False,False
8612871,Toyota,HILUX VIGO,J Single Cab,2005,2500,129000.000000,-169186.772508,298186.772508,298186.772508,231.152537,<500k,Toyota,False,__OTHER__,True,__OTHER__,True,True
19258694,Isuzu,D-MAX,Hi-Lander X-Series Cab-4,2010,287500,222000.000000,-168943.694610,390943.694610,390943.694610,176.100763,<500k,Isuzu,False,D-MAX,False,__OTHER__,True,True
11637311,Mercedes-Benz,E200 Kompressor,Elegance Sports,2005,217500,248000.000000,-168588.650892,416588.650892,416588.650892,167.979295,<500k,Mercedes-Benz,False,__OTHER__,True,__OTHER__,True,True
19233262,Nissan,ALMERA,E,2013,319000,95000.000000,-168549.938770,263549.938770,263549.938770,277.420988,<500k,Nissan,False,ALMERA,False,E,False,False
19337098,Toyota,YARIS,E,2010,287500,139000.000000,-168449.654001,307449.654001,307449.654001,221.186801,<500k,Toyota,False,YARIS,False,E,False,False
19211513,Toyota,VIOS,E,2010,182500,99000.000000,-168404.234286,267404.234286,267404.234286,270.105287,<500k,Toyota,False,VIOS,False,E,False,False
18719167,Mitsubishi,TRITON,GLS Plus Double Cab Navi,2015,172500,355000.000000,-168367.925232,523367.925232,523367.925232,147.427585,<500k,Mitsubishi,False,TRITON,False,__OTHER__,True,True
18756672,Toyota,VIOS,E,2010,162374,160000.000000,-168346.439202,328346.439202,328346.439202,205.216525,<500k,Toyota,False,VIOS,False,E,False,False
19301504,Suzuki,SWIFT,GA,2016,262500,199000.000000,-168278.750922,367278.750922,367278.750922,184.562186,<500k,Suzuki,False,SWIFT,False,__OTHER__,True,True
19161784,Mazda,2,Sports Standard,2015,187500,219000.000000,-167745.507125,386745.507125,386745.507125,176.596122,<500k,Mazda,False,2,False,__OTHER__,True,True
18910155,Nissan,ALMERA,ES,2013,167500,159000.000000,-167628.474270,326628.474270,326628.474270,205.426713,<500k,Nissan,False,ALMERA,False,__OTHER__,True,True
19044598,Nissan,ALMERA,VL,2013,197500,138000.000000,-167466.971312,305466.971312,305466.971312,221.352878,<500k,Nissan,False,ALMERA,False,__OTHER__,True,True
18974000,Isuzu,D-MAX,Hi-Lander Z-Prestige Cab-4,2016,147500,495000.000000,-167167.967496,662167.967496,662167.967496,133.771307,<500k,Isuzu,False,D-MAX,False,__OTHER__,True,True
18849990,Isuzu,D-MAX,Hi-Lander Z Cab-4 (DVD),2016,172500,435000.000000,-166498.573668,601498.573668,601498.573668,138.275534,<500k,Isuzu,False,D-MAX,False,__OTHER__,True,True
19211929,Isuzu,D-MAX,Hi-Lander L Space Cab,2016,172500,379000.000000,-166498.573668,545498.573668,545498.573668,143.931022,<500k,Isuzu,False,D-MAX,False,__OTHER__,True,True
18760239,Toyota,VIOS,E,2010,160000,148000.000000,-166271.202184,314271.202184,314271.202184,212.345407,<500k,Toyota,False,VIOS,False,E,False,False
19104609,Suzuki,CARRY,,2018,172500,145000.000000,-166190.018041,311190.018041,311190.018041,214.613806,<500k,Suzuki,False,__OTHER__,True,__MISSING__,False,True
19125697,Honda,CIVIC,S,2009,222500,135000.000000,-166053.455228,301053.455228,301053.455228,223.002559,<500k,Honda,False,CIVIC,False,S,False,False
19281957,Nissan,ALMERA,VL,2012,102500,119000.000000,-165960.691127,284960.691127,284960.691127,239.462766,<500k,Nissan,False,ALMERA,False,__OTHER__,True,True
18547765,Honda,CR-V,DT EL,2018,292500,479000.000000,-165639.195027,644639.195027,644639.195027,134.580208,<500k,Honda,False,CR-V,False,__OTHER__,True,True
19185033,Mazda,2,Elegance Groove,2012,182500,129000.000000,-165180.066283,294180.066283,294180.066283,228.046563,<500k,Mazda,False,2,False,__OTHER__,True,True
11378888,Mitsubishi,SPACE WAGON,GLS,2004,366000,138000.000000,-165093.285862,303093.285862,303093.285862,219.632816,<500k,Mitsubishi,False,__OTHER__,True,__OTHER__,True,True
19253249,Mazda,2,Sports Groove,2013,230000,100000.000000,-164695.115866,264695.115866,264695.115866,264.695116,<500k,Mazda,False,2,False,__OTHER__,True,True
10291013,Toyota,Corolla Altis,E,2010,242500,139000.000000,-164548.622337,303548.622337,303548.622337,218.380304,<500k,Toyota,False,Corolla Altis,False,E,False,False
19035898,Honda,FREED,EL,2012,272500,318000.000000,-164508.620614,482508.620614,482508.620614,151.732271,<500k,Honda,False,__OTHER__,True,EL,False,True
18951198,Honda,FREED,EL,2012,272500,250000.000000,-164508.620614,414508.620614,414508.620614,165.803448,<500k,Honda,False,__OTHER__,True,EL,False,True
18748429,Toyota,Corolla Altis,G,2010,222500,185000.000000,-164400.075569,349400.075569,349400.075569,188.864906,<500k,Toyota,False,Corolla Altis,False,G,False,False
18557409,Isuzu,D-MAX,S Cab-4,2017,257500,319000.000000,-164251.139247,483251.139247,483251.139247,151.489385,<500k,Isuzu,False,D-MAX,False,__OTHER__,True,True
18457478,Nissan,Frontier Navara,SV Calibre LE Double Cab,2012,242500,250000.000000,-164243.725796,414243.725796,414243.725796,165.697490,<500k,Nissan,False,__OTHER__,True,__OTHER__,True,True
18764152,Toyota,VIOS,E,2010,157500,148000.000000,-164085.822006,312085.822006,312085.822006,210.868799,<500k,Toyota,False,VIOS,False,E,False,False
19254029,Mitsubishi,TRITON,GLX Mega Cab,2011,152000,159000.000000,-163856.890705,322856.890705,322856.890705,203.054648,<500k,Mitsubishi,False,TRITON,False,__OTHER__,True,True
19130231,Toyota,VIOS,E,2010,152500,99000.000000,-163577.931136,262577.931136,262577.931136,265.230233,<500k,Toyota,False,VIOS,False,E,False,False
19130326,Toyota,VIOS,E,2010,152500,129000.000000,-163577.931136,292577.931136,292577.931136,226.804598,<500k,Toyota,False,VIOS,False,E,False,False
18934434,Honda,CR-V,DT EL,2017,202500,449000.000000,-163515.869092,612515.869092,612515.869092,136.417788,<500k,Honda,False,CR-V,False,__OTHER__,True,True
18611470,Toyota,AVANZA,E,2012,102500,189000.000000,-163213.009972,352213.009972,352213.009972,186.356090,<500k,Toyota,False,__OTHER__,True,E,False,True
19334568,Toyota,YARIS,E,2013,212500,219000.000000,-163191.030088,382191.030088,382191.030088,174.516452,<500k,Toyota,False,YARIS,False,E,False,False
18842663,Isuzu,D-MAX,Hi-Lander X-Series Super Titanium Cab-4,2011,368000,227000.000000,-162762.575868,389762.575868,389762.575868,171.701575,<500k,Isuzu,False,D-MAX,False,__OTHER__,True,True
18680269,Isuzu,D-MAX,S Space Cab,2018,313000,229000.000000,-162602.283820,391602.283820,391602.283820,171.005364,<500k,Isuzu,False,D-MAX,False,__OTHER__,True,True
18991552,Mazda,BT-50,C Hi-Racer Freestyle Cab,2021,127500,435000.000000,-162404.236044,597404.236044,597404.236044,137.334307,<500k,Mazda,False,__OTHER__,True,__OTHER__,True,True
18163479,Mercedes-Benz,E200 Kompressor,Elegance Sports,2006,297500,238000.000000,-161970.456115,399970.456115,399970.456115,168.054813,<500k,Mercedes-Benz,False,__OTHER__,True,__OTHER__,True,True
19023470,Nissan,ALMERA,ES,2012,137500,135000.000000,-161852.924578,296852.924578,296852.924578,219.891055,<500k,Nissan,False,ALMERA,False,__OTHER__,True,True
14063331,Nissan,Frontier Navara,LE Double Cab,2009,2500,187000.000000,-161575.114518,348575.114518,348575.114518,186.403805,<500k,Nissan,False,__OTHER__,True,__OTHER__,True,True
18820733,Mitsubishi,TRITON,GLS Plus Ltd Double Cab,2012,12500,269000.000000,-161503.387642,430503.387642,430503.387642,160.038434,<500k,Mitsubishi,False,TRITON,False,__OTHER__,True,True
19185686,Honda,FREED,E,2010,375000,209000.000000,-160891.715844,369891.715844,369891.715844,176.981682,<500k,Honda,False,__OTHER__,True,E,False,True
19246020,Mercedes-Benz,E230,Elegance,1998,182500,115000.000000,-160874.130698,275874.130698,275874.130698,239.890548,<500k,Mercedes-Benz,False,__OTHER__,True,__OTHER__,True,True
19238272,Mercedes-Benz,E230,Elegance,1998,182500,115000.000000,-160874.130698,275874.130698,275874.130698,239.890548,<500k,Mercedes-Benz,False,__OTHER__,True,__OTHER__,True,True
19341214,Ford,RANGER,XLT Double Cab Hi-Rider,2013,187500,299000.000000,-160793.887507,459793.887507,459793.887507,153.777220,<500k,Ford,False,RANGER,False,__OTHER__,True,True
18677895,Mercedes-Benz,E220,Classic CDI,2001,197500,132000.000000,-160497.905478,292497.905478,292497.905478,221.589322,<500k,Mercedes-Benz,False,__OTHER__,True,__OTHER__,True,True
19333353,Suzuki,SWIFT,GLX,2014,182500,169000.000000,-160442.779260,329442.779260,329442.779260,194.936556,<500k,Suzuki,False,SWIFT,False,GLX,False,False
19254782,Mazda,3,Maxx Sports,2012,207500,168000.000000,-159796.470517,327796.470517,327796.470517,195.116947,<500k,Mazda,False,3,False,__OTHER__,True,True
9254234,Isuzu,DRAGON POWER,EX Spark Cab,2002,1,99000.000000,-159345.900602,258345.900602,258345.900602,260.955455,<500k,Isuzu,False,__OTHER__,True,__OTHER__,True,True
18471544,Nissan,MARCH,EL,2018,107500,199000.000000,-159158.745857,358158.745857,358158.745857,179.979269,<500k,Nissan,False,__OTHER__,True,EL,False,True
19151348,Toyota,VIOS,J,2012,232500,125000.000000,-159149.819984,284149.819984,284149.819984,227.319856,<500k,Toyota,False,VIOS,False,__OTHER__,True,True
19113052,Nissan,ALMERA,VL,2013,157500,119000.000000,-158886.953557,277886.953557,277886.953557,233.518448,<500k,Nissan,False,ALMERA,False,__OTHER__,True,True
18970818,Toyota,YARIS,E,2009,212500,170000.000000,-158040.350145,328040.350145,328040.350145,192.964912,<500k,Toyota,False,YARIS,False,E,False,False
18756366,Isuzu,D-MAX,Hi-Lander Z Cab-4,2016,162500,425000.000000,-157757.052955,582757.052955,582757.052955,137.119307,<500k,Isuzu,False,D-MAX,False,__OTHER__,True,True
19035133,Mitsubishi,ATTRAGE,GLX,2013,182500,138000.000000,-157547.766246,295547.766246,295547.766246,214.165048,<500k,Mitsubishi,False,ATTRAGE,False,GLX,False,False
19035592,Mitsubishi,ATTRAGE,GLX,2013,182500,149000.000000,-157547.766246,306547.766246,306547.766246,205.736756,<500k,Mitsubishi,False,ATTRAGE,False,GLX,False,False
18785724,Toyota,Corolla Altis,E,2012,157500,159000.000000,-156833.615662,315833.615662,315833.615662,198.637494,<500k,Toyota,False,Corolla Altis,False,E,False,False
18748933,Honda,JAZZ,SV,2010,157500,230000.000000,-156566.701020,386566.701020,386566.701020,168.072479,<500k,Honda,False,JAZZ,False,SV,False,False
19320279,Mazda,2,Elegance Spirit,2012,172500,149000.000000,-156438.545570,305438.545570,305438.545570,204.992312,<500k,Mazda,False,2,False,__OTHER__,True,True
19186145,Honda,JAZZ,S,2006,152500,160000.000000,-156229.781661,316229.781661,316229.781661,197.643614,<500k,Honda,False,JAZZ,False,S,False,False
19088563,Mercedes-Benz,E200 Kompressor,Elegance,2005,197500,168000.000000,-156093.415573,324093.415573,324093.415573,192.912747,<500k,Mercedes-Benz,False,__OTHER__,True,__OTHER__,True,True
19134190,Honda,City,Sport S,2003,207500,55000.000000,-155949.065819,210949.065819,210949.065819,383.543756,<500k,Honda,False,City,False,__OTHER__,True,True
19141920,Honda,CR-V,S,2010,197500,250000.000000,-155792.629558,405792.629558,405792.629558,162.317052,<500k,Honda,False,CR-V,False,S,False,False
19284623,Toyota,HILUX VIGO,J Extra Cab,2007,192500,168000.000000,-155788.879994,323788.879994,323788.879994,192.731476,<500k,Toyota,False,__OTHER__,True,__OTHER__,True,True
19154806,Nissan,Note,VL,2017,152500,267000.000000,-155252.504701,422252.504701,422252.504701,158.147006,<500k,Nissan,False,__OTHER__,True,__OTHER__,True,True
19267841,Toyota,AVANZA,S,2014,102500,279000.000000,-155011.092405,434011.092405,434011.092405,155.559531,<500k,Toyota,False,__OTHER__,True,S,False,True
19225368,Toyota,VIOS,TRD Sportivo,2012,197500,168000.000000,-154940.562586,322940.562586,322940.562586,192.226525,<500k,Toyota,False,VIOS,False,__OTHER__,True,True
19180064,Chevrolet,CAPTIVA,LSX,2013,167500,1.000000,-154783.128166,154784.128166,154784.128166,15478412.816558,<500k,Chevrolet,False,__OTHER__,True,__OTHER__,True,True
19180075,Chevrolet,CAPTIVA,LSX,2013,167500,1.000000,-154783.128166,154784.128166,154784.128166,15478412.816558,<500k,Chevrolet,False,__OTHER__,True,__OTHER__,True,True
19011984,Volkswagen,GOLF,,2011,97500,399000.000000,-154661.370909,553661.370909,553661.370909,138.762248,<500k,Volkswagen,False,__OTHER__,True,__MISSING__,False,True
19184642,BMW,318i,SE,2004,207500,129000.000000,-154560.130835,283560.130835,283560.130835,219.814055,<500k,BMW,False,__OTHER__,True,__OTHER__,True,True
19290193,Nissan,ALMERA,VL,2012,128844,128000.000000,-154286.264248,282286.264248,282286.264248,220.536144,<500k,Nissan,False,ALMERA,False,__OTHER__,True,True
17763325,Mini,COOPER,S 3-Door,2005,164565,399000.000000,-154195.009072,553195.009072,553195.009072,138.645366,<500k,Mini,False,__OTHER__,True,__OTHER__,True,True
18544000,Toyota,CAMRY,V,2007,212500,158000.000000,-153800.424566,311800.424566,311800.424566,197.342041,<500k,Toyota,False,CAMRY,False,V,False,False
19223427,Isuzu,D-MAX,Hi-Lander L Space Cab,2016,127422,359000.000000,-153479.611695,512479.611695,512479.611695,142.751981,<500k,Isuzu,False,D-MAX,False,__OTHER__,True,True
18842721,Honda,JAZZ,S,2011,167500,179000.000000,-153443.409434,332443.409434,332443.409434,185.722575,<500k,Honda,False,JAZZ,False,S,False,False
19338543,Mercedes-Benz,E200 Kompressor,Elegance Sports,2006,287500,159000.000000,-153228.935401,312228.935401,312228.935401,196.370400,<500k,Mercedes-Benz,False,__OTHER__,True,__OTHER__,True,True
19026208,Honda,ACCORD,S,2003,247500,98000.000000,-152830.579260,250830.579260,250830.579260,255.949571,<500k,Honda,False,ACCORD,False,S,False,False
19306052,Mercedes-Benz,300TD,,1986,2500,1.000000,-152509.424395,152510.424395,152510.424395,15251042.439483,<500k,Mercedes-Benz,False,__OTHER__,True,__MISSING__,False,True
19057642,Honda,ACCORD,EL,2010,202500,169000.000000,-152492.410557,321492.410557,321492.410557,190.232196,<500k,Honda,False,ACCORD,False,EL,False,False
18756635,Honda,JAZZ,SV,2010,152692,200000.000000,-152363.777861,352363.777861,352363.777861,176.181889,<500k,Honda,False,JAZZ,False,SV,False,False
19186733,Honda,CIVIC,S,2009,212500,169000.000000,-152324.128407,321324.128407,321324.128407,190.132620,<500k,Honda,False,CIVIC,False,S,False,False
14273427,Toyota,Corolla Altis,CNG,2011,182500,145000.000000,-151569.107067,296569.107067,296569.107067,204.530419,<500k,Toyota,False,Corolla Altis,False,__OTHER__,True,True
18870352,Isuzu,MU-X,CD,2016,207500,464000.000000,-151322.640935,615322.640935,615322.640935,132.612638,<500k,Isuzu,False,MU-X,False,__OTHER__,True,True
19308570,Nissan,MARCH,E,2015,97500,129000.000000,-151285.483051,280285.483051,280285.483051,217.275568,<500k,Nissan,False,__OTHER__,True,E,False,True
18930139,Honda,CIVIC,S (AS),2007,202500,175000.000000,-150403.842294,325403.842294,325403.842294,185.945053,<500k,Honda,False,CIVIC,False,__OTHER__,True,True
18695060,Honda,CR-V,DT E,2017,187500,499000.000000,-150403.588021,649403.588021,649403.588021,130.141000,<500k,Honda,False,CR-V,False,__OTHER__,True,True
18898238,Mazda,2,Sports High Connect,2015,167500,279000.000000,-150262.465698,429262.465698,429262.465698,153.857515,<500k,Mazda,False,2,False,__OTHER__,True,True
18852685,Honda,CIVIC,S,2008,122500,145000.000000,-150200.802472,295200.802472,295200.802472,203.586760,<500k,Honda,False,CIVIC,False,S,False,False
19331839,Nissan,ALMERA,V,2012,127500,1.000000,-149863.524919,149864.524919,149864.524919,14986452.491884,<500k,Nissan,False,ALMERA,False,V,False,False
18691438,Toyota,HILUX REVO,G Prerunner Double Cab,2015,52500,465000.000000,-149639.925059,614639.925059,614639.925059,132.180629,<500k,Toyota,False,HILUX REVO,False,__OTHER__,True,True
19077328,Toyota,Corolla Altis,TRD Sportivo,2011,162500,199000.000000,-149578.670452,348578.670452,348578.670452,175.165161,<500k,Toyota,False,Corolla Altis,False,__OTHER__,True,True
14318365,Honda,ACCORD,VTi EX,1995,2500,68000.000000,-149538.713952,217538.713952,217538.713952,319.909873,<500k,Honda,False,ACCORD,False,__OTHER__,True,True
19195887,Mazda,BT-50,S Hi-Racer Double Cab,2021,112500,449000.000000,-149291.954974,598291.954974,598291.954974,133.249879,<500k,Mazda,False,__OTHER__,True,__OTHER__,True,True
19037785,Nissan,ALMERA,EL,2014,72500,158000.000000,-149225.370850,307225.370850,307225.370850,194.446437,<500k,Nissan,False,ALMERA,False,EL,False,False
19138987,Isuzu,D-MAX,Z Space Cab,2016,122500,399000.000000,-149177.035200,548177.035200,548177.035200,137.387728,<500k,Isuzu,False,D-MAX,False,__OTHER__,True,True
19029413,Isuzu,D-MAX,SLX Platinum Space Cab,2009,202500,159000.000000,-148667.933419,307667.933419,307667.933419,193.501845,<500k,Isuzu,False,D-MAX,False,__OTHER__,True,True
19285033,Toyota,AVANZA,E,2011,2500,169000.000000,-148485.293836,317485.293836,317485.293836,187.861121,<500k,Toyota,False,__OTHER__,True,E,False,True
17009175,Ford,RANGER,WildTrak Double Cab Hi-Rider,2013,197500,299000.000000,-148137.149230,447137.149230,447137.149230,149.544197,<500k,Ford,False,RANGER,False,__OTHER__,True,True
19325044,Nissan,ALMERA,ES,2014,232500,159000.000000,-147897.998422,306897.998422,306897.998422,193.017609,<500k,Nissan,False,ALMERA,False,__OTHER__,True,True
19281037,Toyota,HILUX VIGO,Champ E Prerunner Double Cab,2012,242500,329000.000000,-147766.194382,476766.194382,476766.194382,144.913737,<500k,Toyota,False,__OTHER__,True,__OTHER__,True,True
19323952,Toyota,AVANZA,G,2013,182500,199000.000000,-147543.244755,346543.244755,346543.244755,174.142334,<500k,Toyota,False,__OTHER__,True,G,False,True
19169234,Honda,CIVIC,Hybrid,2014,307000,209000.000000,-147198.911750,356198.911750,356198.911750,170.430101,<500k,Honda,False,CIVIC,False,__OTHER__,True,True
19212009,Mitsubishi,TRITON,GLS Plus Double Cab Navi,2015,122500,379000.000000,-147183.517276,526183.517276,526183.517276,138.834701,<500k,Mitsubishi,False,TRITON,False,__OTHER__,True,True
19130334,Isuzu,MU-X,DVD,2016,172500,498000.000000,-147113.383536,645113.383536,645113.383536,129.540840,<500k,Isuzu,False,MU-X,False,__OTHER__,True,True
19325869,Toyota,Corolla Altis,E,2010,222500,159000.000000,-147065.580910,306065.580910,306065.580910,192.494076,<500k,Toyota,False,Corolla Altis,False,E,False,False
19329037,Honda,City,V,2010,237500,145000.000000,-147007.396827,292007.396827,292007.396827,201.384412,<500k,Honda,False,City,False,V,False,False
19316315,Toyota,FORTUNER,G,2010,495075,240000.000000,-146710.639433,386710.639433,386710.639433,161.129433,<500k,Toyota,False,FORTUNER,False,G,False,False
17064800,Nissan,Roox,S-Hybrid Turbo,2022,92500,899000.000000,-146600.513094,1045600.513094,1045600.513094,116.307065,500k-1M,Nissan,False,__OTHER__,True,__OTHER__,True,True
16889643,Toyota,PRIUS,Hybrid Top grade,2011,252500,198000.000000,-146559.394388,344559.394388,344559.394388,174.019896,<500k,Toyota,False,__OTHER__,True,__OTHER__,True,True
18764584,Toyota,Corolla Altis,E,2010,100000,168000.000000,-146457.889702,314457.889702,314457.889702,187.177315,<500k,Toyota,False,Corolla Altis,False,E,False,False
19188444,Toyota,PRIUS,Hybrid Top grade,2012,370000,199000.000000,-146335.837187,345335.837187,345335.837187,173.535597,<500k,Toyota,False,__OTHER__,True,__OTHER__,True,True
18920069,Toyota,HILUX TIGER,E Prerunner Extra Cab,2004,267500,99000.000000,-146241.552608,245241.552608,245241.552608,247.718740,<500k,Toyota,False,__OTHER__,True,__OTHER__,True,True
18911022,Chevrolet,CAPTIVA,LSX,2013,157500,160000.000000,-146041.607452,306041.607452,306041.607452,191.276005,<500k,Chevrolet,False,__OTHER__,True,__OTHER__,True,True
18970873,Toyota,HILUX REVO,G Prerunner Double Cab,2017,227798,459000.000000,-145913.444404,604913.444404,604913.444404,131.789421,<500k,Toyota,False,HILUX REVO,False,__OTHER__,True,True
18725896,Chevrolet,CAPTIVA,LTZ,2013,152500,159000.000000,-145533.716582,304533.716582,304533.716582,191.530639,<500k,Chevrolet,False,__OTHER__,True,__OTHER__,True,True
18999681,Honda,CR-V,DT EL,2017,177500,464000.000000,-145524.936795,609524.936795,609524.936795,131.363133,<500k,Honda,False,CR-V,False,__OTHER__,True,True
19255101,Toyota,YARIS,J,2011,227500,159000.000000,-144576.678445,303576.678445,303576.678445,190.928729,<500k,Toyota,False,YARIS,False,__OTHER__,True,True
19335985,Toyota,VIOS,J,2011,97500,165000.000000,-144075.715937,309075.715937,309075.715937,187.318616,<500k,Toyota,False,VIOS,False,__OTHER__,True,True
19262635,Toyota,YARIS,G,2007,2500,138000.000000,-143778.694172,281778.694172,281778.694172,204.187460,<500k,Toyota,False,YARIS,False,G,False,False
18895429,Toyota,VIOS,G,2011,227500,188000.000000,-143537.405562,331537.405562,331537.405562,176.349684,<500k,Toyota,False,VIOS,False,G,False,False
18653944,Toyota,HILUX REVO,E Prerunner Double Cab,2016,132174,509000.000000,-142736.756706,651736.756706,651736.756706,128.042585,500k-1M,Toyota,False,HILUX REVO,False,__OTHER__,True,True
18747464,Suzuki,SWIFT,GL,2011,122500,132000.000000,-142558.269954,274558.269954,274558.269954,207.998689,<500k,Suzuki,False,SWIFT,False,__OTHER__,True,True
19113264,Toyota,VIOS,TRD Sportivo,2012,182500,159000.000000,-141828.281515,300828.281515,300828.281515,189.200177,<500k,Toyota,False,VIOS,False,__OTHER__,True,True
15836506,Honda,CR-V,DT EL,2017,177500,495000.000000,-141662.067308,636662.067308,636662.067308,128.618599,<500k,Honda,False,CR-V,False,__OTHER__,True,True
19270650,Toyota,VIOS,J,2013,269781,185000.000000,-141574.787969,326574.787969,326574.787969,176.526912,<500k,Toyota,False,VIOS,False,__OTHER__,True,True
19234041,Toyota,HIACE,D4D,2012,212500,429000.000000,-141338.285255,570338.285255,570338.285255,132.945987,<500k,Toyota,False,__OTHER__,True,__OTHER__,True,True
7889215,Mazda,BT-50 PRO,Hi-Racer Double Cab,2017,2500,399000.000000,-141212.672618,540212.672618,540212.672618,135.391647,<500k,Mazda,False,__OTHER__,True,__OTHER__,True,True
19024930,Honda,CR-V,DT EL,2017,172500,589000.000000,-141154.176438,730154.176438,730154.176438,123.965055,500k-1M,Honda,False,CR-V,False,__OTHER__,True,True
18963517,Suzuki,Ciaz,GL,2015,220117,179000.000000,-141065.912202,320065.912202,320065.912202,178.807772,<500k,Suzuki,False,__OTHER__,True,__OTHER__,True,True
19091949,Mazda,BT-50 PRO,Hi-Racer Double Cab,2019,112500,369000.000000,-140370.027533,509370.027533,509370.027533,138.040658,<500k,Mazda,False,__OTHER__,True,__OTHER__,True,True
19108886,Isuzu,D-MAX,Hi-Lander Z Space Cab (DVD),2016,142500,379000.000000,-140274.011528,519274.011528,519274.011528,137.011613,<500k,Isuzu,False,D-MAX,False,__OTHER__,True,True
19327739,Isuzu,D-MAX,Hi-Lander L Space Cab,2016,142500,359000.000000,-140274.011528,499274.011528,499274.011528,139.073541,<500k,Isuzu,False,D-MAX,False,__OTHER__,True,True
19120134,Toyota,CAMRY,G Extremo,2014,330000,304000.000000,-140229.081960,444229.081960,444229.081960,146.127987,<500k,Toyota,False,CAMRY,False,__OTHER__,True,True
19145115,Mercedes-Benz,A170,Avantgarde,2006,122500,169000.000000,-140188.317940,309188.317940,309188.317940,182.951667,<500k,Mercedes-Benz,False,__OTHER__,True,__OTHER__,True,True
18677470,Honda,JAZZ,V,2010,147500,179000.000000,-139775.272414,318775.272414,318775.272414,178.086744,<500k,Honda,False,JAZZ,False,V,False,False
19047792,Toyota,HILUX TIGER,S Extra Cab,2003,172500,249000.000000,-139747.466315,388747.466315,388747.466315,156.123480,<500k,Toyota,False,__OTHER__,True,__OTHER__,True,True
18363928,Honda,ACCORD,EL,2010,187500,199000.000000,-139380.129486,338380.129486,338380.129486,170.040266,<500k,Honda,False,ACCORD,False,EL,False,False
19219215,Nissan,MARCH,V,2017,171917,219000.000000,-139262.753586,358262.753586,358262.753586,163.590298,<500k,Nissan,False,__OTHER__,True,V,False,True
7879590,Toyota,CAMRY,G Extremo,2010,2500,227000.000000,-138747.461546,365747.461546,365747.461546,161.122230,<500k,Toyota,False,CAMRY,False,__OTHER__,True,True
19015776,Isuzu,D-MAX,Hi-Lander Z Cab-4,2017,202500,419000.000000,-138695.970935,557695.970935,557695.970935,133.101664,<500k,Isuzu,False,D-MAX,False,__OTHER__,True,True
19331958,Toyota,Corolla Altis,TRD Sportivo,2012,237500,145000.000000,-138589.715318,283589.715318,283589.715318,195.579114,<500k,Toyota,False,Corolla Altis,False,__OTHER__,True,True
19339952,Toyota,Corolla Altis,TRD Sportivo,2012,237500,145000.000000,-138589.715318,283589.715318,283589.715318,195.579114,<500k,Toyota,False,Corolla Altis,False,__OTHER__,True,True
19335891,Toyota,CAMRY,V,2006,107500,199000.000000,-138564.817560,337564.817560,337564.817560,169.630562,<500k,Toyota,False,CAMRY,False,V,False,False
19115754,Honda,City,S,2011,207500,185000.000000,-138366.189270,323366.189270,323366.189270,174.792535,<500k,Honda,False,City,False,S,False,False
18717943,Toyota,Corolla Altis,CNG,2011,197500,128000.000000,-138295.323038,266295.323038,266295.323038,208.043221,<500k,Toyota,False,Corolla Altis,False,__OTHER__,True,True
18994067,Mercedes-Benz,E200 Kompressor,Avantgarde,2005,182500,333000.000000,-137993.328395,470993.328395,470993.328395,141.439438,<500k,Mercedes-Benz,False,__OTHER__,True,__OTHER__,True,True
18751690,Mitsubishi,MIRAGE,GLX,2013,122500,99900.000000,-137387.795692,237287.795692,237287.795692,237.525321,<500k,Mitsubishi,False,__OTHER__,True,GLX,False,True
19243217,Mazda,2,Spirit Sports,2010,127500,94000.000000,-137309.166055,231309.166055,231309.166055,246.073581,<500k,Mazda,False,2,False,__OTHER__,True,True
19262159,Toyota,VIOS,E,2012,297500,1.000000,-137229.260510,137230.260510,137230.260510,13723026.050988,<500k,Toyota,False,VIOS,False,E,False,False
19276224,Mitsubishi,PAJERO SPORT,GLS,2009,321000,244000.000000,-137037.307439,381037.307439,381037.307439,156.162831,<500k,Mitsubishi,False,PAJERO SPORT,False,__OTHER__,True,True
19318326,Suzuki,SWIFT,GA,2016,252500,259000.000000,-137014.034596,396014.034596,396014.034596,152.901172,<500k,Suzuki,False,SWIFT,False,__OTHER__,True,True
19274895,Suzuki,SWIFT,GLX,2015,217500,219000.000000,-137010.936883,356010.936883,356010.936883,162.562072,<500k,Suzuki,False,SWIFT,False,GLX,False,False
17469438,Isuzu,D-MAX,Hi-Lander Z Cab-4,2016,112500,469000.000000,-136572.644999,605572.644999,605572.644999,129.119967,<500k,Isuzu,False,D-MAX,False,__OTHER__,True,True
19152101,Isuzu,D-MAX,Hi-Lander Z Space Cab,2016,132500,409000.000000,-136520.296922,545520.296922,545520.296922,133.379046,<500k,Isuzu,False,D-MAX,False,__OTHER__,True,True
19258515,Toyota,HILUX REVO,E Double Cab,2018,300000,359000.000000,-136341.481260,495341.481260,495341.481260,137.978128,<500k,Toyota,False,HILUX REVO,False,__OTHER__,True,True
19304894,Nissan,MARCH,VL,2011,252500,99000.000000,-135244.548521,234244.548521,234244.548521,236.610655,<500k,Nissan,False,__OTHER__,True,__OTHER__,True,True
18911929,Toyota,Corolla Altis,TRD Sportivo,2013,321000,169000.000000,-135031.052789,304031.052789,304031.052789,179.900031,<500k,Toyota,False,Corolla Altis,False,__OTHER__,True,True
19164467,Toyota,CAMRY,Q,2005,2500,118000.000000,-134894.113448,252894.113448,252894.113448,214.317045,<500k,Toyota,False,CAMRY,False,__OTHER__,True,True
18957750,Isuzu,D-MAX,Hi-Lander Z Cab-4,2016,106134,449000.000000,-134870.662400,583870.662400,583870.662400,130.038009,<500k,Isuzu,False,D-MAX,False,__OTHER__,True,True
19277425,Toyota,CAMRY,V,2006,107500,150000.000000,-134701.948073,284701.948073,284701.948073,189.801299,<500k,Toyota,False,CAMRY,False,V,False,False
19106014,Nissan,ALMERA,E,2012,192500,124000.000000,-134520.062230,258520.062230,258520.062230,208.483921,<500k,Nissan,False,ALMERA,False,E,False,False
19228214,Toyota,Corolla Altis,CNG,2011,292500,139000.000000,-134513.132086,273513.132086,273513.132086,196.772037,<500k,Toyota,False,Corolla Altis,False,__OTHER__,True,True
19277112,Nissan,Note,VL,2017,132500,275000.000000,-133906.593787,408906.593787,408906.593787,148.693307,<500k,Nissan,False,__OTHER__,True,__OTHER__,True,True
9103282,Mitsubishi,TRITON,GLX,2013,2500,238000.000000,-133759.941408,371759.941408,371759.941408,156.201656,<500k,Mitsubishi,False,TRITON,False,GLX,False,False
19265595,Nissan,Note,VL,2017,127500,228000.000000,-133398.702917,361398.702917,361398.702917,158.508203,<500k,Nissan,False,__OTHER__,True,__OTHER__,True,True
19275759,Nissan,Note,VL,2017,127500,249000.000000,-133398.702917,382398.702917,382398.702917,153.573776,<500k,Nissan,False,__OTHER__,True,__OTHER__,True,True
19064526,Toyota,VIOS,J,2012,172500,94000.000000,-133086.760802,227086.760802,227086.760802,241.581660,<500k,Toyota,False,VIOS,False,__OTHER__,True,True
19038461,Mercedes-Benz,E200 Kompressor,,2002,137500,220000.000000,-133007.661218,353007.661218,353007.661218,160.458028,<500k,Mercedes-Benz,False,__OTHER__,True,__MISSING__,False,True
18567522,Toyota,YARIS,E,2013,177500,229000.000000,-132595.707590,361595.707590,361595.707590,157.902056,<500k,Toyota,False,YARIS,False,E,False,False
18389263,Isuzu,D-MAX,Hi-Lander L Space Cab,2016,107500,319000.000000,-132201.884642,451201.884642,451201.884642,141.442597,<500k,Isuzu,False,D-MAX,False,__OTHER__,True,True
18842480,Mitsubishi,ATTRAGE,GLS,2014,162500,139000.000000,-131995.695647,270995.695647,270995.695647,194.960932,<500k,Mitsubishi,False,ATTRAGE,False,__OTHER__,True,True
18993747,Toyota,WISH,ST2,2007,177500,228000.000000,-131851.139420,359851.139420,359851.139420,157.829447,<500k,Toyota,False,__OTHER__,True,__OTHER__,True,True
19115032,Isuzu,D-MAX,Hi-Lander Z-Prestige Space Cab,2018,282177,399000.000000,-131795.425038,530795.425038,530795.425038,133.031435,<500k,Isuzu,False,D-MAX,False,__OTHER__,True,True
19090885,Nissan,Frontier,TXP Single Cab,2005,309500,65000.000000,-131696.026774,196696.026774,196696.026774,302.609272,<500k,Nissan,False,__OTHER__,True,__OTHER__,True,True
19128715,Mazda,BT-50 PRO,Hi-Racer Double Cab (ABS),2019,102500,379000.000000,-131628.506819,510628.506819,510628.506819,134.730477,<500k,Mazda,False,__OTHER__,True,__OTHER__,True,True
19101186,Toyota,VIOS,E,2011,227500,139000.000000,-131190.717010,270190.717010,270190.717010,194.381811,<500k,Toyota,False,VIOS,False,E,False,False
19283363,Ford,FIESTA,Sport,2012,132500,109000.000000,-130967.554635,239967.554635,239967.554635,220.153720,<500k,Ford,False,__OTHER__,True,Sport,False,True
18657347,Nissan,ALMERA,E,2012,162500,99000.000000,-130818.695702,229818.695702,229818.695702,232.140097,<500k,Nissan,False,ALMERA,False,E,False,False
19262951,Mazda,2,Sports Groove,2012,107500,179000.000000,-130298.978125,309298.978125,309298.978125,172.792725,<500k,Mazda,False,2,False,__OTHER__,True,True
19131564,Isuzu,D-MAX,Hi-Lander L Space Cab,2017,192500,359000.000000,-129954.450221,488954.450221,488954.450221,136.199011,<500k,Isuzu,False,D-MAX,False,__OTHER__,True,True
18715314,Nissan,MARCH,S,2017,102500,139000.000000,-129918.936336,268918.936336,268918.936336,193.466861,<500k,Nissan,False,__OTHER__,True,S,False,True
19211491,Nissan,MARCH,S,2017,102500,119000.000000,-129918.936336,248918.936336,248918.936336,209.175577,<500k,Nissan,False,__OTHER__,True,S,False,True
19262671,Isuzu,MU-X,DVD,2016,182500,499000.000000,-129468.839151,628468.839151,628468.839151,125.945659,<500k,Isuzu,False,MU-X,False,__OTHER__,True,True
14360628,Honda,ACCORD,E,2006,107500,182000.000000,-129331.192667,311331.192667,311331.192667,171.061095,<500k,Honda,False,ACCORD,False,E,False,False
19319928,Toyota,VIOS,E,2010,177500,108000.000000,-129330.384882,237330.384882,237330.384882,219.750356,<500k,Toyota,False,VIOS,False,E,False,False
7434794,BMW,523i,,1998,97500,1.000000,-129103.085214,129104.085214,129104.085214,12910408.521398,<500k,BMW,False,__OTHER__,True,__MISSING__,False,True
19218476,Mitsubishi,MIRAGE,GL,2016,149703,149000.000000,-129027.992134,278027.992134,278027.992134,186.595968,<500k,Mitsubishi,False,__OTHER__,True,__OTHER__,True,True
18942283,Nissan,Note,V,2017,159644,249000.000000,-128534.285214,377534.285214,377534.285214,151.620195,<500k,Nissan,False,__OTHER__,True,V,False,True
18918287,Toyota,AVANZA,S Touring,2014,117500,259000.000000,-128351.079281,387351.079281,387351.079281,149.556401,<500k,Toyota,False,__OTHER__,True,__OTHER__,True,True
19233917,Chevrolet,CRUZE,LS,2012,167500,79000.000000,-128216.137795,207216.137795,207216.137795,262.298909,<500k,Chevrolet,False,__OTHER__,True,__OTHER__,True,True
19189396,Nissan,TIIDA,G,2008,252500,69000.000000,-128185.317425,197185.317425,197185.317425,285.775822,<500k,Nissan,False,__OTHER__,True,G,False,True
18064739,Toyota,INNOVA,V,2015,112500,329000.000000,-127934.274150,456934.274150,456934.274150,138.885798,<500k,Toyota,False,INNOVA,False,V,False,False
19142134,Ford,RANGER,XLT Open Cab Hi-Rider,2012,92500,215000.000000,-127913.736116,342913.736116,342913.736116,159.494761,<500k,Ford,False,RANGER,False,__OTHER__,True,True
19299193,Isuzu,D-MAX,S Cab-4,2016,97500,389000.000000,-127323.233416,516323.233416,516323.233416,132.730908,<500k,Isuzu,False,D-MAX,False,__OTHER__,True,True
18869998,Toyota,YARIS,E,2013,201561,239000.000000,-127242.615481,366242.615481,366242.615481,153.239588,<500k,Toyota,False,YARIS,False,E,False,False
10649430,Nissan,ALMERA,E,2012,158321,149000.000000,-127165.614195,276165.614195,276165.614195,185.346050,<500k,Nissan,False,ALMERA,False,E,False,False
19106715,Nissan,Note,V,2017,187708,249000.000000,-126680.423846,375680.423846,375680.423846,150.875672,<500k,Nissan,False,__OTHER__,True,V,False,True
19304144,Mitsubishi,TRITON,GLS Plus Double Cab,2014,147500,218000.000000,-126413.196302,344413.196302,344413.196302,157.987705,<500k,Mitsubishi,False,TRITON,False,__OTHER__,True,True
18588669,Volkswagen,GOLF,,2012,152500,299000.000000,-126189.374347,425189.374347,425189.374347,142.203804,<500k,Volkswagen,False,__OTHER__,True,__MISSING__,False,True
19300838,Toyota,HILUX REVO,G Prerunner Double Cab,2016,117500,495000.000000,-126046.579724,621046.579724,621046.579724,125.463955,<500k,Toyota,False,HILUX REVO,False,__OTHER__,True,True
18862685,Mazda,2,Elegance Spirit,2012,137500,1.000000,-125843.223072,125844.223072,125844.223072,12584422.307217,<500k,Mazda,False,2,False,__OTHER__,True,True
19121919,Toyota,Corolla Altis,G,2014,302015,249000.000000,-124872.280329,373872.280329,373872.280329,150.149510,<500k,Toyota,False,Corolla Altis,False,G,False,False
19071177,Nissan,Note,VL,2017,117500,299000.000000,-124657.182204,423657.182204,423657.182204,141.691365,<500k,Nissan,False,__OTHER__,True,__OTHER__,True,True
19105228,Toyota,CAMRY,G,2010,92500,269000.000000,-124641.327308,393641.327308,393641.327308,146.335066,<500k,Toyota,False,CAMRY,False,G,False,False
16292163,Mercedes-Benz,E200 Kompressor,Classic,2003,207500,159000.000000,-124633.081995,283633.081995,283633.081995,178.385586,<500k,Mercedes-Benz,False,__OTHER__,True,__OTHER__,True,True
18573129,Toyota,YARIS,J,2015,222500,215000.000000,-123958.339040,338958.339040,338958.339040,157.655041,<500k,Toyota,False,YARIS,False,__OTHER__,True,True
11341997,Honda,ACCORD,E,2006,217500,158000.000000,-123942.771132,281942.771132,281942.771132,178.444792,<500k,Honda,False,ACCORD,False,E,False,False
19306813,Nissan,ALMERA,E,2013,237500,118000.000000,-123692.610054,241692.610054,241692.610054,204.824246,<500k,Nissan,False,ALMERA,False,E,False,False
19271743,Honda,CR-V,DT E,2017,182500,599000.000000,-123509.632053,722509.632053,722509.632053,120.619304,500k-1M,Honda,False,CR-V,False,__OTHER__,True,True
19109900,Chevrolet,CRUZE,LTZ,2012,137500,128000.000000,-123389.834645,251389.834645,251389.834645,196.398308,<500k,Chevrolet,False,__OTHER__,True,__OTHER__,True,True
14331358,Audi,Q5,TFSI Quattro,2010,172500,575000.000000,-123342.907219,698342.907219,698342.907219,121.450940,500k-1M,Audi,False,__OTHER__,True,__OTHER__,True,True
19105004,BMW,318i,,1989,2500,890000.000000,-123252.430808,1013252.430808,1013252.430808,113.848588,500k-1M,BMW,False,__OTHER__,True,__MISSING__,False,True
19339959,Toyota,HILUX REVO,J Plus Double Cab,2017,227500,365000.000000,-123129.751475,488129.751475,488129.751475,133.734178,<500k,Toyota,False,HILUX REVO,False,__OTHER__,True,True
19124471,Isuzu,D-MAX,Hi-Lander Z Space Cab,2016,92500,399000.000000,-122952.473059,521952.473059,521952.473059,130.815156,<500k,Isuzu,False,D-MAX,False,__OTHER__,True,True
19053586,Chevrolet,CAPTIVA,LTZ,2011,172500,199000.000000,-122871.860326,321871.860326,321871.860326,161.744653,<500k,Chevrolet,False,__OTHER__,True,__OTHER__,True,True
19248268,Isuzu,D-MAX,Z Cab-4,2018,297500,374000.000000,-122666.861615,496666.861615,496666.861615,132.798626,<500k,Isuzu,False,D-MAX,False,__OTHER__,True,True
17979225,Toyota,VIOS,J,2013,252500,189000.000000,-122605.696537,311605.696537,311605.696537,164.870739,<500k,Toyota,False,VIOS,False,__OTHER__,True,True
18755228,Suzuki,CARRY,,2018,122500,168000.000000,-122482.414473,290482.414473,290482.414473,172.906199,<500k,Suzuki,False,__OTHER__,True,__MISSING__,False,True
18624763,Mitsubishi,EVOLUTION,IX,2005,97500,888000.000000,-121557.978651,1009557.978651,1009557.978651,113.688962,500k-1M,Mitsubishi,False,__OTHER__,True,__OTHER__,True,True
19249920,Honda,City,S,2011,192500,129000.000000,-121391.038712,250391.038712,250391.038712,194.101580,<500k,Honda,False,City,False,S,False,False
19084966,Honda,CR-V,S,2010,182500,199000.000000,-121282.089497,320282.089497,320282.089497,160.945774,<500k,Honda,False,CR-V,False,S,False,False
19273089,Toyota,HIACE,D4D,2013,252500,529000.000000,-121152.266614,650152.266614,650152.266614,122.902130,500k-1M,Toyota,False,__OTHER__,True,__OTHER__,True,True
19234086,Mercedes-Benz,E230,Elegance,2000,272500,99000.000000,-121150.185195,220150.185195,220150.185195,222.373924,<500k,Mercedes-Benz,False,__OTHER__,True,__OTHER__,True,True
19253165,Ford,RANGER,WildTrak Double Cab Hi-Rider,2013,277500,290000.000000,-121046.424737,411046.424737,411046.424737,141.740146,<500k,Ford,False,RANGER,False,__OTHER__,True,True
19327737,Toyota,HIACE,D4D,2013,282500,428000.000000,-120990.763656,548990.763656,548990.763656,128.268870,<500k,Toyota,False,__OTHER__,True,__OTHER__,True,True
19262976,Isuzu,MU-X,DVD,2016,172500,499000.000000,-120727.318438,619727.318438,619727.318438,124.193851,<500k,Isuzu,False,MU-X,False,__OTHER__,True,True
19239014,Isuzu,D-MAX,Hi-Lander Z-Prestige Cab-4,2017,177500,409000.000000,-120705.038638,529705.038638,529705.038638,129.512234,<500k,Isuzu,False,D-MAX,False,__OTHER__,True,True
19106777,Nissan,Note,VL,2017,117091,269000.000000,-120436.784520,389436.784520,389436.784520,144.772039,<500k,Nissan,False,__OTHER__,True,__OTHER__,True,True
19019607,Mazda,2,High,2015,172500,229000.000000,-120090.039375,349090.039375,349090.039375,152.441065,<500k,Mazda,False,2,False,__OTHER__,True,True
18640631,Audi,A6,,2007,2500,299000.000000,-119741.285502,418741.285502,418741.285502,140.047253,<500k,Audi,False,__OTHER__,True,__MISSING__,False,True
18448424,Honda,CIVIC,S,2010,232500,169000.000000,-119642.874447,288642.874447,288642.874447,170.794600,<500k,Honda,False,CIVIC,False,S,False,False
19288212,Mazda,2,Sports High,2015,162500,230000.000000,-119505.640243,349505.640243,349505.640243,151.958974,<500k,Mazda,False,2,False,__OTHER__,True,True
18596738,Mazda,BT-50,S Hi-Racer Double Cab,2021,52500,475000.000000,-119366.026305,594366.026305,594366.026305,125.129690,<500k,Mazda,False,__OTHER__,True,__OTHER__,True,True
18516062,Toyota,Corolla Altis,G,2013,212500,140000.000000,-119310.048661,259310.048661,259310.048661,185.221463,<500k,Toyota,False,Corolla Altis,False,G,False,False
19274734,Honda,CR-V,DT EL,2017,147500,589000.000000,-119300.374654,708300.374654,708300.374654,120.254733,500k-1M,Honda,False,CR-V,False,__OTHER__,True,True
17082534,Isuzu,D-MAX,Hi-Lander Z-Prestige Space Cab,2016,112500,368000.000000,-119037.255495,487037.255495,487037.255495,132.347080,<500k,Isuzu,False,D-MAX,False,__OTHER__,True,True
18390252,Mazda,2,Maxx Sports,2011,2500,159000.000000,-118926.240606,277926.240606,277926.240606,174.796378,<500k,Mazda,False,2,False,__OTHER__,True,True
19126582,Toyota,HILUX REVO,E Prerunner Double Cab,2017,192500,469000.000000,-118920.494076,587920.494076,587920.494076,125.356182,<500k,Toyota,False,HILUX REVO,False,__OTHER__,True,True
18797135,Toyota,Corolla Altis,G,2013,207500,219000.000000,-118802.157792,337802.157792,337802.157792,154.247561,<500k,Toyota,False,Corolla Altis,False,G,False,False
19317305,Isuzu,MU-X,DVD Navi DA,2017,227500,549000.000000,-118641.386975,667641.386975,667641.386975,121.610453,500k-1M,Isuzu,False,MU-X,False,__OTHER__,True,True
19284756,Nissan,MARCH,E,2016,147500,119000.000000,-118442.726132,237442.726132,237442.726132,199.531703,<500k,Nissan,False,__OTHER__,True,E,False,True
19275443,Toyota,CAMRY,G Extremo,2013,247500,319000.000000,-118275.831461,437275.831461,437275.831461,137.077063,<500k,Toyota,False,CAMRY,False,__OTHER__,True,True
19322409,Mazda,CX-5,S,2014,297500,229000.000000,-117861.841665,346861.841665,346861.841665,151.468053,<500k,Mazda,False,CX-5,False,S,False,False
19284617,Mitsubishi,MIRAGE,GLS LTD,2016,132500,219000.000000,-117852.823537,336852.823537,336852.823537,153.814075,<500k,Mitsubishi,False,__OTHER__,True,__OTHER__,True,True
19106949,Nissan,Note,V,2018,239401,249000.000000,-117840.801996,366840.801996,366840.801996,147.325623,<500k,Nissan,False,__OTHER__,True,V,False,True
16608599,Mitsubishi,MIRAGE,GLX,2014,187500,129000.000000,-117657.319844,246657.319844,246657.319844,191.207225,<500k,Mitsubishi,False,__OTHER__,True,GLX,False,True
18814071,Chevrolet,COLORADO,LT Z71 Flex Cab,2013,92500,169000.000000,-117280.797112,286280.797112,286280.797112,169.396921,<500k,Chevrolet,False,__OTHER__,True,__OTHER__,True,True
19210112,Toyota,Corolla Altis,G,2012,247500,69000.000000,-117105.898302,186105.898302,186105.898302,269.718693,<500k,Toyota,False,Corolla Altis,False,G,False,False
18839265,Honda,JAZZ,SV,2012,287500,218000.000000,-117105.749324,335105.749324,335105.749324,153.718234,<500k,Honda,False,JAZZ,False,SV,False,False
19036990,Ford,RANGER,XLT Double Cab Hi-Rider,2013,167500,249000.000000,-116924.780982,365924.780982,365924.780982,146.957743,<500k,Ford,False,RANGER,False,__OTHER__,True,True
17674974,Suzuki,Ciaz,GL,2015,192500,169000.000000,-116924.454447,285924.454447,285924.454447,169.186068,<500k,Suzuki,False,__OTHER__,True,__OTHER__,True,True
19075685,Honda,CR-V,DT EL,2018,262500,454000.000000,-116891.437275,570891.437275,570891.437275,125.747013,<500k,Honda,False,CR-V,False,__OTHER__,True,True
17246764,Toyota,HILUX REVO,Prerunner TRD Sportivo Double Cab,2016,102500,540000.000000,-116797.168141,656797.168141,656797.168141,121.629105,500k-1M,Toyota,False,HILUX REVO,False,__OTHER__,True,True
19029856,Toyota,HIACE,D4D,2013,247500,619000.000000,-116781.506258,735781.506258,735781.506258,118.866156,500k-1M,Toyota,False,__OTHER__,True,__OTHER__,True,True
18914338,Isuzu,MU-X,DVD,2016,137500,499000.000000,-116518.061039,615518.061039,615518.061039,123.350313,<500k,Isuzu,False,MU-X,False,__OTHER__,True,True
18956388,Isuzu,MU-X,CD,2016,137500,499000.000000,-116518.061039,615518.061039,615518.061039,123.350313,<500k,Isuzu,False,MU-X,False,__OTHER__,True,True
18914955,Isuzu,MU-X,CD,2016,137500,479999.000000,-116518.061039,596517.061039,596517.061039,124.274647,<500k,Isuzu,False,MU-X,False,__OTHER__,True,True
18706711,Isuzu,D-MAX,L Space Cab,2017,172500,369000.000000,-116334.278281,485334.278281,485334.278281,131.526905,<500k,Isuzu,False,D-MAX,False,__OTHER__,True,True
19313231,Nissan,Frontier Navara,SV Calibre LE Double Cab,2012,207500,239000.000000,-116113.013795,355113.013795,355113.013795,148.582851,<500k,Nissan,False,__OTHER__,True,__OTHER__,True,True
19305271,Kia,PICANTO,K1,2013,2500,99000.000000,-116084.653051,215084.653051,215084.653051,217.257225,<500k,Kia,False,__OTHER__,True,__OTHER__,True,True
19065368,Toyota,HILUX REVO,J Single Cab,2016,450000,249000.000000,-115929.564783,364929.564783,364929.564783,146.558058,<500k,Toyota,False,HILUX REVO,False,__OTHER__,True,True
18341218,Honda,CR-V,DT EL,2017,167500,599000.000000,-115385.157090,714385.157090,714385.157090,119.262964,500k-1M,Honda,False,CR-V,False,__OTHER__,True,True
18843617,Mazda,2,Sports High,2015,127500,259000.000000,-115296.382844,374296.382844,374296.382844,144.515978,<500k,Mazda,False,2,False,__OTHER__,True,True
19183958,Toyota,YARIS,E,2013,157500,219000.000000,-115112.666163,334112.666163,334112.666163,152.562861,<500k,Toyota,False,YARIS,False,E,False,False
19196104,Toyota,HILUX REVO,E Prerunner Double Cab,2017,192500,499000.000000,-115057.624589,614057.624589,614057.624589,123.057640,<500k,Toyota,False,HILUX REVO,False,__OTHER__,True,True
18489345,Honda,CR-V,DT E,2017,142500,638000.000000,-114929.614297,752929.614297,752929.614297,118.014046,500k-1M,Honda,False,CR-V,False,__OTHER__,True,True
19324052,Honda,CR-V,DT E,2017,142500,679000.000000,-114929.614297,793929.614297,793929.614297,116.926305,500k-1M,Honda,False,CR-V,False,__OTHER__,True,True
18818573,Honda,CR-V,DT EL,2017,172500,565000.000000,-114768.111339,679768.111339,679768.111339,120.312940,500k-1M,Honda,False,CR-V,False,__OTHER__,True,True
19012932,Isuzu,D-MAX,Hi-Lander L Space Cab,2016,107500,319000.000000,-114666.495138,433666.495138,433666.495138,135.945610,<500k,Isuzu,False,D-MAX,False,__OTHER__,True,True
18867417,Isuzu,D-MAX,Hi-Lander Z Space Cab,2016,107500,359000.000000,-114666.495138,473666.495138,473666.495138,131.940528,<500k,Isuzu,False,D-MAX,False,__OTHER__,True,True
19046943,Nissan,ALMERA,VL,2013,131000,138000.000000,-114323.664675,252323.664675,252323.664675,182.843235,<500k,Nissan,False,ALMERA,False,__OTHER__,True,True
19304900,Toyota,PRIUS,Hybrid Standard grade,2010,152500,229000.000000,-114296.288748,343296.288748,343296.288748,149.911043,<500k,Toyota,False,__OTHER__,True,__OTHER__,True,True
19268923,Isuzu,MU-X,DVD Navi DA,2017,222500,499000.000000,-114270.626618,613270.626618,613270.626618,122.899925,<500k,Isuzu,False,MU-X,False,__OTHER__,True,True
19026065,Toyota,INNOVA,G,2014,202500,248000.000000,-113991.828940,361991.828940,361991.828940,145.964447,<500k,Toyota,False,INNOVA,False,G,False,False
19331228,Isuzu,D-MAX,SLX Cab-4 (Ddi-TEQ),2004,277500,129000.000000,-113724.703041,242724.703041,242724.703041,188.158685,<500k,Isuzu,False,D-MAX,False,__OTHER__,True,True
19170278,Toyota,VIOS,E,2013,358096,175000.000000,-113649.018939,288649.018939,288649.018939,164.942297,<500k,Toyota,False,VIOS,False,E,False,False
19322991,Toyota,YARIS,E,2014,247500,229000.000000,-113373.122612,342373.122612,342373.122612,149.507914,<500k,Toyota,False,YARIS,False,E,False,False
18964263,Nissan,ALMERA,V,2013,147500,129000.000000,-113319.401472,242319.401472,242319.401472,187.844497,<500k,Nissan,False,ALMERA,False,V,False,False
19237932,Toyota,VIOS,J,2013,267500,189000.000000,-113194.781996,302194.781996,302194.781996,159.891419,<500k,Toyota,False,VIOS,False,__OTHER__,True,True
19009372,Toyota,YARIS,TRD Sportivo,2014,122500,245000.000000,-113093.492391,358093.492391,358093.492391,146.160609,<500k,Toyota,False,YARIS,False,__OTHER__,True,True
18738234,Ford,RANGER,WildTrak Double Cab Hi-Rider,2013,132500,319000.000000,-112715.523583,431715.523583,431715.523583,135.334020,<500k,Ford,False,RANGER,False,__OTHER__,True,True
19157769,Isuzu,D-MAX,Hi-Lander L Space Cab,2016,85153,378000.000000,-112667.208304,490667.208304,490667.208304,129.806140,<500k,Isuzu,False,D-MAX,False,__OTHER__,True,True
19117818,Nissan,MARCH,S,2017,82500,127000.000000,-112435.894909,239435.894909,239435.894909,188.532201,<500k,Nissan,False,__OTHER__,True,S,False,True
19079120,Toyota,HILUX REVO,G Prerunner Double Cab,2016,97500,550000.000000,-112426.407784,662426.407784,662426.407784,120.441165,500k-1M,Toyota,False,HILUX REVO,False,__OTHER__,True,True
13743435,Isuzu,D-MAX,Hi-Lander Super Platinum Cab-4,2010,222500,249000.000000,-112123.809972,361123.809972,361123.809972,145.029643,<500k,Isuzu,False,D-MAX,False,__OTHER__,True,True
19305219,Toyota,AVANZA,G,2013,137500,189000.000000,-112069.271031,301069.271031,301069.271031,159.295911,<500k,Toyota,False,__OTHER__,True,G,False,True
19014030,Nissan,Note,VL,2017,107500,265000.000000,-112052.792003,377052.792003,377052.792003,142.284072,<500k,Nissan,False,__OTHER__,True,__OTHER__,True,True
18877495,Nissan,Note,VL,2017,102500,259000.000000,-111544.901133,370544.901133,370544.901133,143.067529,<500k,Nissan,False,__OTHER__,True,__OTHER__,True,True
18689790,Mazda,CX-5,S,2013,172500,239000.000000,-111529.258331,350529.258331,350529.258331,146.664962,<500k,Mazda,False,CX-5,False,S,False,False
19280627,Honda,ACCORD,EL,2011,237500,168000.000000,-111525.178676,279525.178676,279525.178676,166.384035,<500k,Honda,False,ACCORD,False,EL,False,False
19266278,Audi,Q5,TDI Quattro,2010,166783,299000.000000,-111490.096791,410490.096791,410490.096791,137.287658,<500k,Audi,False,__OTHER__,True,__OTHER__,True,True
14266286,Mercedes-Benz,C180,,2002,112500,248000.000000,-111153.859434,359153.859434,359153.859434,144.820105,<500k,Mercedes-Benz,False,__OTHER__,True,__MISSING__,False,True
18823895,Honda,CR-V,DT EL,2017,162500,539000.000000,-111014.396734,650014.396734,650014.396734,120.596363,500k-1M,Honda,False,CR-V,False,__OTHER__,True,True
18840326,Honda,CR-V,DT EL,2017,162500,539000.000000,-111014.396734,650014.396734,650014.396734,120.596363,500k-1M,Honda,False,CR-V,False,__OTHER__,True,True
18958020,Toyota,HIACE,D4D,2010,2500,399000.000000,-110867.071244,509867.071244,509867.071244,127.786233,<500k,Toyota,False,__OTHER__,True,__OTHER__,True,True
19221067,Mazda,2,Sports High Connect,2016,214285,269000.000000,-110746.440384,379746.440384,379746.440384,141.169680,<500k,Mazda,False,2,False,__OTHER__,True,True
18942313,Nissan,Note,V,2017,143619,249000.000000,-110663.128784,359663.128784,359663.128784,144.443024,<500k,Nissan,False,__OTHER__,True,V,False,True
8856289,Chevrolet,CAPTIVA,LS,2019,107500,399000.000000,-110620.366552,509620.366552,509620.366552,127.724403,<500k,Chevrolet,False,__OTHER__,True,__OTHER__,True,True
18790612,Honda,JAZZ,SV,2011,192500,219000.000000,-110611.663032,329611.663032,329611.663032,150.507609,<500k,Honda,False,JAZZ,False,SV,False,False
19236020,Isuzu,D-MAX,Hi-Lander Super Titanium Cab-4,2011,334000,209000.000000,-110518.209830,319518.209830,319518.209830,152.879526,<500k,Isuzu,False,D-MAX,False,__OTHER__,True,True
18812414,Isuzu,D-MAX,Hi-Lander Z Space Cab,2012,395486,289000.000000,-110239.159215,399239.159215,399239.159215,138.145038,<500k,Isuzu,False,D-MAX,False,__OTHER__,True,True
18842757,Isuzu,D-MAX,Hi-Lander L Space Cab,2018,257500,399000.000000,-110223.974373,509223.974373,509223.974373,127.625056,<500k,Isuzu,False,D-MAX,False,__OTHER__,True,True
14730626,Toyota,CAMRY,G Extremo,2013,212500,330000.000000,-110203.704576,440203.704576,440203.704576,133.395062,<500k,Toyota,False,CAMRY,False,__OTHER__,True,True
18865577,Toyota,CAMRY,G Extremo,2013,212500,345000.000000,-110203.704576,455203.704576,455203.704576,131.943103,<500k,Toyota,False,CAMRY,False,__OTHER__,True,True
19269737,Honda,ODYSSEY,VTi,2001,297500,189000.000000,-110151.513357,299151.513357,299151.513357,158.281224,<500k,Honda,False,__OTHER__,True,__OTHER__,True,True
19304021,Toyota,HIACE,D4D,2012,182500,599000.000000,-110125.917007,709125.917007,709125.917007,118.384961,500k-1M,Toyota,False,__OTHER__,True,__OTHER__,True,True
19012928,Toyota,Corolla Altis,G,2013,197500,209000.000000,-110060.637078,319060.637078,319060.637078,152.660592,<500k,Toyota,False,Corolla Altis,False,G,False,False
19315484,Toyota,VIOS,S,2013,192500,239000.000000,-109928.866450,348928.866450,348928.866450,145.995342,<500k,Toyota,False,VIOS,False,S,False,False
19147798,Mazda,BT-50 PRO,Hi-Racer Double Cab,2019,77500,369000.000000,-109774.705035,478774.705035,478774.705035,129.749243,<500k,Mazda,False,__OTHER__,True,__OTHER__,True,True
18740177,Isuzu,D-MAX,Hi-Lander Z Cab-4 (DVD),2016,107500,489000.000000,-109678.689031,598678.689031,598678.689031,122.429180,<500k,Isuzu,False,D-MAX,False,__OTHER__,True,True
18580113,Isuzu,D-MAX,Hi-Lander Z Space Cab,2016,107500,437000.000000,-109678.689031,546678.689031,546678.689031,125.098098,<500k,Isuzu,False,D-MAX,False,__OTHER__,True,True
19331867,Toyota,YARIS,J,2011,187500,95000.000000,-109610.595591,204610.595591,204610.595591,215.379574,<500k,Toyota,False,YARIS,False,__OTHER__,True,True
18976714,Toyota,VIOS,S,2013,187500,249000.000000,-109420.975580,358420.975580,358420.975580,143.944167,<500k,Toyota,False,VIOS,False,S,False,False
19071854,Toyota,PRIUS,Hybrid Top option grade,2012,297500,249000.000000,-109345.877112,358345.877112,358345.877112,143.914007,<500k,Toyota,False,__OTHER__,True,__OTHER__,True,True
18982819,Hyundai,H-1,Maesto Executive,2012,2500,478000.000000,-109277.928893,587277.928893,587277.928893,122.861491,<500k,Hyundai,False,H-1,False,__OTHER__,True,True
18669755,Honda,City,SV,2009,202500,168000.000000,-109197.898869,277197.898869,277197.898869,164.998749,<500k,Honda,False,City,False,SV,False,False
19339956,Toyota,CAMRY,Hybrid DVD,2009,247500,180000.000000,-109095.834304,289095.834304,289095.834304,160.608797,<500k,Toyota,False,CAMRY,False,__OTHER__,True,True
19149500,Toyota,HILUX REVO,E Plus Prerunner Double Cab,2018,272500,469000.000000,-108439.429811,577439.429811,577439.429811,123.121414,<500k,Toyota,False,HILUX REVO,False,__OTHER__,True,True
19245583,Toyota,HILUX VIGO,E VN Turbo Double Cab,2010,52500,429000.000000,-108391.956699,537391.956699,537391.956699,125.266190,<500k,Toyota,False,__OTHER__,True,__OTHER__,True,True
19317471,Ford,RANGER,XLT Double Cab Hi-Rider,2013,127500,255000.000000,-108344.763226,363344.763226,363344.763226,142.488142,<500k,Ford,False,RANGER,False,__OTHER__,True,True
19300600,Honda,CR-V,DT EL,2018,222500,469000.000000,-108311.419520,577311.419520,577311.419520,123.094119,<500k,Honda,False,CR-V,False,__OTHER__,True,True
19322685,Mini,Countryman,Cooper,2011,142500,399000.000000,-108295.709380,507295.709380,507295.709380,127.141782,<500k,Mini,False,__OTHER__,True,__OTHER__,True,True
18837077,Isuzu,D-MAX,Hi-Lander Z Space Cab,2017,167500,369000.000000,-108100.648437,477100.648437,477100.648437,129.295569,<500k,Isuzu,False,D-MAX,False,__OTHER__,True,True
19263119,Toyota,CAMRY,G Extremo,2015,385000,350000.000000,-107894.215912,457894.215912,457894.215912,130.826919,<500k,Toyota,False,CAMRY,False,__OTHER__,True,True
19246076,Toyota,WISH,Q,2008,237500,225000.000000,-107749.903216,332749.903216,332749.903216,147.888846,<500k,Toyota,False,__OTHER__,True,__OTHER__,True,True
19090293,Toyota,ESTIMA,Aeras,2003,189733,199000.000000,-107584.734471,306584.734471,306584.734471,154.062681,<500k,Toyota,False,__OTHER__,True,__OTHER__,True,True
14361845,Mazda,BT-50 PRO,Thunder Hi-Racer Double Cab,2019,99000,388000.000000,-107170.715578,495170.715578,495170.715578,127.621318,<500k,Mazda,False,__OTHER__,True,__OTHER__,True,True
19310582,Nissan,ALMERA,VL,2013,162500,110000.000000,-107156.365875,217156.365875,217156.365875,197.414878,<500k,Nissan,False,ALMERA,False,__OTHER__,True,True
19173822,Toyota,CAMRY,G,2012,247500,319000.000000,-107034.177396,426034.177396,426034.177396,133.553034,<500k,Toyota,False,CAMRY,False,G,False,False
9356568,Honda,CIVIC,S,2010,242500,179000.000000,-106986.136169,285986.136169,285986.136169,159.768791,<500k,Honda,False,CIVIC,False,S,False,False
18942251,Nissan,Note,V,2017,138958,249000.000000,-106588.705979,355588.705979,355588.705979,142.806709,<500k,Nissan,False,__OTHER__,True,V,False,True
19327457,Honda,ACCORD,EL,2011,237500,239000.000000,-106537.372568,345537.372568,345537.372568,144.576307,<500k,Honda,False,ACCORD,False,EL,False,False
19076422,Toyota,VIOS,E,2012,292500,120000.000000,-106472.435054,226472.435054,226472.435054,188.727029,<500k,Toyota,False,VIOS,False,E,False,False
18850524,Toyota,HILUX REVO,G Prerunner Double Cab,2017,182500,485000.000000,-106316.103876,591316.103876,591316.103876,121.920846,<500k,Toyota,False,HILUX REVO,False,__OTHER__,True,True
19257630,Honda,CR-V,DT EL,2017,162500,659000.000000,-106026.590626,765026.590626,765026.590626,116.089012,500k-1M,Honda,False,CR-V,False,__OTHER__,True,True
19257338,Honda,CR-V,DT EL,2017,162500,499000.000000,-106026.590626,605026.590626,605026.590626,121.247814,<500k,Honda,False,CR-V,False,__OTHER__,True,True
18842745,Honda,JAZZ,S,2008,2500,155000.000000,-105966.141843,260966.141843,260966.141843,168.365253,<500k,Honda,False,JAZZ,False,S,False,False
19255829,Mazda,BT-50,S Hi-Racer Double Cab,2021,62500,419000.000000,-105584.351406,524584.351406,524584.351406,125.199129,<500k,Mazda,False,__OTHER__,True,__OTHER__,True,True
9834293,Isuzu,D-MAX,Hi-Lander Z Space Cab,2016,72500,449000.000000,-105469.431632,554469.431632,554469.431632,123.489851,<500k,Isuzu,False,D-MAX,False,__OTHER__,True,True
13219835,Mini,COOPER,3-Door,2005,108569,350000.000000,-105245.989685,455245.989685,455245.989685,130.070283,<500k,Mini,False,__OTHER__,True,__OTHER__,True,True
18444867,Mitsubishi,SPACE WAGON,GLS,2004,297500,138000.000000,-105213.868975,243213.868975,243213.868975,176.241934,<500k,Mitsubishi,False,__OTHER__,True,__OTHER__,True,True
19268988,Toyota,Corolla Altis,E CNG,2014,392028,190000.000000,-105077.360815,295077.360815,295077.360815,155.303874,<500k,Toyota,False,Corolla Altis,False,__OTHER__,True,True
19335542,Nissan,TIIDA,G,2011,137500,128000.000000,-104522.025856,232522.025856,232522.025856,181.657833,<500k,Nissan,False,__OTHER__,True,G,False,True
19281040,Suzuki,SWIFT,GLX,2013,152500,147000.000000,-104261.385428,251261.385428,251261.385428,170.926113,<500k,Suzuki,False,SWIFT,False,GLX,False,False
19025209,Nissan,ALMERA,VL,2014,182500,165000.000000,-104190.394854,269190.394854,269190.394854,163.145694,<500k,Nissan,False,ALMERA,False,__OTHER__,True,True
18871020,Toyota,HILUX VIGO,Champ E Double Cab,2012,192500,299000.000000,-104058.590815,403058.590815,403058.590815,134.802204,<500k,Toyota,False,__OTHER__,True,__OTHER__,True,True
18442307,Toyota,AVANZA,G,2013,132500,185000.000000,-103835.641187,288835.641187,288835.641187,156.127374,<500k,Toyota,False,__OTHER__,True,G,False,True
12651303,Suzuki,ERTIGA,GX,2013,87500,225000.000000,-103816.898759,328816.898759,328816.898759,146.140844,<500k,Suzuki,False,__OTHER__,True,__OTHER__,True,True
19081141,Honda,CIVIC,S (AS),2009,202500,139000.000000,-103810.313500,242810.313500,242810.313500,174.683679,<500k,Honda,False,CIVIC,False,__OTHER__,True,True
19075727,Ford,ECOSPORT,Titanium,2015,257500,124000.000000,-103742.187256,227742.187256,227742.187256,183.663054,<500k,Ford,False,__OTHER__,True,__OTHER__,True,True
19231466,Toyota,HILUX REVO,E Prerunner Double Cab,2017,199600,469000.000000,-103728.714792,572728.714792,572728.714792,122.116997,<500k,Toyota,False,HILUX REVO,False,__OTHER__,True,True
18914868,Nissan,SYLPHY,V,2013,262500,1.000000,-103499.175401,103500.175401,103500.175401,10350017.540112,<500k,Nissan,False,__OTHER__,True,V,False,True
19281892,Toyota,CAMRY,V,2008,242500,159000.000000,-103474.626221,262474.626221,262474.626221,165.078381,<500k,Toyota,False,CAMRY,False,V,False,False
18735094,Toyota,VIOS,J,2014,313750,198000.000000,-103460.019908,301460.019908,301460.019908,152.252535,<500k,Toyota,False,VIOS,False,__OTHER__,True,True
19015333,Isuzu,MU-X,DVD,2016,122500,535000.000000,-103405.779969,638405.779969,638405.779969,119.328183,500k-1M,Isuzu,False,MU-X,False,__OTHER__,True,True
18942232,Nissan,Note,V,2017,135277,249000.000000,-103370.952204,352370.952204,352370.952204,141.514439,<500k,Nissan,False,__OTHER__,True,V,False,True
16207367,Nissan,Note,V,2017,161000,199000.000000,-103333.570324,302333.570324,302333.570324,151.926417,<500k,Nissan,False,__OTHER__,True,V,False,True
17292169,Honda,CR-V,DT EL,2017,159136,519999.000000,-103085.943058,623084.943058,623084.943058,119.824258,500k-1M,Honda,False,CR-V,False,__OTHER__,True,True
18755023,Toyota,VIOS,E,2009,1,89800.000000,-102958.105406,192758.105406,192758.105406,214.652679,<500k,Toyota,False,VIOS,False,E,False,False
19322937,Nissan,Note,VL,2017,92500,259000.000000,-102803.380420,361803.380420,361803.380420,139.692425,<500k,Nissan,False,__OTHER__,True,__OTHER__,True,True
14270825,Toyota,VIOS,E,2012,262500,189000.000000,-102771.068526,291771.068526,291771.068526,154.376227,<500k,Toyota,False,VIOS,False,E,False,False
19220451,Toyota,CAMRY,G,2012,262500,298000.000000,-102611.068962,400611.068962,400611.068962,134.433245,<500k,Toyota,False,CAMRY,False,G,False,False
19172414,Toyota,CAMRY,G,2012,262500,288000.000000,-102611.068962,390611.068962,390611.068962,135.628843,<500k,Toyota,False,CAMRY,False,G,False,False
19151052,Honda,JAZZ,V,2011,192500,220000.000000,-102561.755139,322561.755139,322561.755139,146.618980,<500k,Honda,False,JAZZ,False,V,False,False
19110555,Suzuki,SWIFT,GLX,2013,150509,179000.000000,-102520.948654,281520.948654,281520.948654,157.274273,<500k,Suzuki,False,SWIFT,False,GLX,False,False
19035974,Toyota,VIOS,E Safety,2012,137500,179000.000000,-102491.438305,281491.438305,281491.438305,157.257787,<500k,Toyota,False,VIOS,False,__OTHER__,True,True
19280640,Ford,RANGER,XLT Double Cab Hi-Rider,2014,232500,265000.000000,-102182.111241,367182.111241,367182.111241,138.559287,<500k,Ford,False,RANGER,False,__OTHER__,True,True
18613295,Toyota,YARIS,TRD Sportivo,2015,197500,228000.000000,-102104.537256,330104.537256,330104.537256,144.782692,<500k,Toyota,False,YARIS,False,__OTHER__,True,True
18570782,Suzuki,Ciaz,GL,2016,267500,179000.000000,-102072.629826,281072.629826,281072.629826,157.023816,<500k,Suzuki,False,__OTHER__,True,__OTHER__,True,True
18756623,Toyota,YARIS,G,2013,152878,259000.000000,-102020.764850,361020.764850,361020.764850,139.390257,<500k,Toyota,False,YARIS,False,G,False,False
18962615,Toyota,YARIS,E,2013,142500,235000.000000,-102000.385093,337000.385093,337000.385093,143.404419,<500k,Toyota,False,YARIS,False,E,False,False
19305121,Mazda,BT-50,C Hi-Racer Freestyle Cab,2021,32500,425000.000000,-101882.984878,526882.984878,526882.984878,123.972467,<500k,Mazda,False,__OTHER__,True,__OTHER__,True,True
19295980,Ford,RANGER,XLT Double Cab Hi-Rider,2012,32500,269000.000000,-101850.676934,370850.676934,370850.676934,137.862705,<500k,Ford,False,RANGER,False,__OTHER__,True,True
19295981,Ford,RANGER,XLT Double Cab Hi-Rider,2012,32500,269000.000000,-101850.676934,370850.676934,370850.676934,137.862705,<500k,Ford,False,RANGER,False,__OTHER__,True,True
19326458,Mazda,3,Maxx,2011,97500,149000.000000,-101784.046987,250784.046987,250784.046987,168.311441,<500k,Mazda,False,3,False,__OTHER__,True,True
17344192,Honda,CR-V,DT EL,2017,157500,659000.000000,-101655.830269,760655.830269,760655.830269,115.425771,500k-1M,Honda,False,CR-V,False,__OTHER__,True,True
19106755,Nissan,Note,V,2017,128731,259000.000000,-101511.622232,360511.622232,360511.622232,139.193677,<500k,Nissan,False,__OTHER__,True,V,False,True
19153731,Mazda,BT-50,S Hi-Racer Freestyle Cab,2021,57500,340000.000000,-101213.591050,441213.591050,441213.591050,129.768703,<500k,Mazda,False,__OTHER__,True,__OTHER__,True,True
19265135,Isuzu,D-MAX,S Space Cab,2016,67184,329000.000000,-100822.439221,429822.439221,429822.439221,130.645118,<500k,Isuzu,False,D-MAX,False,__OTHER__,True,True
19327174,Toyota,VIOS,E,2011,192500,175000.000000,-100595.394513,275595.394513,275595.394513,157.483083,<500k,Toyota,False,VIOS,False,E,False,False
19339908,Nissan,ALMERA,E,2012,187500,115000.000000,-100434.018934,215434.018934,215434.018934,187.333930,<500k,Nissan,False,ALMERA,False,E,False,False
18616687,Nissan,ALMERA,E,2012,187500,129000.000000,-100434.018934,229434.018934,229434.018934,177.855829,<500k,Nissan,False,ALMERA,False,E,False,False
17428710,Toyota,AVANZA,S,2015,127500,299000.000000,-100314.533702,399314.533702,399314.533702,133.550011,<500k,Toyota,False,__OTHER__,True,S,False,True
19110753,Suzuki,SWIFT,GLX,2014,235225,209000.000000,-100025.255044,309025.255044,309025.255044,147.858974,<500k,Suzuki,False,SWIFT,False,GLX,False,False
18475190,Mercedes-Benz,E230,Elegance,1996,2500,118000.000000,-99516.124035,217516.124035,217516.124035,184.335698,<500k,Mercedes-Benz,False,__OTHER__,True,__OTHER__,True,True
18720641,Mercedes-Benz,230TE,,1992,1,899000.000000,-99392.520655,998392.520655,998392.520655,111.055898,500k-1M,Mercedes-Benz,False,__OTHER__,True,__MISSING__,False,True
19221738,Suzuki,CELERIO,GL,2018,178614,179000.000000,-99117.789783,278117.789783,278117.789783,155.373067,<500k,Suzuki,False,__OTHER__,True,__OTHER__,True,True
19188032,Honda,City,V,2010,158211,169000.000000,-99095.012232,268095.012232,268095.012232,158.636102,<500k,Honda,False,City,False,V,False,False
18924804,Suzuki,SWIFT,GLX,2014,217500,169000.000000,-99003.017664,268003.017664,268003.017664,158.581667,<500k,Suzuki,False,SWIFT,False,GLX,False,False
18540279,Toyota,AVANZA,G,2013,122500,178000.000000,-98956.989960,276956.989960,276956.989960,155.593815,<500k,Toyota,False,__OTHER__,True,G,False,True
19287085,Mitsubishi,TRITON,GLX Double Cab,2013,62500,209000.000000,-98945.347784,307945.347784,307945.347784,147.342272,<500k,Mitsubishi,False,TRITON,False,__OTHER__,True,True
18922984,Nissan,Note,VL,2017,92500,248000.000000,-98940.510933,346940.510933,346940.510933,139.895367,<500k,Nissan,False,__OTHER__,True,__OTHER__,True,True
19282438,Honda,JAZZ,S,2012,192500,189000.000000,-98746.850732,287746.850732,287746.850732,152.247011,<500k,Honda,False,JAZZ,False,S,False,False
18570306,Nissan,MARCH,E,2017,212500,189000.000000,-98712.250284,287712.250284,287712.250284,152.228704,<500k,Nissan,False,__OTHER__,True,E,False,True
17105692,Toyota,YARIS,J,2012,262500,149000.000000,-98621.640456,247621.640456,247621.640456,166.189020,<500k,Toyota,False,YARIS,False,__OTHER__,True,True
19152993,Honda,JAZZ,S,2012,222500,225000.000000,-98585.347774,323585.347774,323585.347774,143.815710,<500k,Honda,False,JAZZ,False,S,False,False
17546170,Toyota,CAMRY,G,2011,149999,200000.000000,-98353.836773,298353.836773,298353.836773,149.176918,<500k,Toyota,False,CAMRY,False,G,False,False
19004243,Honda,CR-V,E,2010,297500,188000.000000,-98309.033288,286309.033288,286309.033288,152.292039,<500k,Honda,False,CR-V,False,E,False,False
19338918,Toyota,VIOS,G Limited,2012,132500,199000.000000,-98120.677948,297120.677948,297120.677948,149.306873,<500k,Toyota,False,VIOS,False,__OTHER__,True,True
19101510,Toyota,VIOS,E Safety,2012,132500,169000.000000,-98120.677948,267120.677948,267120.677948,158.059573,<500k,Toyota,False,VIOS,False,__OTHER__,True,True
19183046,Toyota,Corolla Altis,E,2011,2500,168000.000000,-97890.405089,265890.405089,265890.405089,158.268098,<500k,Toyota,False,Corolla Altis,False,E,False,False
19106772,Nissan,MARCH,E,2017,211507,209000.000000,-97844.217277,306844.217277,306844.217277,146.815415,<500k,Nissan,False,__OTHER__,True,E,False,True
19295782,Honda,FREED,E Sport Navi,2010,182500,258000.000000,-97743.951320,355743.951320,355743.951320,137.885252,<500k,Honda,False,__OTHER__,True,__OTHER__,True,True
19303942,Toyota,YARIS,J,2015,192500,188000.000000,-97733.776900,285733.776900,285733.776900,151.986052,<500k,Toyota,False,YARIS,False,__OTHER__,True,True
18454131,Toyota,HIACE,D4D,2013,250000,529000.000000,-97568.627445,626568.627445,626568.627445,118.443975,500k-1M,Toyota,False,__OTHER__,True,__OTHER__,True,True
19048757,Chevrolet,CAPTIVA,LTZ,2011,177500,249000.000000,-97527.337743,346527.337743,346527.337743,139.167606,<500k,Chevrolet,False,__OTHER__,True,__OTHER__,True,True
8856260,Chevrolet,CAPTIVA,LS,2019,92500,379000.000000,-97508.085482,476508.085482,476508.085482,125.727727,<500k,Chevrolet,False,__OTHER__,True,__OTHER__,True,True
19339967,Toyota,CAMRY,V,2007,172500,33888.000000,-97436.082721,131324.082721,131324.082721,387.523851,<500k,Toyota,False,CAMRY,False,V,False,False
18833673,Honda,CR-V,DT E,2017,152500,539000.000000,-97285.069912,636285.069912,636285.069912,118.049178,500k-1M,Honda,False,CR-V,False,__OTHER__,True,True
19293044,Toyota,Yaris Ativ,J,2019,474216,175000.000000,-97007.365219,272007.365219,272007.365219,155.432780,<500k,Toyota,False,Yaris Ativ,False,__OTHER__,True,True
18778603,Nissan,Note,VL,2018,172500,260000.000000,-96185.185642,356185.185642,356185.185642,136.994302,<500k,Nissan,False,__OTHER__,True,__OTHER__,True,True
18461090,Nissan,ALMERA,ES,2014,177500,127000.000000,-95956.765011,222956.765011,222956.765011,175.556508,<500k,Nissan,False,ALMERA,False,__OTHER__,True,True
19305143,Mazda,BT-50 PRO,Hi-Racer Freestyle Cab,2014,2500,235000.000000,-95943.588864,330943.588864,330943.588864,140.827059,<500k,Mazda,False,__OTHER__,True,__OTHER__,True,True
12231308,Mitsubishi,TRITON,Plus VG Turbo Double Cab,2014,112500,299000.000000,-95817.873805,394817.873805,394817.873805,132.046112,<500k,Mitsubishi,False,TRITON,False,__OTHER__,True,True
18735204,Suzuki,CELERIO,GL,2017,112500,159000.000000,-95351.264612,254351.264612,254351.264612,159.969349,<500k,Suzuki,False,__OTHER__,True,__OTHER__,True,True
19296254,Mitsubishi,ATTRAGE,GLS LTD,2013,2500,1.000000,-95067.789815,95068.789815,95068.789815,9506878.981504,<500k,Mitsubishi,False,ATTRAGE,False,__OTHER__,True,True
19324098,Honda,CIVIC,E,2009,282500,158000.000000,-95002.035096,253002.035096,253002.035096,160.127870,<500k,Honda,False,CIVIC,False,E,False,False
19317334,Ford,RANGER,WildTrak Double Cab Hi-Rider,2013,247500,339000.000000,-94821.862596,433821.862596,433821.862596,127.971051,<500k,Ford,False,RANGER,False,__OTHER__,True,True
18853500,Toyota,HILUX REVO,E Plus Prerunner Double Cab,2018,252500,498000.000000,-94819.257871,592819.257871,592819.257871,119.040012,<500k,Toyota,False,HILUX REVO,False,__OTHER__,True,True
18996438,Toyota,VIOS,G,2011,197500,128000.000000,-94789.647810,222789.647810,222789.647810,174.054412,<500k,Toyota,False,VIOS,False,G,False,False
19277960,Honda,FREED,EL,2012,192500,249000.000000,-94576.454906,343576.454906,343576.454906,137.982512,<500k,Honda,False,__OTHER__,True,EL,False,True
19049975,Honda,CR-V,E,2010,297500,188000.000000,-94446.163801,282446.163801,282446.163801,150.237321,<500k,Honda,False,CR-V,False,E,False,False
18785633,Mazda,BT-50 PRO,Hi-Racer Double Cab,2018,2500,359000.000000,-94377.595071,453377.595071,453377.595071,126.289024,<500k,Mazda,False,__OTHER__,True,__OTHER__,True,True
15148579,Honda,JAZZ,S,2012,187500,219000.000000,-94376.090375,313376.090375,313376.090375,143.094105,<500k,Honda,False,JAZZ,False,S,False,False
18491492,Nissan,Frontier Navara,SV LE Double Cab,2012,162500,289000.000000,-94311.560088,383311.560088,383311.560088,132.633758,<500k,Nissan,False,__OTHER__,True,__OTHER__,True,True
9092342,Suzuki,CARRY,,2017,2500,199000.000000,-94134.526397,293134.526397,293134.526397,147.303782,<500k,Suzuki,False,__OTHER__,True,__MISSING__,False,True
19229644,Suzuki,CARRY,,2018,90000,159000.000000,-94072.472154,253072.472154,253072.472154,159.165077,<500k,Suzuki,False,__OTHER__,True,__MISSING__,False,True
19331787,Nissan,ALMERA,E,2013,267500,119000.000000,-93815.824156,212815.824156,212815.824156,178.836827,<500k,Nissan,False,ALMERA,False,E,False,False
16786925,Ford,RANGER,XLS Open Cab,2011,297500,129000.000000,-93711.408333,222711.408333,222711.408333,172.644503,<500k,Ford,False,RANGER,False,__OTHER__,True,True
14187005,Mini,ONE,,2010,87500,540000.000000,-93634.544385,633634.544385,633634.544385,117.339730,500k-1M,Mini,False,__OTHER__,True,__MISSING__,False,True
19126547,Mazda,2,Sports Spirit,2013,152500,148000.000000,-93085.460849,241085.460849,241085.460849,162.895582,<500k,Mazda,False,2,False,__OTHER__,True,True
19115562,Toyota,HILUX REVO,J Plus Smart Cab (SWB),2015,336063,319000.000000,-92881.660716,411881.660716,411881.660716,129.116508,<500k,Toyota,False,HILUX REVO,False,__OTHER__,True,True
18700663,Toyota,HILUX REVO,Prerunner TRD Sportivo Smart Cab,2017,162500,525000.000000,-92695.931936,617695.931936,617695.931936,117.656368,500k-1M,Toyota,False,HILUX REVO,False,__OTHER__,True,True
18504840,Mazda,BT-50,S Hi-Racer Double Cab,2021,47500,485000.000000,-92472.070336,577472.070336,577472.070336,119.066406,<500k,Mazda,False,__OTHER__,True,__OTHER__,True,True
18649605,Toyota,HILUX REVO,G Prerunner Double Cab,2017,162000,499000.000000,-92258.855900,591258.855900,591258.855900,118.488749,<500k,Toyota,False,HILUX REVO,False,__OTHER__,True,True
18970896,Mitsubishi,TRITON,GLS Plus Double Cab,2016,147129,369000.000000,-92162.648155,461162.648155,461162.648155,124.976327,<500k,Mitsubishi,False,TRITON,False,__OTHER__,True,True
18671793,Mercedes-Benz,C180 Kompressor,Elegance,2006,217500,99000.000000,-92038.290406,191038.290406,191038.290406,192.967970,<500k,Mercedes-Benz,False,__OTHER__,True,__OTHER__,True,True
15478472,Mazda,BT-50 PRO,Hi-Racer Freestyle Cab,2016,142500,289000.000000,-91610.222979,380610.222979,380610.222979,131.699039,<500k,Mazda,False,__OTHER__,True,__OTHER__,True,True
19312677,Nissan,MARCH,VL,2011,202500,95000.000000,-91536.944953,186536.944953,186536.944953,196.354679,<500k,Nissan,False,__OTHER__,True,__OTHER__,True,True
19088393,Nissan,ALMERA,V,2013,122500,100000.000000,-91465.599688,191465.599688,191465.599688,191.465600,<500k,Nissan,False,ALMERA,False,V,False,False
18362543,Toyota,YARIS,E,2007,242500,100000.000000,-91110.549158,191110.549158,191110.549158,191.110549,<500k,Toyota,False,YARIS,False,E,False,False
6394576,Chevrolet,CAPTIVA,LSX,2012,2500,187000.000000,-90961.266365,277961.266365,277961.266365,148.642388,<500k,Chevrolet,False,__OTHER__,True,__OTHER__,True,True
19141852,Mazda,2,Elegance Spirit,2012,97500,189000.000000,-90877.140218,279877.140218,279877.140218,148.083143,<500k,Mazda,False,2,False,__OTHER__,True,True
19095628,Toyota,HILUX REVO,Prerunner TRD Sportivo Double Cab,2016,72500,500000.000000,-90572.606000,590572.606000,590572.606000,118.114521,500k-1M,Toyota,False,HILUX REVO,False,__OTHER__,True,True
18836293,Suzuki,Ciaz,GL,2015,192500,168000.000000,-90538.389349,258538.389349,258538.389349,153.891898,<500k,Suzuki,False,__OTHER__,True,__OTHER__,True,True
19254618,MG,MG5,Turbo X Sunroof,2017,122500,159000.000000,-90325.051839,249325.051839,249325.051839,156.808209,<500k,MG,False,MG5,False,__OTHER__,True,True
19154846,Toyota,Corolla Altis,G,2010,137500,209000.000000,-90097.149504,299097.149504,299097.149504,143.108684,<500k,Toyota,False,Corolla Altis,False,G,False,False
18908703,Mazda,RX-8,,2003,152500,468000.000000,-89558.763904,557558.763904,557558.763904,119.136488,<500k,Mazda,False,__OTHER__,True,__MISSING__,False,True
18721420,Mazda,2,Sports Groove,2013,143741,158000.000000,-89291.632343,247291.632343,247291.632343,156.513691,<500k,Mazda,False,2,False,__OTHER__,True,True
18661061,Mazda,CX-5,C,2013,192500,249000.000000,-89240.005564,338240.005564,338240.005564,135.839360,<500k,Mazda,False,CX-5,False,__OTHER__,True,True
18942237,Nissan,Note,VL,2017,101271,259000.000000,-89072.309247,348072.309247,348072.309247,134.390853,<500k,Nissan,False,__OTHER__,True,__OTHER__,True,True
8832268,Chevrolet,CAPTIVA,LT,2012,100,249000.000000,-88863.301394,337863.301394,337863.301394,135.688073,<500k,Chevrolet,False,__OTHER__,True,__OTHER__,True,True
18995308,Mazda,BT-50,SP Hi-Racer Double Cab,2021,17500,509000.000000,-88770.703807,597770.703807,597770.703807,117.440217,500k-1M,Mazda,False,__OTHER__,True,__OTHER__,True,True
19292248,Toyota,HIACE,VVTi,2010,282124,349000.000000,-88706.787422,437706.787422,437706.787422,125.417418,<500k,Toyota,False,__OTHER__,True,__OTHER__,True,True
19232181,Toyota,HILUX VIGO,Champ E Prerunner Double Cab,2013,292500,329000.000000,-88537.372365,417537.372365,417537.372365,126.911055,<500k,Toyota,False,__OTHER__,True,__OTHER__,True,True
18766813,Audi,e-tron,Sportback 55 Quattro S line,2021,49000,1690000.000000,-88402.509952,1778402.509952,1778402.509952,105.230918,1M-3M,Audi,False,__OTHER__,True,__OTHER__,True,True
19230892,Honda,CIVIC,E,2008,217500,147000.000000,-88346.445845,235346.445845,235346.445845,160.099623,<500k,Honda,False,CIVIC,False,E,False,False
19165831,Mazda,BT-50 PRO,Thunder Hi-Racer Double Cab,2019,52500,395000.000000,-87920.903251,482920.903251,482920.903251,122.258457,<500k,Mazda,False,__OTHER__,True,__OTHER__,True,True
19233600,Toyota,VIOS,E,2009,2500,139000.000000,-87607.221928,226607.221928,226607.221928,163.026778,<500k,Toyota,False,VIOS,False,E,False,False
19064307,Toyota,VIOS,E,2011,157500,168000.000000,-87535.461520,255535.461520,255535.461520,152.104441,<500k,Toyota,False,VIOS,False,E,False,False
19304183,Mitsubishi,TRITON,GLS Plus Double Cab,2016,167500,348000.000000,-87446.804389,435446.804389,435446.804389,125.128392,<500k,Mitsubishi,False,TRITON,False,__OTHER__,True,True
19261828,Toyota,HILUX VIGO,Champ G Double Cab,2012,237500,269000.000000,-87294.085987,356294.085987,356294.085987,132.451333,<500k,Toyota,False,__OTHER__,True,__OTHER__,True,True
18712693,Toyota,VIOS,J,2013,207500,219000.000000,-87131.722813,306131.722813,306131.722813,139.786175,<500k,Toyota,False,VIOS,False,__OTHER__,True,True
18469632,Toyota,VIOS,J,2013,207500,189000.000000,-87131.722813,276131.722813,276131.722813,146.101441,<500k,Toyota,False,VIOS,False,__OTHER__,True,True
19139179,Toyota,HILUX VIGO,Champ E Double Cab Prerunner (ABS),2012,177500,329000.000000,-87083.440258,416083.440258,416083.440258,126.469131,<500k,Toyota,False,__OTHER__,True,__OTHER__,True,True
14270592,Toyota,VIOS,E,2011,152500,168000.000000,-87027.570650,255027.570650,255027.570650,151.802125,<500k,Toyota,False,VIOS,False,E,False,False
19180027,Mazda,2,Elegance Spirit,2012,97500,69000.000000,-87014.270731,156014.270731,156014.270731,226.107639,<500k,Mazda,False,2,False,__OTHER__,True,True
18570811,Suzuki,Ciaz,GL,2015,162500,169000.000000,-86837.022820,255837.022820,255837.022820,151.382854,<500k,Suzuki,False,__OTHER__,True,__OTHER__,True,True
18957877,Mitsubishi,TRITON,GLS Plus Ltd Double Cab,2017,224159,370000.000000,-86811.091212,456811.091212,456811.091212,123.462457,<500k,Mitsubishi,False,TRITON,False,__OTHER__,True,True
19250223,Chevrolet,CRUZE,LTZ,2011,12500,119000.000000,-86808.316725,205808.316725,205808.316725,172.948165,<500k,Chevrolet,False,__OTHER__,True,__OTHER__,True,True
19304581,Nissan,ALMERA,VL,2014,162500,199000.000000,-86707.353427,285707.353427,285707.353427,143.571534,<500k,Nissan,False,ALMERA,False,__OTHER__,True,True
18694637,Nissan,ALMERA,VL,2014,162500,165000.000000,-86707.353427,251707.353427,251707.353427,152.549911,<500k,Nissan,False,ALMERA,False,__OTHER__,True,True
19304485,Nissan,ALMERA,VL,2014,162500,159000.000000,-86707.353427,245707.353427,245707.353427,154.532927,<500k,Nissan,False,ALMERA,False,__OTHER__,True,True
19301582,Nissan,ALMERA,VL,2014,162500,145000.000000,-86707.353427,231707.353427,231707.353427,159.798175,<500k,Nissan,False,ALMERA,False,__OTHER__,True,True
18906931,Isuzu,D-MAX,S Cab-4,2017,138346,399000.000000,-86478.488436,485478.488436,485478.488436,121.673807,<500k,Isuzu,False,D-MAX,False,__OTHER__,True,True
19157746,Chevrolet,CAPTIVA,LSX,2014,172500,179000.000000,-86466.397523,265466.397523,265466.397523,148.305250,<500k,Chevrolet,False,__OTHER__,True,__OTHER__,True,True
17954666,Honda,CR-V,DT E,2018,197500,555000.000000,-86457.617736,641457.617736,641457.617736,115.577949,500k-1M,Honda,False,CR-V,False,__OTHER__,True,True
19099678,Toyota,YARIS,E,2014,242432,229000.000000,-86419.724303,315419.724303,315419.724303,137.737871,<500k,Toyota,False,YARIS,False,E,False,False
19031606,Toyota,VIOS,G,2011,157500,168000.000000,-86209.630054,254209.630054,254209.630054,151.315256,<500k,Toyota,False,VIOS,False,G,False,False
18553729,Toyota,HIACE,D4D,2013,212500,499000.000000,-86186.183760,585186.183760,585186.183760,117.271780,<500k,Toyota,False,__OTHER__,True,__OTHER__,True,True
18507518,Isuzu,D-MAX,Hi-Lander Z Cab-4,2017,137500,499000.000000,-85738.955784,584738.955784,584738.955784,117.182155,<500k,Isuzu,False,D-MAX,False,__OTHER__,True,True
19109515,Nissan,LEAF,,2019,92500,295000.000000,-85703.507636,380703.507636,380703.507636,129.052036,<500k,Nissan,False,__OTHER__,True,__MISSING__,False,True
19081210,Toyota,Corolla Altis,G,2010,152500,149000.000000,-85674.041070,234674.041070,234674.041070,157.499356,<500k,Toyota,False,Corolla Altis,False,G,False,False
19221624,Honda,JAZZ,V,2011,177500,189000.000000,-85586.604582,274586.604582,274586.604582,145.283918,<500k,Honda,False,JAZZ,False,V,False,False
10656823,Audi,Q5,TFSI Quattro,2009,67500,509000.000000,-85584.104601,594584.104601,594584.104601,116.814166,500k-1M,Audi,False,__OTHER__,True,__OTHER__,True,True
17936376,Mazda,2,Sports High Plus,2015,97500,225000.000000,-85208.951217,310208.951217,310208.951217,137.870645,<500k,Mazda,False,2,False,__OTHER__,True,True
19290096,Isuzu,D-MAX,Hi-Lander Z Cab-4,2018,224345,445000.000000,-85104.331934,530104.331934,530104.331934,119.124569,<500k,Isuzu,False,D-MAX,False,__OTHER__,True,True
19252377,Toyota,VIOS,E,2012,237500,189000.000000,-84780.136229,273780.136229,273780.136229,144.857215,<500k,Toyota,False,VIOS,False,E,False,False
19328781,Mazda,BT-50 PRO,S Standard Cab,2016,82500,299000.000000,-84604.900044,383604.900044,383604.900044,128.295953,<500k,Mazda,False,__OTHER__,True,__OTHER__,True,True
19311824,Chevrolet,CAPTIVA,LS,2019,47500,310000.000000,-84557.307370,394557.307370,394557.307370,127.276551,<500k,Chevrolet,False,__OTHER__,True,__OTHER__,True,True
19242399,Mitsubishi,LANCER,GLXi,2011,162500,79000.000000,-84282.591909,163282.591909,163282.591909,206.686825,<500k,Mitsubishi,False,__OTHER__,True,__OTHER__,True,True
19327603,Mazda,2,Elegance Groove,2013,177500,109000.000000,-84258.945440,193258.945440,193258.945440,177.301785,<500k,Mazda,False,2,False,__OTHER__,True,True
19138494,Isuzu,D-MAX,Hi-Lander L Space Cab,2016,72500,339000.000000,-84071.172641,423071.172641,423071.172641,124.799756,<500k,Isuzu,False,D-MAX,False,__OTHER__,True,True
19298481,Toyota,CAMRY,V,2007,162500,195000.000000,-83706.755900,278706.755900,278706.755900,142.926541,<500k,Toyota,False,CAMRY,False,V,False,False
19050173,Isuzu,MU-X,DVD,2017,187500,485000.000000,-83675.304121,568675.304121,568675.304121,117.252640,<500k,Isuzu,False,MU-X,False,__OTHER__,True,True
19147399,Mini,COOPER,GP,2007,112500,385000.000000,-83637.141032,468637.141032,468637.141032,121.723933,<500k,Mini,False,__OTHER__,True,__OTHER__,True,True
19176642,Honda,JAZZ,SV (AS),2007,202500,140000.000000,-83614.730549,223614.730549,223614.730549,159.724808,<500k,Honda,False,JAZZ,False,__OTHER__,True,True
19160037,Toyota,AVANZA,G,2014,192500,289000.000000,-83597.274469,372597.274469,372597.274469,128.926393,<500k,Toyota,False,__OTHER__,True,G,False,True
19284883,Mazda,BT-50 PRO,Hi-Racer Double Cab,2019,47500,399000.000000,-83550.142895,482550.142895,482550.142895,120.939885,<500k,Mazda,False,__OTHER__,True,__OTHER__,True,True
19336287,Toyota,YARIS,Ace,2011,157500,156000.000000,-83386.033450,239386.033450,239386.033450,153.452586,<500k,Toyota,False,YARIS,False,__OTHER__,True,True
19329015,Mercedes-Benz,E200,Elegance,2004,162500,189000.000000,-83135.331843,272135.331843,272135.331843,143.986948,<500k,Mercedes-Benz,False,__OTHER__,True,__OTHER__,True,True
16175818,Nissan,Note,V,2017,132000,199000.000000,-82970.966362,281970.966362,281970.966362,141.693953,<500k,Nissan,False,__OTHER__,True,V,False,True
19054424,Mazda,2,Sports High Plus,2016,182500,219000.000000,-82961.516796,301961.516796,301961.516796,137.881971,<500k,Mazda,False,2,False,__OTHER__,True,True
19269315,Honda,FREED,E Sport Navi,2011,252500,279000.000000,-82384.235829,361384.235829,361384.235829,129.528400,<500k,Honda,False,__OTHER__,True,__OTHER__,True,True
19106976,Nissan,MARCH,E,2016,106132,199000.000000,-82280.803245,281280.803245,281280.803245,141.347137,<500k,Nissan,False,__OTHER__,True,E,False,True
19106546,Toyota,CAMRY,V,2008,242500,199000.000000,-82076.367230,281076.367230,281076.367230,141.244406,<500k,Toyota,False,CAMRY,False,V,False,False
19091044,Toyota,YARIS,G,2014,213180,249000.000000,-82046.392058,331046.392058,331046.392058,132.950358,<500k,Toyota,False,YARIS,False,G,False,False
19261030,Toyota,WISH,Q Limited,2008,212500,189000.000000,-82033.231945,271033.231945,271033.231945,143.403826,<500k,Toyota,False,__OTHER__,True,__OTHER__,True,True
19221539,Suzuki,Ciaz,RS,2016,181210,219000.000000,-81737.651942,300737.651942,300737.651942,137.323129,<500k,Suzuki,False,__OTHER__,True,RS,False,True
16344420,Suzuki,CARRY,,2019,52500,259000.000000,-81392.696624,340392.696624,340392.696624,131.425752,<500k,Suzuki,False,__OTHER__,True,__MISSING__,False,True
19245925,Kia,RIO,,2012,162500,139000.000000,-81098.091491,220098.091491,220098.091491,158.343951,<500k,Kia,False,__OTHER__,True,__MISSING__,False,True
19234687,Toyota,PRIUS,Hybrid Standard grade,2011,207500,219000.000000,-80836.486078,299836.486078,299836.486078,136.911637,<500k,Toyota,False,__OTHER__,True,__OTHER__,True,True
19214400,Honda,JAZZ,JP,2012,217500,249000.000000,-80828.358322,329828.358322,329828.358322,132.461188,<500k,Honda,False,JAZZ,False,__OTHER__,True,True
18862639,Honda,CIVIC,S,2010,192500,178000.000000,-80813.922106,258813.922106,258813.922106,145.401080,<500k,Honda,False,CIVIC,False,S,False,False
10171555,Honda,CR-V,E,2008,132500,187000.000000,-80788.597389,267788.597389,267788.597389,143.202458,<500k,Honda,False,CR-V,False,E,False,False
18748847,Toyota,HILUX REVO,E Plus Prerunner Double Cab,2017,148800,499000.000000,-80720.048558,579720.048558,579720.048558,116.176362,<500k,Toyota,False,HILUX REVO,False,__OTHER__,True,True
19233516,Mercedes-Benz,C200 Kompressor,Avantgarde,2003,157000,109000.000000,-80488.402391,189488.402391,189488.402391,173.842571,<500k,Mercedes-Benz,False,__OTHER__,True,__OTHER__,True,True
19036089,Toyota,HILUX VIGO,Champ E Prerunner Double Cab ABS (Navi),2013,277500,349000.000000,-80412.897403,429412.897403,429412.897403,123.040945,<500k,Toyota,False,__OTHER__,True,__OTHER__,True,True
17730911,Hyundai,SONATA,EL,2009,187500,119000.000000,-80374.048600,199374.048600,199374.048600,167.541217,<500k,Hyundai,False,__OTHER__,True,EL,False,True
19238842,Honda,CIVIC,S,2010,187500,179000.000000,-80306.031236,259306.031236,259306.031236,144.863705,<500k,Honda,False,CIVIC,False,S,False,False
19067354,Honda,CIVIC,Hybrid Navi,2013,112500,239000.000000,-80112.759457,319112.759457,319112.759457,133.519983,<500k,Honda,False,CIVIC,False,__OTHER__,True,True
16914738,Nissan,ALMERA,VL,2015,242500,139000.000000,-80089.158649,219089.158649,219089.158649,157.618100,<500k,Nissan,False,ALMERA,False,__OTHER__,True,True
19019252,Toyota,HILUX REVO,G Prerunner Double Cab,2017,172500,499000.000000,-80039.193658,579039.193658,579039.193658,116.039919,<500k,Toyota,False,HILUX REVO,False,__OTHER__,True,True
18813677,Toyota,HILUX REVO,G Prerunner Double Cab,2017,172500,499900.000000,-80039.193658,579939.193658,579939.193658,116.011041,<500k,Toyota,False,HILUX REVO,False,__OTHER__,True,True
18838623,Honda,CR-V,DT EL,2018,190000,545000.000000,-79901.477201,624901.477201,624901.477201,114.660822,500k-1M,Honda,False,CR-V,False,__OTHER__,True,True
18628204,Toyota,AVANZA,G,2012,17500,169000.000000,-79858.513468,248858.513468,248858.513468,147.253558,<500k,Toyota,False,__OTHER__,True,G,False,True
18816440,Toyota,Corolla Altis,G,2013,192500,169000.000000,-79303.811623,248303.811623,248303.811623,146.925332,<500k,Toyota,False,Corolla Altis,False,G,False,False
19258391,Toyota,CAMRY,G Extremo,2013,172500,289000.000000,-79100.491208,368100.491208,368100.491208,127.370412,<500k,Toyota,False,CAMRY,False,__OTHER__,True,True
19179799,Mazda,2,High Connect,2016,217500,267000.000000,-79013.652613,346013.652613,346013.652613,129.593128,<500k,Mazda,False,2,False,__OTHER__,True,True
19055556,Honda,City,V,2011,222500,187000.000000,-78743.014261,265743.014261,265743.014261,142.108564,<500k,Honda,False,City,False,V,False,False
18677146,Toyota,HILUX REVO,E Prerunner Double Cab,2016,88473,499000.000000,-78149.371937,577149.371937,577149.371937,115.661197,<500k,Toyota,False,HILUX REVO,False,__OTHER__,True,True
19159957,Suzuki,Ciaz,GL,2015,152500,148000.000000,-78095.502106,226095.502106,226095.502106,152.767231,<500k,Suzuki,False,__OTHER__,True,__OTHER__,True,True
19212723,Toyota,HILUX REVO,E Prerunner Double Cab,2018,237500,498000.000000,-77844.107314,575844.107314,575844.107314,115.631347,<500k,Toyota,False,HILUX REVO,False,__OTHER__,True,True
8746486,Chevrolet,CAPTIVA,LTZ,2014,162500,305000.000000,-77724.876810,382724.876810,382724.876810,125.483566,<500k,Chevrolet,False,__OTHER__,True,__OTHER__,True,True
19039969,Isuzu,D-MAX,Hi-Lander Z Space Cab (DVD),2017,152500,369000.000000,-77452.977863,446452.977863,446452.977863,120.989967,<500k,Isuzu,False,D-MAX,False,__OTHER__,True,True
17780644,Ford,RANGER,WildTrak Double Cab Hi-Rider,2013,227500,385000.000000,-77338.821169,462338.821169,462338.821169,120.088005,<500k,Ford,False,RANGER,False,__OTHER__,True,True
19303328,Mitsubishi,ATTRAGE,GLX,2014,152500,149000.000000,-77296.039231,226296.039231,226296.039231,151.876536,<500k,Mitsubishi,False,ATTRAGE,False,GLX,False,False
19033412,Toyota,YARIS,E,2009,100000,139000.000000,-77233.631622,216233.631622,216233.631622,155.563764,<500k,Toyota,False,YARIS,False,E,False,False
19177509,Toyota,Corolla Altis,G,2014,247500,269000.000000,-77217.880160,346217.880160,346217.880160,128.705532,<500k,Toyota,False,Corolla Altis,False,G,False,False
19262074,Toyota,AVANZA,G,2013,97500,228000.000000,-77103.188177,305103.188177,305103.188177,133.817188,<500k,Toyota,False,__OTHER__,True,G,False,True
19009184,Isuzu,D-MAX,Hi-Lander X-Series Z Cab-4,2017,127500,490000.000000,-76997.435070,566997.435070,566997.435070,115.713762,<500k,Isuzu,False,D-MAX,False,__OTHER__,True,True
16291820,Honda,ODYSSEY,VTi,2000,167500,199000.000000,-76924.974054,275924.974054,275924.974054,138.655766,<500k,Honda,False,__OTHER__,True,__OTHER__,True,True
19101488,Mitsubishi,MIRAGE,GLX,2012,192500,130000.000000,-76876.179154,206876.179154,206876.179154,159.135522,<500k,Mitsubishi,False,__OTHER__,True,GLX,False,True
19059130,Nissan,Note,V,2018,192500,204000.000000,-76842.195697,280842.195697,280842.195697,137.667743,<500k,Nissan,False,__OTHER__,True,V,False,True
19296016,Isuzu,D-MAX,S Cab-4,2017,157500,379000.000000,-76835.932112,455835.932112,455835.932112,120.273333,<500k,Isuzu,False,D-MAX,False,__OTHER__,True,True
18997469,Toyota,PRIUS,Hybrid Standard grade,2011,172500,228000.000000,-76627.228679,304627.228679,304627.228679,133.608434,<500k,Toyota,False,__OTHER__,True,__OTHER__,True,True
19338181,Honda,JAZZ,V,2011,162500,210000.000000,-76337.192999,286337.192999,286337.192999,136.351044,<500k,Honda,False,JAZZ,False,V,False,False
14200155,BMW,323i,SE,2001,297500,75000.000000,-76279.748187,151279.748187,151279.748187,201.706331,<500k,BMW,False,__OTHER__,True,__OTHER__,True,True
19253728,Toyota,VIOS,ES,2012,107500,189000.000000,-76266.876164,265266.876164,265266.876164,140.352845,<500k,Toyota,False,VIOS,False,__OTHER__,True,True
19235060,Isuzu,D-MAX,S Spark,2015,300000,249000.000000,-76253.940198,325253.940198,325253.940198,130.624072,<500k,Isuzu,False,D-MAX,False,__OTHER__,True,True
19339955,Toyota,CAMRY,Hybrid,2010,297500,190000.000000,-76253.077386,266253.077386,266253.077386,140.133199,<500k,Toyota,False,CAMRY,False,__OTHER__,True,True
19273036,MG,MG5,X,2018,102500,419000.000000,-76113.463077,495113.463077,495113.463077,118.165504,<500k,MG,False,MG5,False,X,False,False
18969291,Ford,RANGER,XLT Double Cab Hi-Rider,2014,182500,275000.000000,-76009.897177,351009.897177,351009.897177,127.639963,<500k,Ford,False,RANGER,False,__OTHER__,True,True
18570746,Suzuki,Ciaz,GL,2016,237500,189000.000000,-75848.067685,264848.067685,264848.067685,140.131253,<500k,Suzuki,False,__OTHER__,True,__OTHER__,True,True
18570643,Mazda,2,Sports High,2015,112500,249000.000000,-75798.036675,324798.036675,324798.036675,130.440979,<500k,Mazda,False,2,False,__OTHER__,True,True
18809110,Toyota,HILUX REVO,J Plus Double Cab,2017,147500,385000.000000,-75720.781378,460720.781378,460720.781378,119.667735,<500k,Toyota,False,HILUX REVO,False,__OTHER__,True,True
19201469,Honda,JAZZ,SV,2012,240000,249000.000000,-75583.525935,324583.525935,324583.525935,130.354830,<500k,Honda,False,JAZZ,False,SV,False,False
18713097,Nissan,MARCH,S,2018,107500,188000.000000,-75274.725711,263274.725711,263274.725711,140.039748,<500k,Nissan,False,__OTHER__,True,S,False,True
18248716,Isuzu,D-MAX,S Cab-4,2017,149942,399000.000000,-75216.896864,474216.896864,474216.896864,118.851353,<500k,Isuzu,False,D-MAX,False,__OTHER__,True,True
19223659,Mercedes-Benz,E200,NGT,2006,192500,215000.000000,-75172.294730,290172.294730,290172.294730,134.963858,<500k,Mercedes-Benz,False,__OTHER__,True,__OTHER__,True,True
19150898,Suzuki,SWIFT,GLX,2013,102500,179000.000000,-75025.889944,254025.889944,254025.889944,141.913905,<500k,Suzuki,False,SWIFT,False,GLX,False,False
18946519,Toyota,Corolla Altis,G,2013,187500,198000.000000,-74933.051266,272933.051266,272933.051266,137.844975,<500k,Toyota,False,Corolla Altis,False,G,False,False
19033273,Honda,CR-V,DT EL,2017,96430,578000.000000,-74657.428370,652657.428370,652657.428370,112.916510,500k-1M,Honda,False,CR-V,False,__OTHER__,True,True
19033229,Honda,CR-V,DT EL,2017,96340,578000.000000,-74578.754684,652578.754684,652578.754684,112.902899,500k-1M,Honda,False,CR-V,False,__OTHER__,True,True
18578070,Mazda,BT-50 PRO,Hi-Racer Double Cab,2019,101368,335000.000000,-74537.618636,409537.618636,409537.618636,122.250035,<500k,Mazda,False,__OTHER__,True,__OTHER__,True,True
19229977,Mitsubishi,TRITON,GLS Plus Double Cab,2016,122500,329000.000000,-74496.026277,403496.026277,403496.026277,122.643169,<500k,Mitsubishi,False,TRITON,False,__OTHER__,True,True
19138056,Mitsubishi,TRITON,GLS Plus Double Cab,2016,122500,395000.000000,-74496.026277,469496.026277,469496.026277,118.859753,<500k,Mitsubishi,False,TRITON,False,__OTHER__,True,True
19093024,Mitsubishi,Strada,GLX Super,2004,17500,108000.000000,-74460.991624,182460.991624,182460.991624,168.945363,<500k,Mitsubishi,False,__OTHER__,True,__OTHER__,True,True
18956548,Toyota,Corolla Altis,Esport,2014,343452,268000.000000,-74244.285122,342244.285122,342244.285122,127.703091,<500k,Toyota,False,Corolla Altis,False,__OTHER__,True,True
18960839,Mazda,2,High Connect,2015,124312,239000.000000,-74103.529874,313103.529874,313103.529874,131.005661,<500k,Mazda,False,2,False,__OTHER__,True,True
19191093,Mercedes-Benz,A170,Avantgarde,2007,108637,179000.000000,-74042.782900,253042.782900,253042.782900,141.364683,<500k,Mercedes-Benz,False,__OTHER__,True,__OTHER__,True,True
18691294,Toyota,HILUX VIGO,E Prerunner Double Cab,2011,100495,310000.000000,-73796.524877,383796.524877,383796.524877,123.805331,<500k,Toyota,False,__OTHER__,True,__OTHER__,True,True
19269096,Toyota,VIOS,E,2011,167500,139000.000000,-73753.786622,212753.786622,212753.786622,153.060278,<500k,Toyota,False,VIOS,False,E,False,False
18816001,Nissan,ALMERA,ES,2012,2500,159000.000000,-73557.677885,232557.677885,232557.677885,146.262690,<500k,Nissan,False,ALMERA,False,__OTHER__,True,True
18622391,Nissan,ALMERA,E,2012,92500,108000.000000,-73490.920194,181490.920194,181490.920194,168.047148,<500k,Nissan,False,ALMERA,False,E,False,False
19079211,Honda,JAZZ,SV,2012,237500,204000.000000,-73398.145756,277398.145756,277398.145756,135.979483,<500k,Honda,False,JAZZ,False,SV,False,False
19198678,Mazda,2,Sports Spirit,2012,67500,159000.000000,-72809.699659,231809.699659,231809.699659,145.792264,<500k,Mazda,False,2,False,__OTHER__,True,True
18545849,Toyota,Corolla Altis,E CNG,2012,179876,178000.000000,-72724.971545,250724.971545,250724.971545,140.856726,<500k,Toyota,False,Corolla Altis,False,__OTHER__,True,True
19335736,Honda,FREED,EL,2012,167500,318000.000000,-72722.653122,390722.653122,390722.653122,122.868759,<500k,Honda,False,__OTHER__,True,EL,False,True
18552797,Toyota,Landcruiser Prado,TZ,1998,390814,499000.000000,-72709.072417,571709.072417,571709.072417,114.570956,<500k,Toyota,False,__OTHER__,True,__OTHER__,True,True
18570794,Suzuki,Ciaz,GL,2017,316930,199000.000000,-72594.475713,271594.475713,271594.475713,136.479636,<500k,Suzuki,False,__OTHER__,True,__OTHER__,True,True
19095774,Nissan,Roox,S-Hybrid Turbo,2022,7500,799000.000000,-72297.587029,871297.587029,871297.587029,109.048509,500k-1M,Nissan,False,__OTHER__,True,__OTHER__,True,True
18106942,Mercedes-Benz,300GE,,1990,2500,4990000.000000,-72261.297595,5062261.297595,5062261.297595,101.448122,>=3M,Mercedes-Benz,False,__OTHER__,True,__MISSING__,False,True
13528657,Toyota,FORTUNER,V,2005,102500,298000.000000,-72209.142395,370209.142395,370209.142395,124.231256,<500k,Toyota,False,FORTUNER,False,V,False,False
19279657,Mazda,CX-5,S,2014,219251,289000.000000,-71983.511846,360983.511846,360983.511846,124.907790,<500k,Mazda,False,CX-5,False,S,False,False
14270341,Toyota,Corolla Altis,G,2010,142500,185000.000000,-71944.714249,256944.714249,256944.714249,138.889035,<500k,Toyota,False,Corolla Altis,False,G,False,False
18983655,Toyota,HILUX VIGO,Champ E TRD Sportivo Prerunner Double Cab,2013,242500,345000.000000,-71215.833896,416215.833896,416215.833896,120.642271,<500k,Toyota,False,__OTHER__,True,__OTHER__,True,True
18777013,Isuzu,D-MAX,Hi-Lander L Space Cab,2016,37500,399000.000000,-71011.239648,470011.239648,470011.239648,117.797303,<500k,Isuzu,False,D-MAX,False,__OTHER__,True,True
19284605,Toyota,FORTUNER,V,2006,222500,218000.000000,-70841.747532,288841.747532,288841.747532,132.496214,<500k,Toyota,False,FORTUNER,False,V,False,False
19237992,Suzuki,SWIFT,GLX,2013,97500,175000.000000,-70655.129587,245655.129587,245655.129587,140.374360,<500k,Suzuki,False,SWIFT,False,GLX,False,False
19089369,Isuzu,D-MAX,Hi-Lander Super Titanium Cab-4 (DVD),2011,282500,209000.000000,-70487.184263,279487.184263,279487.184263,133.725925,<500k,Isuzu,False,D-MAX,False,__OTHER__,True,True
18717729,Honda,CR-V,E,2009,182500,199000.000000,-70469.036082,269469.036082,269469.036082,135.411576,<500k,Honda,False,CR-V,False,E,False,False
17741317,Toyota,YARIS,G,2015,287500,289000.000000,-70463.013515,359463.013515,359463.013515,124.381666,<500k,Toyota,False,YARIS,False,G,False,False
19323555,Mazda,CX-5,S,2014,237500,239000.000000,-70400.523492,309400.523492,309400.523492,129.456286,<500k,Mazda,False,CX-5,False,S,False,False
19319926,Toyota,VIOS,J,2013,192500,170000.000000,-70156.572256,240156.572256,240156.572256,141.268572,<500k,Toyota,False,VIOS,False,__OTHER__,True,True
19176292,Nissan,Note,VL,2018,142500,249000.000000,-69960.623501,318960.623501,318960.623501,128.096636,<500k,Nissan,False,__OTHER__,True,__OTHER__,True,True
19268938,Nissan,ALMERA,V,2013,157500,99000.000000,-69822.443634,168822.443634,168822.443634,170.527721,<500k,Nissan,False,ALMERA,False,V,False,False
19202015,Toyota,Sport Rider,SR5 Limited,1999,242500,189000.000000,-69724.386433,258724.386433,258724.386433,136.891210,<500k,Toyota,False,__OTHER__,True,__OTHER__,True,True
18734149,Toyota,HIACE,D4D,2012,105949,520000.000000,-69594.766892,589594.766892,589594.766892,113.383609,500k-1M,Toyota,False,__OTHER__,True,__OTHER__,True,True
18975165,Honda,JAZZ,V,2012,272500,224000.000000,-69557.495263,293557.495263,293557.495263,131.052453,<500k,Honda,False,JAZZ,False,V,False,False
19281080,Mazda,2,Sports Standard,2016,162500,179000.000000,-69341.344856,248341.344856,248341.344856,138.738181,<500k,Mazda,False,2,False,__OTHER__,True,True
18796517,Chevrolet,CAPTIVA,LT,2020,117598,329000.000000,-69283.258782,398283.258782,398283.258782,121.058741,<500k,Chevrolet,False,__OTHER__,True,__OTHER__,True,True
14267476,Toyota,VIOS,G,2011,142500,195000.000000,-69234.479497,264234.479497,264234.479497,135.504861,<500k,Toyota,False,VIOS,False,G,False,False
19106889,Nissan,Note,V,2017,96091,259000.000000,-69116.429136,328116.429136,328116.429136,126.685880,<500k,Nissan,False,__OTHER__,True,V,False,True
18938930,Nissan,Note,V,2017,96091,259000.000000,-69116.429136,328116.429136,328116.429136,126.685880,<500k,Nissan,False,__OTHER__,True,V,False,True
19214218,Honda,CR-V,DT E,2018,177500,549000.000000,-68974.576309,617974.576309,617974.576309,112.563675,500k-1M,Honda,False,CR-V,False,__OTHER__,True,True
17749328,Isuzu,D-MAX,Hi-Lander X-Series Z-Prestige Cab-4,2017,122500,499000.000000,-68763.805226,567763.805226,567763.805226,113.780322,<500k,Isuzu,False,D-MAX,False,__OTHER__,True,True
19332900,Isuzu,MU-7,,2005,366416,175000.000000,-68687.395935,243687.395935,243687.395935,139.249941,<500k,Isuzu,False,__OTHER__,True,__MISSING__,False,True
19004162,Isuzu,D-MAX,Hi-Lander Z-Prestige Cab-4,2018,209979,429000.000000,-68683.393790,497683.393790,497683.393790,116.010115,<500k,Isuzu,False,D-MAX,False,__OTHER__,True,True
19199790,Isuzu,D-MAX,Cab-chassis Spark,2016,378705,278000.000000,-68503.718488,346503.718488,346503.718488,124.641625,<500k,Isuzu,False,D-MAX,False,__OTHER__,True,True
19277909,Toyota,Corolla Altis,G,2014,237500,259000.000000,-68476.359446,327476.359446,327476.359446,126.438749,<500k,Toyota,False,Corolla Altis,False,G,False,False
18792166,Isuzu,MU-X,DVD Navi DA,2018,257500,549000.000000,-68315.588629,617315.588629,617315.588629,112.443641,500k-1M,Isuzu,False,MU-X,False,__OTHER__,True,True
19170056,Isuzu,D-MAX,Hi-Lander X-Series Z-Prestige Cab-4,2017,117500,498000.000000,-68255.914357,566255.914357,566255.914357,113.706007,<500k,Isuzu,False,D-MAX,False,__OTHER__,True,True
19029965,Honda,CIVIC,E Wise Edition,2009,131571,135000.000000,-68193.646330,203193.646330,203193.646330,150.513812,<500k,Honda,False,CIVIC,False,__OTHER__,True,True
12311068,Mercedes-Benz,E200,,2006,192500,1.000000,-68187.158462,68188.158462,68188.158462,6818815.846208,<500k,Mercedes-Benz,False,__OTHER__,True,__MISSING__,False,True
19331953,Toyota,CAMRY,G Extremo,2014,247500,328000.000000,-68111.536074,396111.536074,396111.536074,120.765712,<500k,Toyota,False,CAMRY,False,__OTHER__,True,True
19205880,Toyota,YARIS,E,2014,191291,239000.000000,-68100.778320,307100.778320,307100.778320,128.494050,<500k,Toyota,False,YARIS,False,E,False,False
19220852,Nissan,ALMERA,VL Sportech,2014,145558,179000.000000,-68034.599548,247034.599548,247034.599548,138.008156,<500k,Nissan,False,ALMERA,False,__OTHER__,True,True
19285429,Honda,JAZZ,S,2012,187500,195000.000000,-67990.025276,262990.025276,262990.025276,134.866680,<500k,Honda,False,JAZZ,False,S,False,False
19153928,Toyota,VIOS,E,2010,172500,158000.000000,-67848.269733,225848.269733,225848.269733,142.941943,<500k,Toyota,False,VIOS,False,E,False,False
19154060,Toyota,VIOS,E,2010,172500,158000.000000,-67848.269733,225848.269733,225848.269733,142.941943,<500k,Toyota,False,VIOS,False,E,False,False
19177808,Isuzu,D-MAX,S Cab-4,2017,141360,327000.000000,-67714.923788,394714.923788,394714.923788,120.707928,<500k,Isuzu,False,D-MAX,False,__OTHER__,True,True
19254982,Toyota,CAMRY,G,2012,222500,259000.000000,-67644.986108,326644.986108,326644.986108,126.117755,<500k,Toyota,False,CAMRY,False,G,False,False
18590972,Chevrolet,CAPTIVA,LT,2019,52500,329000.000000,-67529.808736,396529.808736,396529.808736,120.525778,<500k,Chevrolet,False,__OTHER__,True,__OTHER__,True,True
18542483,Honda,CR-V,DT EL,2017,92500,569000.000000,-67359.141243,636359.141243,636359.141243,111.838162,500k-1M,Honda,False,CR-V,False,__OTHER__,True,True
18914674,Toyota,VIOS,E,2012,217500,139000.000000,-67297.094802,206297.094802,206297.094802,148.415176,<500k,Toyota,False,VIOS,False,E,False,False
18722931,Toyota,Corolla Altis,J,2013,157500,49000.000000,-66988.615195,115988.615195,115988.615195,236.711460,<500k,Toyota,False,Corolla Altis,False,__OTHER__,True,True
19104141,MG,Extender,Grand X,2020,142500,365000.000000,-66684.726783,431684.726783,431684.726783,118.269788,<500k,MG,False,__OTHER__,True,__OTHER__,True,True
18939678,Isuzu,D-MAX,Hi-Lander Stealth Z Cab-4,2018,207500,495000.000000,-66516.370805,561516.370805,561516.370805,113.437651,<500k,Isuzu,False,D-MAX,False,__OTHER__,True,True
17555013,Mitsubishi,PAJERO SPORT,GT,2010,297500,268000.000000,-66330.438375,334330.438375,334330.438375,124.750164,<500k,Mitsubishi,False,PAJERO SPORT,False,__OTHER__,True,True
18841007,Toyota,HILUX REVO,J Plus Double Cab,2017,162500,409000.000000,-66309.866837,475309.866837,475309.866837,116.212681,<500k,Toyota,False,HILUX REVO,False,__OTHER__,True,True
19104961,Toyota,VIOS,TRD Sportivo,2012,96064,215000.000000,-66270.073076,281270.073076,281270.073076,130.823290,<500k,Toyota,False,VIOS,False,__OTHER__,True,True
10542474,Honda,CR-V,E,2007,2500,169000.000000,-66222.384211,235222.384211,235222.384211,139.184843,<500k,Honda,False,CR-V,False,E,False,False
19034512,Ford,ECOSPORT,Titanium,2014,152500,149000.000000,-65983.384638,214983.384638,214983.384638,144.284151,<500k,Ford,False,__OTHER__,True,__OTHER__,True,True
18928291,Toyota,Sport Rider,Prerunner,1999,232500,105000.000000,-65970.671827,170970.671827,170970.671827,162.829211,<500k,Toyota,False,__OTHER__,True,__OTHER__,True,True
19317331,Isuzu,D-MAX,Hi-Lander Z-Prestige Cab-4,2018,232500,479000.000000,-65846.976977,544846.976977,544846.976977,113.746759,<500k,Isuzu,False,D-MAX,False,__OTHER__,True,True
19200988,Nissan,TEANA,230 JM,2004,197500,109000.000000,-65650.618500,174650.618500,174650.618500,160.229925,<500k,Nissan,False,__OTHER__,True,__OTHER__,True,True
19331066,Suzuki,Ciaz,RS,2016,162500,239000.000000,-65382.266687,304382.266687,304382.266687,127.356597,<500k,Suzuki,False,__OTHER__,True,RS,False,True
19324117,Suzuki,Ciaz,RS,2016,162500,210000.000000,-65382.266687,275382.266687,275382.266687,131.134413,<500k,Suzuki,False,__OTHER__,True,RS,False,True
19331214,Suzuki,Ciaz,RS,2016,162500,239000.000000,-65382.266687,304382.266687,304382.266687,127.356597,<500k,Suzuki,False,__OTHER__,True,RS,False,True
18954526,Nissan,Note,V,2017,117500,259000.000000,-65307.955220,324307.955220,324307.955220,125.215427,<500k,Nissan,False,__OTHER__,True,V,False,True
19309074,Toyota,HILUX VIGO,Champ E Double Cab Prerunner (ABS),2012,152500,389000.000000,-65229.638474,454229.638474,454229.638474,116.768545,<500k,Toyota,False,__OTHER__,True,__OTHER__,True,True
19174519,Suzuki,SWIFT,GA,2015,52500,259000.000000,-65120.045911,324120.045911,324120.045911,125.142875,<500k,Suzuki,False,SWIFT,False,__OTHER__,True,True
19174535,Suzuki,SWIFT,GA,2015,52500,259000.000000,-65120.045911,324120.045911,324120.045911,125.142875,<500k,Suzuki,False,SWIFT,False,__OTHER__,True,True
19253775,Honda,CR-V,DT EL,2018,177500,499999.000000,-65111.706822,565110.706822,565110.706822,113.022367,<500k,Honda,False,CR-V,False,__OTHER__,True,True
19024919,Mazda,2,Sports High Plus,2016,157500,249000.000000,-64970.584499,313970.584499,313970.584499,126.092604,<500k,Mazda,False,2,False,__OTHER__,True,True
19123565,Mazda,2,Sports High Connect,2016,157500,265000.000000,-64970.584499,329970.584499,329970.584499,124.517202,<500k,Mazda,False,2,False,__OTHER__,True,True
19106731,Nissan,JUKE,V,2014,211394,219000.000000,-64923.920041,283923.920041,283923.920041,129.645626,<500k,Nissan,False,__OTHER__,True,V,False,True
18744726,Honda,FREED,SE,2011,232500,269000.000000,-64901.194402,333901.194402,333901.194402,124.126838,<500k,Honda,False,__OTHER__,True,__OTHER__,True,True
18806234,Honda,CR-V,DT EL,2018,172500,575000.000000,-64603.815952,639603.815952,639603.815952,111.235446,500k-1M,Honda,False,CR-V,False,__OTHER__,True,True
11530299,Toyota,Sport Rider,S,2003,22500,199000.000000,-64522.938206,263522.938206,263522.938206,132.423587,<500k,Toyota,False,__OTHER__,True,S,False,True
19145962,Toyota,YARIS,G,2014,197500,259000.000000,-64476.818092,323476.818092,323476.818092,124.894524,<500k,Toyota,False,YARIS,False,G,False,False
19309049,Toyota,YARIS,G,2014,197500,245000.000000,-64476.818092,309476.818092,309476.818092,126.317069,<500k,Toyota,False,YARIS,False,G,False,False
18694908,Toyota,YARIS,G,2014,197500,245000.000000,-64476.818092,309476.818092,309476.818092,126.317069,<500k,Toyota,False,YARIS,False,G,False,False
19327513,BMW,320i,,2006,287500,159000.000000,-64406.439303,223406.439303,223406.439303,140.507195,<500k,BMW,False,__OTHER__,True,__MISSING__,False,True
19319707,Isuzu,MU-X,DVD Navi DA,2017,169801,578000.000000,-64340.817123,642340.817123,642340.817123,111.131629,500k-1M,Isuzu,False,MU-X,False,__OTHER__,True,True
19043874,Toyota,CAMRY,G Extremo,2013,160000,299000.000000,-64310.720830,363310.720830,363310.720830,121.508602,<500k,Toyota,False,CAMRY,False,__OTHER__,True,True
19079670,Isuzu,D-MAX,Hi-Lander Z Cab-4,2017,112500,459000.000000,-63885.154000,522885.154000,522885.154000,113.918334,<500k,Isuzu,False,D-MAX,False,__OTHER__,True,True
19265938,Audi,Q5,TFSI Quattro S line,2011,187500,329000.000000,-63767.697290,392767.697290,392767.697290,119.382279,<500k,Audi,False,__OTHER__,True,__OTHER__,True,True
19191227,Mitsubishi,TRITON,GLX Double Cab,2015,137500,305000.000000,-63644.510714,368644.510714,368644.510714,120.867053,<500k,Mitsubishi,False,TRITON,False,__OTHER__,True,True
19288785,Mitsubishi,TRITON,GLS Plus Ltd Double Cab,2017,197500,379000.000000,-63507.071142,442507.071142,442507.071142,116.756483,<500k,Mitsubishi,False,TRITON,False,__OTHER__,True,True
19187994,Honda,ACCORD,E,2008,297500,169000.000000,-63297.411480,232297.411480,232297.411480,137.454090,<500k,Honda,False,ACCORD,False,E,False,False
19036799,Nissan,ALMERA,VL,2013,48000,169000.000000,-63167.301744,232167.301744,232167.301744,137.377102,<500k,Nissan,False,ALMERA,False,__OTHER__,True,True
19166753,Nissan,ALMERA,S,2013,2500,99000.000000,-63165.676691,162165.676691,162165.676691,163.803714,<500k,Nissan,False,ALMERA,False,S,False,False
19179881,Nissan,ALMERA,V,2012,2500,129000.000000,-63117.711612,192117.711612,192117.711612,148.928459,<500k,Nissan,False,ALMERA,False,V,False,False
18308820,Nissan,ALMERA,E,2013,172500,98000.000000,-63009.855929,161009.855929,161009.855929,164.295771,<500k,Nissan,False,ALMERA,False,E,False,False
19021803,Honda,City,SV,2012,282500,227000.000000,-62691.685949,289691.685949,289691.685949,127.617483,<500k,Honda,False,City,False,SV,False,False
19009769,Isuzu,MU-X,DVD Navi DA,2017,227500,549000.000000,-62540.038937,611540.038937,611540.038937,111.391628,500k-1M,Isuzu,False,MU-X,False,__OTHER__,True,True
18785708,Mazda,2,Sports Groove,2013,117500,129000.000000,-62490.138352,191490.138352,191490.138352,148.441968,<500k,Mazda,False,2,False,__OTHER__,True,True
19172363,Mitsubishi,PAJERO SPORT,GT,2010,297500,240000.000000,-62467.568888,302467.568888,302467.568888,126.028154,<500k,Mitsubishi,False,PAJERO SPORT,False,__OTHER__,True,True
10308930,Mercedes-Benz,E200 Kompressor,Elegance,2004,2500,189000.000000,-62184.122146,251184.122146,251184.122146,132.901652,<500k,Mercedes-Benz,False,__OTHER__,True,__OTHER__,True,True
18589822,Toyota,Corolla Altis,TRD Sportivo,2013,237500,198000.000000,-62039.354831,260039.354831,260039.354831,131.333007,<500k,Toyota,False,Corolla Altis,False,__OTHER__,True,True
19339249,Mazda,BT-50,Hi-Racer Freestyle Cab,2011,2500,158000.000000,-62026.872524,220026.872524,220026.872524,139.257514,<500k,Mazda,False,__OTHER__,True,__OTHER__,True,True
18838935,Mitsubishi,TRITON,GLS Plus Double Cab,2016,112500,425000.000000,-61891.636077,486891.636077,486891.636077,114.562738,<500k,Mitsubishi,False,TRITON,False,__OTHER__,True,True
19139366,Isuzu,MU-X,DVD Navi DA,2017,162500,559000.000000,-61821.502337,620821.502337,620821.502337,111.059303,500k-1M,Isuzu,False,MU-X,False,__OTHER__,True,True
19037457,Ford,ECOSPORT,Titanium,2014,117500,198000.000000,-61774.127239,259774.127239,259774.127239,131.199054,<500k,Ford,False,__OTHER__,True,__OTHER__,True,True
19063428,Toyota,CAMRY,G Extremo,2013,152500,338000.000000,-61617.449781,399617.449781,399617.449781,118.230015,<500k,Toyota,False,CAMRY,False,__OTHER__,True,True
19227002,Toyota,VIOS,S,2014,220066,219000.000000,-61338.251450,280338.251450,280338.251450,128.008334,<500k,Toyota,False,VIOS,False,S,False,False
18965331,Suzuki,SWIFT,GL,2014,112500,159000.000000,-61226.273402,220226.273402,220226.273402,138.507090,<500k,Suzuki,False,SWIFT,False,__OTHER__,True,True
18823408,Suzuki,SWIFT,GL,2014,112500,179000.000000,-61226.273402,240226.273402,240226.273402,134.204622,<500k,Suzuki,False,SWIFT,False,__OTHER__,True,True
19106942,Nissan,Note,VL,2018,132241,269000.000000,-60992.697401,329992.697401,329992.697401,122.673865,<500k,Nissan,False,__OTHER__,True,__OTHER__,True,True
19324104,Toyota,CAMRY,G,2012,214795,269000.000000,-60909.644398,329909.644398,329909.644398,122.642990,<500k,Toyota,False,CAMRY,False,G,False,False
19134818,Toyota,VIOS,E,2013,297500,175000.000000,-60678.900024,235678.900024,235678.900024,134.673657,<500k,Toyota,False,VIOS,False,E,False,False
17025043,Toyota,YARIS,J,2014,62500,289000.000000,-60644.368110,349644.368110,349644.368110,120.984210,<500k,Toyota,False,YARIS,False,__OTHER__,True,True
8332238,Suzuki,SWIFT,GLX,2013,102500,190000.000000,-60553.781860,250553.781860,250553.781860,131.870412,<500k,Suzuki,False,SWIFT,False,GLX,False,False
18561737,Toyota,YARIS,E,2014,182500,199000.000000,-60416.107461,259416.107461,259416.107461,130.359853,<500k,Toyota,False,YARIS,False,E,False,False
19340039,Toyota,YARIS,E,2014,182500,178000.000000,-60416.107461,238416.107461,238416.107461,133.941633,<500k,Toyota,False,YARIS,False,E,False,False
18755443,Toyota,Corolla Altis,G,2014,232500,269000.000000,-60242.729602,329242.729602,329242.729602,122.395067,<500k,Toyota,False,Corolla Altis,False,G,False,False
19181929,Suzuki,SWIFT,GLX,2014,37500,219000.000000,-60076.794012,279076.794012,279076.794012,127.432326,<500k,Suzuki,False,SWIFT,False,GLX,False,False
18996944,Isuzu,D-MAX,Z Space Cab,2017,112500,329000.000000,-60022.284513,389022.284513,389022.284513,118.243855,<500k,Isuzu,False,D-MAX,False,__OTHER__,True,True
19315475,Mazda,2,Standard,2017,343000,179000.000000,-59930.898530,238930.898530,238930.898530,133.480949,<500k,Mazda,False,2,False,__OTHER__,True,True
19269626,Toyota,HILUX REVO,E Double Cab,2018,212500,399000.000000,-59853.175017,458853.175017,458853.175017,115.000796,<500k,Toyota,False,HILUX REVO,False,__OTHER__,True,True
19338111,Toyota,AVANZA,G,2013,77726,195000.000000,-59817.705118,254817.705118,254817.705118,130.675746,<500k,Toyota,False,__OTHER__,True,G,False,True
19078984,Chevrolet,CAPTIVA,LTZ,2014,146340,185000.000000,-59735.709850,244735.709850,244735.709850,132.289573,<500k,Chevrolet,False,__OTHER__,True,__OTHER__,True,True
18920417,MG,GS,X Sunroof (Two-Tone),2017,192500,199000.000000,-59647.973740,258647.973740,258647.973740,129.973856,<500k,MG,False,__OTHER__,True,__OTHER__,True,True
18750098,Nissan,LEAF,,2019,62500,250000.000000,-59478.945495,309478.945495,309478.945495,123.791578,<500k,Nissan,False,__OTHER__,True,__MISSING__,False,True
16940726,Isuzu,D-MAX,Hi-Lander Z-Prestige Cab-4,2017,137500,560000.000000,-59352.890685,619352.890685,619352.890685,110.598730,500k-1M,Isuzu,False,D-MAX,False,__OTHER__,True,True
19270772,Toyota,HILUX REVO,J Plus Smart Cab,2015,297500,279000.000000,-59171.734388,338171.734388,338171.734388,121.208507,<500k,Toyota,False,HILUX REVO,False,__OTHER__,True,True
19271047,Nissan,Note,V,2018,167707,210000.000000,-59032.212879,269032.212879,269032.212879,128.110578,<500k,Nissan,False,__OTHER__,True,V,False,True
18868945,Nissan,NP 300 Navara,Calibre EL King Cab,2014,292500,259000.000000,-58713.477879,317713.477879,317713.477879,122.669296,<500k,Nissan,False,__OTHER__,True,__OTHER__,True,True
19334342,Toyota,INNOVA,V,2005,212500,225000.000000,-58637.060179,283637.060179,283637.060179,126.060916,<500k,Toyota,False,INNOVA,False,V,False,False
19219015,Nissan,Note,V,2018,166963,269000.000000,-58381.843738,327381.843738,327381.843738,121.703288,<500k,Nissan,False,__OTHER__,True,V,False,True
18755136,Mitsubishi,ATTRAGE,GLS LTD,2013,112500,135000.000000,-58331.260388,193331.260388,193331.260388,143.208341,<500k,Mitsubishi,False,ATTRAGE,False,__OTHER__,True,True
18731995,Mitsubishi,ATTRAGE,GLS LTD,2013,112500,149000.000000,-58331.260388,207331.260388,207331.260388,139.148497,<500k,Mitsubishi,False,ATTRAGE,False,__OTHER__,True,True
19213447,Mitsubishi,ATTRAGE,GLS LTD,2013,112500,146000.000000,-58331.260388,204331.260388,204331.260388,139.952918,<500k,Mitsubishi,False,ATTRAGE,False,__OTHER__,True,True
19196601,Isuzu,MU-X,DVD,2017,158416,529000.000000,-58251.465277,587251.465277,587251.465277,111.011619,500k-1M,Isuzu,False,MU-X,False,__OTHER__,True,True
18406929,Toyota,HILUX REVO,J Plus Double Cab,2017,147500,390000.000000,-58185.391874,448185.391874,448185.391874,114.919331,<500k,Toyota,False,HILUX REVO,False,__OTHER__,True,True
18922030,Mitsubishi,MIRAGE,GLX,2016,142537,199000.000000,-58145.356563,257145.356563,257145.356563,129.218772,<500k,Mitsubishi,False,__OTHER__,True,GLX,False,True
18290133,Mitsubishi,MIRAGE,GLX,2016,142500,229000.000000,-58113.012937,287113.012937,287113.012937,125.376862,<500k,Mitsubishi,False,__OTHER__,True,GLX,False,True
19109718,Nissan,ALMERA,VL,2015,247500,145000.000000,-58073.853908,203073.853908,203073.853908,140.050934,<500k,Nissan,False,ALMERA,False,__OTHER__,True,True
19333340,Toyota,Corolla Altis,TRD Sportivo,2013,232500,189000.000000,-57668.594475,246668.594475,246668.594475,130.512484,<500k,Toyota,False,Corolla Altis,False,__OTHER__,True,True
12010060,Mitsubishi,TRITON,GLS Plus Double Cab,2016,107500,337000.000000,-57520.875720,394520.875720,394520.875720,117.068509,<500k,Mitsubishi,False,TRITON,False,__OTHER__,True,True
19130120,Nissan,Note,VL,2017,192500,249000.000000,-57325.330279,306325.330279,306325.330279,123.022221,<500k,Nissan,False,__OTHER__,True,__OTHER__,True,True
19299044,Honda,City,S,2012,232500,158000.000000,-57283.565469,215283.565469,215283.565469,136.255421,<500k,Honda,False,City,False,S,False,False
19020913,Nissan,JUKE,V,2014,202500,220000.000000,-57149.211519,277149.211519,277149.211519,125.976914,<500k,Nissan,False,__OTHER__,True,V,False,True
19257311,Nissan,LIVINA,V,2014,202500,139000.000000,-57149.211519,196149.211519,196149.211519,141.114541,<500k,Nissan,False,__OTHER__,True,V,False,True
18963551,Suzuki,Ciaz,RS,2017,240492,219000.000000,-57008.774550,276008.774550,276008.774550,126.031404,<500k,Suzuki,False,__OTHER__,True,RS,False,True
19331215,Nissan,ALMERA,V,2013,142500,119000.000000,-56710.162564,175710.162564,175710.162564,147.655599,<500k,Nissan,False,ALMERA,False,V,False,False
19077675,Toyota,CAMRY,G,2013,297500,199000.000000,-56656.030973,255656.030973,255656.030973,128.470367,<500k,Toyota,False,CAMRY,False,G,False,False
19337823,Nissan,MARCH,VL,2011,162500,129000.000000,-56570.862099,185570.862099,185570.862099,143.853381,<500k,Nissan,False,__OTHER__,True,__OTHER__,True,True
18325638,Mitsubishi,TRITON,Plus VG Turbo Double Cab,2014,67500,339000.000000,-56481.030594,395481.030594,395481.030594,116.661071,<500k,Mitsubishi,False,TRITON,False,__OTHER__,True,True
18972691,Toyota,YARIS,E,2014,177500,249000.000000,-56045.347104,305045.347104,305045.347104,122.508172,<500k,Toyota,False,YARIS,False,E,False,False
18811730,Mazda,2,Elegance Spirit,2012,57500,169000.000000,-55911.057364,224911.057364,224911.057364,133.083466,<500k,Mazda,False,2,False,__OTHER__,True,True
19112503,Ford,RANGER,WildTrak Double Cab Hi-Rider,2016,330221,378000.000000,-55902.663824,433902.663824,433902.663824,114.789065,<500k,Ford,False,RANGER,False,__OTHER__,True,True
19338858,Toyota,YARIS,J,2014,192500,189000.000000,-55862.988194,244862.988194,244862.988194,129.557137,<500k,Toyota,False,YARIS,False,__OTHER__,True,True
19292879,Honda,CR-V,DT E,2018,162500,538000.000000,-55862.295238,593862.295238,593862.295238,110.383326,500k-1M,Honda,False,CR-V,False,__OTHER__,True,True
19169357,Mitsubishi,TRITON,GLS Plus Mega Cab,2013,297500,209000.000000,-55836.984438,264836.984438,264836.984438,126.716260,<500k,Mitsubishi,False,TRITON,False,__OTHER__,True,True
18529128,Toyota,HARRIER,240G,2005,313000,199000.000000,-55722.654607,254722.654607,254722.654607,128.001334,<500k,Toyota,False,__OTHER__,True,__OTHER__,True,True
18829378,Honda,City,S,2013,292500,199000.000000,-55705.524875,254705.524875,254705.524875,127.992726,<500k,Honda,False,City,False,S,False,False
19216098,Mercedes-Benz,C180 Kompressor,Sport Edition,2007,297500,1.000000,-55704.812689,55705.812689,55705.812689,5570581.268896,<500k,Mercedes-Benz,False,__OTHER__,True,__OTHER__,True,True
19099487,Toyota,YARIS,G,2015,274943,259000.000000,-55623.416468,314623.416468,314623.416468,121.476223,<500k,Toyota,False,YARIS,False,G,False,False
19308743,Toyota,HILUX REVO,E Prerunner Double Cab,2018,237500,489000.000000,-55320.911702,544320.911702,544320.911702,111.313070,<500k,Toyota,False,HILUX REVO,False,__OTHER__,True,True
18583641,Toyota,HILUX VIGO,J,2009,222500,159000.000000,-55298.786261,214298.786261,214298.786261,134.779111,<500k,Toyota,False,__OTHER__,True,__OTHER__,True,True
17074427,Suzuki,CARRY,,2019,22500,299000.000000,-55168.134484,354168.134484,354168.134484,118.450881,<500k,Suzuki,False,__OTHER__,True,__MISSING__,False,True
19331007,Audi,Q5,TFSI Quattro,2009,2500,349000.000000,-55150.285062,404150.285062,404150.285062,115.802374,<500k,Audi,False,__OTHER__,True,__OTHER__,True,True
17841034,Isuzu,D-MAX,X-Series Z Space Cab,2017,102500,485000.000000,-55143.633286,540143.633286,540143.633286,111.369821,<500k,Isuzu,False,D-MAX,False,__OTHER__,True,True
15842451,Nissan,LEAF,,2019,57500,338000.000000,-55108.185139,393108.185139,393108.185139,116.304197,<500k,Nissan,False,__OTHER__,True,__MISSING__,False,True
18836985,Nissan,Note,V,2017,227500,199000.000000,-54957.490891,253957.490891,253957.490891,127.616830,<500k,Nissan,False,__OTHER__,True,V,False,True
19055491,Honda,CIVIC,S,2008,7500,149000.000000,-54661.120374,203661.120374,203661.120374,136.685316,<500k,Honda,False,CIVIC,False,S,False,False
19286725,Isuzu,D-MAX,Hi-Lander Cab-4,2005,297500,158000.000000,-54657.383982,212657.383982,212657.383982,134.593281,<500k,Isuzu,False,D-MAX,False,__OTHER__,True,True
19263740,Toyota,CAMRY,G,2012,207500,259000.000000,-54532.705037,313532.705037,313532.705037,121.055098,<500k,Toyota,False,CAMRY,False,G,False,False
18677296,Honda,JAZZ,V,2011,137500,169000.000000,-54483.391215,223483.391215,223483.391215,132.238693,<500k,Honda,False,JAZZ,False,V,False,False
19216936,Toyota,HILUX REVO,J Plus Double Cab,2017,118752,379000.000000,-54453.527118,433453.527118,433453.527118,114.367685,<500k,Toyota,False,HILUX REVO,False,__OTHER__,True,True
19154903,Ford,RANGER,WildTrak Double Cab Hi-Rider,2014,177500,368000.000000,-54103.747317,422103.747317,422103.747317,114.702105,<500k,Ford,False,RANGER,False,__OTHER__,True,True
19316352,Chevrolet,CAPTIVA,Premier,2020,100015,329000.000000,-53913.042911,382913.042911,382913.042911,116.386943,<500k,Chevrolet,False,__OTHER__,True,__OTHER__,True,True
18897625,Isuzu,MU-X,DVD Navi DA,2017,157500,559000.000000,-53587.872493,612587.872493,612587.872493,109.586381,500k-1M,Isuzu,False,MU-X,False,__OTHER__,True,True
18894306,Isuzu,MU-X,CD,2017,177500,579000.000000,-53535.524416,632535.524416,632535.524416,109.246205,500k-1M,Isuzu,False,MU-X,False,__OTHER__,True,True
19090968,Toyota,YARIS,E,2014,174566,229000.000000,-53480.584927,282480.584927,282480.584927,123.353967,<500k,Toyota,False,YARIS,False,E,False,False
19103936,Mitsubishi,MIRAGE,GLS,2017,150819,219000.000000,-53453.185359,272453.185359,272453.185359,124.407847,<500k,Mitsubishi,False,__OTHER__,True,__OTHER__,True,True
18459218,Mitsubishi,ATTRAGE,GLS,2015,130000,165000.000000,-53421.457940,218421.457940,218421.457940,132.376641,<500k,Mitsubishi,False,ATTRAGE,False,__OTHER__,True,True
19041575,Isuzu,D-MAX,Hi-Lander Stealth Z-Prestige Cab-4,2018,192500,550000.000000,-53404.089735,603404.089735,603404.089735,109.709834,500k-1M,Isuzu,False,D-MAX,False,__OTHER__,True,True
19149163,Toyota,HILUX REVO,E Double Cab,2017,117500,410000.000000,-53359.088725,463359.088725,463359.088725,113.014412,<500k,Toyota,False,HILUX REVO,False,__OTHER__,True,True
19331864,Mitsubishi,PAJERO SPORT,GT,2010,282500,218000.000000,-53218.157304,271218.157304,271218.157304,124.411999,<500k,Mitsubishi,False,PAJERO SPORT,False,__OTHER__,True,True
19217313,Toyota,Corolla Altis,E,2011,172500,169000.000000,-53193.681955,222193.681955,222193.681955,131.475551,<500k,Toyota,False,Corolla Altis,False,E,False,False
19233250,Nissan,TEANA,230 JM,2004,177500,85000.000000,-53155.383180,138155.383180,138155.383180,162.535745,<500k,Nissan,False,__OTHER__,True,__OTHER__,True,True
18863824,Nissan,PULSAR,V,2013,165274,198000.000000,-53052.052792,251052.052792,251052.052792,126.793966,<500k,Nissan,False,__OTHER__,True,V,False,True
18784486,Nissan,Frontier Navara,Calibre Sport Version Double Cab,2013,262500,187000.000000,-52937.928186,239937.928186,239937.928186,128.309053,<500k,Nissan,False,__OTHER__,True,__OTHER__,True,True
18297968,Honda,City,S,2012,227500,239000.000000,-52912.805112,291912.805112,291912.805112,122.139249,<500k,Honda,False,City,False,S,False,False
19143512,Isuzu,D-MAX,S Space Cab (ABS),2018,187500,339000.000000,-52896.198865,391896.198865,391896.198865,115.603598,<500k,Isuzu,False,D-MAX,False,__OTHER__,True,True
19258088,Isuzu,D-MAX,Hi-Lander L Space Cab,2018,187500,379000.000000,-52896.198865,431896.198865,431896.198865,113.956781,<500k,Isuzu,False,D-MAX,False,__OTHER__,True,True
19032545,Isuzu,D-MAX,X-Series Hi-Lander Z Cab-4,2018,187500,469000.000000,-52896.198865,521896.198865,521896.198865,111.278507,<500k,Isuzu,False,D-MAX,False,__OTHER__,True,True
16679461,Isuzu,D-MAX,S Space Cab,2018,187500,399000.000000,-52896.198865,451896.198865,451896.198865,113.257193,<500k,Isuzu,False,D-MAX,False,__OTHER__,True,True
18866808,Toyota,YARIS,E,2014,173859,239000.000000,-52862.559413,291862.559413,291862.559413,122.118226,<500k,Toyota,False,YARIS,False,E,False,False
19050970,Honda,ACCORD,EL,2012,297500,196000.000000,-52720.853423,248720.853423,248720.853423,126.898395,<500k,Honda,False,ACCORD,False,EL,False,False
18562966,Honda,CR-V,EL,2007,147500,179000.000000,-52687.497084,231687.497084,231687.497084,129.434356,<500k,Honda,False,CR-V,False,EL,False,False
18751495,Mitsubishi,Strada,STD,2004,247500,89000.000000,-52631.911859,141631.911859,141631.911859,159.136980,<500k,Mitsubishi,False,__OTHER__,True,__OTHER__,True,True
18755224,Nissan,JUKE,V,2014,227500,1.000000,-52616.948204,52617.948204,52617.948204,5261794.820386,<500k,Nissan,False,__OTHER__,True,V,False,True
17798445,Toyota,VIOS,E,2011,117500,188000.000000,-52569.378666,240569.378666,240569.378666,127.962435,<500k,Toyota,False,VIOS,False,E,False,False
18935201,Toyota,VIOS,S,2013,152500,188000.000000,-52439.587984,240439.587984,240439.587984,127.893398,<500k,Toyota,False,VIOS,False,S,False,False
19336221,Nissan,ALMERA,V,2013,137500,149000.000000,-52339.402207,201339.402207,201339.402207,135.127116,<500k,Nissan,False,ALMERA,False,V,False,False
19333608,Honda,JAZZ,S,2008,167500,149000.000000,-51948.611597,200948.611597,200948.611597,134.864840,<500k,Honda,False,JAZZ,False,S,False,False
19339939,Toyota,VIOS,E,2013,287500,175000.000000,-51937.379310,226937.379310,226937.379310,129.678502,<500k,Toyota,False,VIOS,False,E,False,False
18701194,Mazda,2,Sports High Plus,2016,142500,259000.000000,-51858.303429,310858.303429,310858.303429,120.022511,<500k,Mazda,False,2,False,__OTHER__,True,True
19228840,Toyota,HIACE,D4D,2013,197500,419000.000000,-51675.643699,470675.643699,470675.643699,112.333089,<500k,Toyota,False,__OTHER__,True,__OTHER__,True,True
19137557,Toyota,CAMRY,G,2013,297500,264000.000000,-51668.224865,315668.224865,315668.224865,119.571297,<500k,Toyota,False,CAMRY,False,G,False,False
19204198,Toyota,CAMRY,G,2013,297500,299000.000000,-51668.224865,350668.224865,350668.224865,117.280343,<500k,Toyota,False,CAMRY,False,G,False,False
19333409,Honda,FREED,E Sport Navi,2011,247500,258000.000000,-51627.410373,309627.410373,309627.410373,120.010624,<500k,Honda,False,__OTHER__,True,__OTHER__,True,True
19114765,Isuzu,D-MAX,Hi-Lander L Space Cab,2018,216145,389000.000000,-51550.219850,440550.219850,440550.219850,113.251985,<500k,Isuzu,False,D-MAX,False,__OTHER__,True,True
19254160,Honda,JAZZ,SV,2012,212500,185000.000000,-51544.343972,236544.343972,236544.343972,127.861808,<500k,Honda,False,JAZZ,False,SV,False,False
18927761,Toyota,YARIS,G,2014,182500,259000.000000,-51364.537022,310364.537022,310364.537022,119.831868,<500k,Toyota,False,YARIS,False,G,False,False
18640686,Honda,CR-V,DT EL,2018,187500,429000.000000,-51330.031924,480330.031924,480330.031924,111.965042,<500k,Honda,False,CR-V,False,__OTHER__,True,True
19237282,Isuzu,D-MAX,S Cab-4,2017,122500,389000.000000,-51228.415722,440228.415722,440228.415722,113.169259,<500k,Isuzu,False,D-MAX,False,__OTHER__,True,True
18686166,Audi,Q5,TFSI Quattro S line,2011,177500,349000.000000,-51163.307090,400163.307090,400163.307090,114.659973,<500k,Audi,False,__OTHER__,True,__OTHER__,True,True
17675027,Suzuki,SWIFT,GA,2012,152500,169000.000000,-51040.455209,220040.455209,220040.455209,130.201453,<500k,Suzuki,False,SWIFT,False,__OTHER__,True,True
19150704,Mitsubishi,PAJERO SPORT,GT,2009,222500,258000.000000,-50933.328411,308933.328411,308933.328411,119.741600,<500k,Mitsubishi,False,PAJERO SPORT,False,__OTHER__,True,True
17438124,Toyota,YARIS,G,2014,177500,259000.000000,-50856.646152,309856.646152,309856.646152,119.635771,<500k,Toyota,False,YARIS,False,G,False,False
13645565,Mazda,BT-50 PRO,Thunder Hi-Racer Double Cab,2019,10000,448000.000000,-50769.440219,498769.440219,498769.440219,111.332464,<500k,Mazda,False,__OTHER__,True,__OTHER__,True,True
19293548,Isuzu,D-MAX,Z Space Cab,2017,127500,369000.000000,-50611.369971,419611.369971,419611.369971,113.715818,<500k,Isuzu,False,D-MAX,False,__OTHER__,True,True
18961450,Isuzu,D-MAX,Hi-Lander L Cab-4,2017,127500,465000.000000,-50611.369971,515611.369971,515611.369971,110.884166,<500k,Isuzu,False,D-MAX,False,__OTHER__,True,True
19239437,Toyota,CAMRY,Hybrid Navi,2010,272500,169000.000000,-50536.406115,219536.406115,219536.406115,129.903199,<500k,Toyota,False,CAMRY,False,__OTHER__,True,True
19032183,Toyota,PRIUS,Hybrid Standard grade,2011,142500,199000.000000,-50402.666539,249402.666539,249402.666539,125.327973,<500k,Toyota,False,__OTHER__,True,__OTHER__,True,True
19158932,MG,GS,D (Two-Tone),2017,177500,180000.000000,-50398.562157,230398.562157,230398.562157,127.999201,<500k,MG,False,__OTHER__,True,__OTHER__,True,True
19105239,Isuzu,D-MAX,Hi-Lander Space Cab,2008,2500,218000.000000,-50387.879635,268387.879635,268387.879635,123.113706,<500k,Isuzu,False,D-MAX,False,__OTHER__,True,True
19280406,Subaru,XV,P,2012,162500,189000.000000,-50386.433572,239386.433572,239386.433572,126.659489,<500k,Subaru,False,__OTHER__,True,__OTHER__,True,True
19261123,Honda,ACCORD,EL,2006,267500,69888.000000,-49886.632838,119774.632838,119774.632838,171.380828,<500k,Honda,False,ACCORD,False,EL,False,False
18961353,Toyota,HILUX VIGO,Champ E Prerunner Double Cab,2013,222500,379000.000000,-49869.922982,428869.922982,428869.922982,113.158291,<500k,Toyota,False,__OTHER__,True,__OTHER__,True,True
18262712,Mazda,2,Sports High Plus,2015,52500,258000.000000,-49734.977493,307734.977493,307734.977493,119.277123,<500k,Mazda,False,2,False,__OTHER__,True,True
18321406,Mazda,2,Sports High Plus,2015,52500,258000.000000,-49734.977493,307734.977493,307734.977493,119.277123,<500k,Mazda,False,2,False,__OTHER__,True,True
18904365,Honda,CIVIC,S,2010,152500,187000.000000,-49710.708739,236710.708739,236710.708739,126.583267,<500k,Honda,False,CIVIC,False,S,False,False
19257234,Nissan,ALMERA,E,2013,152500,119000.000000,-49389.683989,168389.683989,168389.683989,141.503936,<500k,Nissan,False,ALMERA,False,E,False,False
18694644,Nissan,ALMERA,E,2013,152500,99000.000000,-49389.683989,148389.683989,148389.683989,149.888570,<500k,Nissan,False,ALMERA,False,E,False,False
18690004,Nissan,ALMERA,E,2013,152500,98000.000000,-49389.683989,147389.683989,147389.683989,150.397637,<500k,Nissan,False,ALMERA,False,E,False,False
19236518,Honda,CIVIC,S (AS),2010,227500,149000.000000,-49113.754798,198113.754798,198113.754798,132.962252,<500k,Honda,False,CIVIC,False,__OTHER__,True,True
17408542,Mercedes-Benz,C230 Kompressor,Elegance,2006,142500,188000.000000,-49000.080667,237000.080667,237000.080667,126.063873,<500k,Mercedes-Benz,False,__OTHER__,True,__OTHER__,True,True
18818968,Mitsubishi,ATTRAGE,GLS,2014,67500,125000.000000,-48951.248868,173951.248868,173951.248868,139.160999,<500k,Mitsubishi,False,ATTRAGE,False,__OTHER__,True,True
17396909,Audi,Q2,TFSI,2017,32500,599000.000000,-48879.689106,647879.689106,647879.689106,108.160215,500k-1M,Audi,False,__OTHER__,True,__OTHER__,True,True
19336223,Toyota,Corolla Altis,E,2011,167500,169000.000000,-48822.921598,217822.921598,217822.921598,128.889303,<500k,Toyota,False,Corolla Altis,False,E,False,False
19239378,Toyota,YARIS,RS,2012,142500,199000.000000,-48818.996247,247818.996247,247818.996247,124.532159,<500k,Toyota,False,YARIS,False,RS,False,False
19119477,Toyota,YARIS,RS,2012,142500,199000.000000,-48818.996247,247818.996247,247818.996247,124.532159,<500k,Toyota,False,YARIS,False,RS,False,False
19236036,Mitsubishi,TRITON,GLX Plus Double Cab,2016,117500,379000.000000,-48727.006929,427727.006929,427727.006929,112.856730,<500k,Mitsubishi,False,TRITON,False,__OTHER__,True,True
19194409,Mitsubishi,TRITON,GLX Plus Double Cab,2016,117500,379000.000000,-48727.006929,427727.006929,427727.006929,112.856730,<500k,Mitsubishi,False,TRITON,False,__OTHER__,True,True
19110372,Isuzu,D-MAX,S Space Cab,2016,7500,299000.000000,-48649.546994,347649.546994,347649.546994,116.270752,<500k,Isuzu,False,D-MAX,False,__OTHER__,True,True
19262143,Toyota,CAMRY,V,2009,297500,155000.000000,-48616.564560,203616.564560,203616.564560,131.365526,<500k,Toyota,False,CAMRY,False,V,False,False
18089512,Suzuki,CARRY,,2020,102500,237000.000000,-48549.939706,285549.939706,285549.939706,120.485207,<500k,Suzuki,False,__OTHER__,True,__MISSING__,False,True
18940389,Isuzu,D-MAX,Hi-Lander Stealth Z-Prestige Cab-4,2018,182500,484000.000000,-48525.438508,532525.438508,532525.438508,110.025917,<500k,Isuzu,False,D-MAX,False,__OTHER__,True,True
19304590,Toyota,INNOVA,G,2014,2500,279000.000000,-48511.248013,327511.248013,327511.248013,117.387544,<500k,Toyota,False,INNOVA,False,G,False,False
19304491,Toyota,INNOVA,G,2014,2500,249000.000000,-48511.248013,297511.248013,297511.248013,119.482429,<500k,Toyota,False,INNOVA,False,G,False,False
19294454,Toyota,CAMRY,G Extremo,2013,137500,339000.000000,-48505.168711,387505.168711,387505.168711,114.308309,<500k,Toyota,False,CAMRY,False,__OTHER__,True,True
19261674,Honda,CR-V,S,2011,192500,189000.000000,-48485.443616,237485.443616,237485.443616,125.653674,<500k,Honda,False,CR-V,False,S,False,False
19309924,Honda,JAZZ,Hybrid,2013,147500,168000.000000,-48334.317157,216334.317157,216334.317157,128.770427,<500k,Honda,False,JAZZ,False,__OTHER__,True,True
19115065,Isuzu,D-MAX,Hi-Lander L Space Cab,2017,124490,389000.000000,-47980.172237,436980.172237,436980.172237,112.334235,<500k,Isuzu,False,D-MAX,False,__OTHER__,True,True
19316811,Nissan,ALMERA,ES,2014,142500,128000.000000,-47826.053009,175826.053009,175826.053009,137.364104,<500k,Nissan,False,ALMERA,False,__OTHER__,True,True
18866648,Toyota,YARIS,E,2014,319902,229000.000000,-47633.093093,276633.093093,276633.093093,120.800477,<500k,Toyota,False,YARIS,False,E,False,False
18813858,Toyota,VIOS,E,2011,137500,129000.000000,-47529.224481,176529.224481,176529.224481,136.844360,<500k,Toyota,False,VIOS,False,E,False,False
19193564,Toyota,CAMRY,G,2013,292500,279000.000000,-47297.464509,326297.464509,326297.464509,116.952496,<500k,Toyota,False,CAMRY,False,G,False,False
18863374,Honda,City,SV,2011,207500,197000.000000,-47294.575985,244294.575985,244294.575985,124.007399,<500k,Honda,False,City,False,SV,False,False
19331641,Honda,CR-V,DT EL,2018,152500,579000.000000,-47120.774525,626120.774525,626120.774525,108.138303,500k-1M,Honda,False,CR-V,False,__OTHER__,True,True
19081197,Toyota,Corolla Altis,E CNG,2013,242500,158000.000000,-47054.640889,205054.640889,205054.640889,129.781418,<500k,Toyota,False,Corolla Altis,False,__OTHER__,True,True
19081193,Toyota,Corolla Altis,E CNG,2013,242500,158000.000000,-47054.640889,205054.640889,205054.640889,129.781418,<500k,Toyota,False,Corolla Altis,False,__OTHER__,True,True
19204012,Isuzu,D-MAX,Hi-Lander Z Space Cab,2017,97500,399000.000000,-46910.003443,445910.003443,445910.003443,111.756893,<500k,Isuzu,False,D-MAX,False,__OTHER__,True,True
19235253,Isuzu,D-MAX,Hi-Lander Z Space Cab,2017,97500,399000.000000,-46910.003443,445910.003443,445910.003443,111.756893,<500k,Isuzu,False,D-MAX,False,__OTHER__,True,True
17741389,Toyota,Corolla Altis,G,2014,212500,309000.000000,-46622.557662,355622.557662,355622.557662,115.088206,<500k,Toyota,False,Corolla Altis,False,G,False,False
19251839,Nissan,SYLPHY,E,2012,222500,168000.000000,-46534.040608,214534.040608,214534.040608,127.698834,<500k,Nissan,False,__OTHER__,True,E,False,True
19333309,Isuzu,D-MAX,Z Space Cab,2017,92500,258000.000000,-46402.112573,304402.112573,304402.112573,117.985315,<500k,Isuzu,False,D-MAX,False,__OTHER__,True,True
18870218,Toyota,YARIS,E,2014,230540,239000.000000,-46309.024931,285309.024931,285309.024931,119.376161,<500k,Toyota,False,YARIS,False,E,False,False
19200397,Toyota,CAMRY,G Extremo,2014,222500,318000.000000,-46257.734290,364257.734290,364257.734290,114.546457,<500k,Toyota,False,CAMRY,False,__OTHER__,True,True
19087051,Toyota,VIOS,ES,2012,97500,199000.000000,-46127.096460,245127.096460,245127.096460,123.179445,<500k,Toyota,False,VIOS,False,__OTHER__,True,True
15852450,Toyota,HILUX REVO,J Smart Cab,2015,282500,289000.000000,-46059.453318,335059.453318,335059.453318,115.937527,<500k,Toyota,False,HILUX REVO,False,__OTHER__,True,True
19188453,Toyota,YARIS,E,2008,2500,108000.000000,-46030.969539,154030.969539,154030.969539,142.621268,<500k,Toyota,False,YARIS,False,E,False,False
17376780,Toyota,VIOS,J,2014,272500,199000.000000,-46002.987974,245002.987974,245002.987974,123.117079,<500k,Toyota,False,VIOS,False,__OTHER__,True,True
18842731,Honda,CIVIC,S,2008,2500,159000.000000,-45302.553909,204302.553909,204302.553909,128.492172,<500k,Honda,False,CIVIC,False,S,False,False
18055737,Hyundai,Kona,Electric SE,2019,47500,339000.000000,-45155.450196,384155.450196,384155.450196,113.320192,<500k,Hyundai,False,__OTHER__,True,__OTHER__,True,True
19114995,Isuzu,D-MAX,Hi-Lander Z Space Cab,2017,95122,379000.000000,-44831.269817,423831.269817,423831.269817,111.828831,<500k,Isuzu,False,D-MAX,False,__OTHER__,True,True
18988934,Isuzu,MU-X,DVD,2017,167500,479000.000000,-44794.003703,523794.003703,523794.003703,109.351567,<500k,Isuzu,False,MU-X,False,__OTHER__,True,True
17431109,Isuzu,D-MAX,S Cab-4,2016,2500,369000.000000,-44278.786637,413278.786637,413278.786637,111.999671,<500k,Isuzu,False,D-MAX,False,__OTHER__,True,True
19206365,Isuzu,D-MAX,Hi-Lander Z Cab-4 (DVD),2016,2500,429000.000000,-44278.786637,473278.786637,473278.786637,110.321395,<500k,Isuzu,False,D-MAX,False,__OTHER__,True,True
18406077,Isuzu,MU-X,DVD,2017,172500,529000.000000,-44176.957952,573176.957952,573176.957952,108.351032,500k-1M,Isuzu,False,MU-X,False,__OTHER__,True,True
14690372,Toyota,INNOVA,Crysta E,2019,192500,438000.000000,-43708.698687,481708.698687,481708.698687,109.979155,<500k,Toyota,False,INNOVA,False,__OTHER__,True,True
19081976,Ford,RANGER,XLT Open Cab Hi-Rider,2017,434000,259000.000000,-43684.866052,302684.866052,302684.866052,116.866744,<500k,Ford,False,RANGER,False,__OTHER__,True,True
19040315,MG,ZS,EV X,2022,97500,393000.000000,-43128.029223,436128.029223,436128.029223,110.974053,<500k,MG,False,ZS,False,__OTHER__,True,True
19176314,Honda,FREED,SE,2011,207500,259000.000000,-43047.392618,302047.392618,302047.392618,116.620615,<500k,Honda,False,__OTHER__,True,__OTHER__,True,True
17930202,Mazda,2,Sports High Connect,2016,162500,249000.000000,-42955.279757,291955.279757,291955.279757,117.251116,<500k,Mazda,False,2,False,__OTHER__,True,True
19284698,Toyota,HILUX VIGO,Champ E Prerunner Double Cab,2014,297500,329000.000000,-42743.837334,371743.837334,371743.837334,112.992048,<500k,Toyota,False,__OTHER__,True,__OTHER__,True,True
19156552,Mazda,2,Sports Spirit,2012,2500,169000.000000,-42375.880119,211375.880119,211375.880119,125.074485,<500k,Mazda,False,2,False,__OTHER__,True,True
19136595,Toyota,CAMRY,V,2008,172500,199000.000000,-42283.981226,241283.981226,241283.981226,121.248232,<500k,Toyota,False,CAMRY,False,V,False,False
19321479,Toyota,HILUX REVO,E Smart Cab,2015,282500,309000.000000,-42196.583831,351196.583831,351196.583831,113.655852,<500k,Toyota,False,HILUX REVO,False,__OTHER__,True,True
14577805,Suzuki,CARRY,,2019,7500,299000.000000,-42055.853414,341055.853414,341055.853414,114.065503,<500k,Suzuki,False,__OTHER__,True,__MISSING__,False,True
19284371,Suzuki,CARRY,,2021,182500,179000.000000,-41931.744928,220931.744928,220931.744928,123.425556,<500k,Suzuki,False,__OTHER__,True,__MISSING__,False,True
19339937,Mitsubishi,ATTRAGE,GLX,2014,107500,175000.000000,-41822.065507,216822.065507,216822.065507,123.898323,<500k,Mitsubishi,False,ATTRAGE,False,GLX,False,False
18894273,Toyota,LAND CRUISER,,1991,156568,1599000.000000,-41702.920168,1640702.920168,1640702.920168,102.608063,1M-3M,Toyota,False,__OTHER__,True,__MISSING__,False,True
19010846,Toyota,YARIS,E,2010,142500,138000.000000,-41697.603655,179697.603655,179697.603655,130.215655,<500k,Toyota,False,YARIS,False,E,False,False
19270559,Honda,CIVIC,S (AS),2008,17500,138000.000000,-41165.736398,179165.736398,179165.736398,129.830244,<500k,Honda,False,CIVIC,False,__OTHER__,True,True
18594156,Mitsubishi,MIRAGE,GLX,2016,127500,168000.000000,-41137.862380,209137.862380,209137.862380,124.486823,<500k,Mitsubishi,False,__OTHER__,True,GLX,False,True
19094094,Mitsubishi,TRITON,Mega Cab Plus VN TURBO,2012,217500,199000.000000,-41056.920225,240056.920225,240056.920225,120.631618,<500k,Mitsubishi,False,TRITON,False,__OTHER__,True,True
14921412,Mazda,BT-50,S Hi-Racer Double Cab,2022,50000,518000.000000,-40630.285640,558630.285640,558630.285640,107.843684,500k-1M,Mazda,False,__OTHER__,True,__OTHER__,True,True
18866839,Toyota,YARIS,G,2014,170009,259000.000000,-40445.503499,299445.503499,299445.503499,115.616025,<500k,Toyota,False,YARIS,False,G,False,False
18115108,Toyota,Corolla Altis,TRD Sportivo,2011,37500,247000.000000,-40309.661533,287309.661533,287309.661533,116.319701,<500k,Toyota,False,Corolla Altis,False,__OTHER__,True,True
12869573,Toyota,VIOS,G,2012,192500,199000.000000,-40254.592066,239254.592066,239254.592066,120.228438,<500k,Toyota,False,VIOS,False,G,False,False
18820948,Mitsubishi,PAJERO SPORT,GT,2010,267500,259000.000000,-40105.876234,299105.876234,299105.876234,115.484894,<500k,Mitsubishi,False,PAJERO SPORT,False,__OTHER__,True,True
18948183,Ford,FOCUS,Sport,2011,247500,89000.000000,-39861.401991,128861.401991,128861.401991,144.788092,<500k,Ford,False,__OTHER__,True,Sport,False,True
19333808,Isuzu,MU-X,DVD Navi DA,2017,167500,549000.000000,-39806.197595,588806.197595,588806.197595,107.250674,500k-1M,Isuzu,False,MU-X,False,__OTHER__,True,True
19084841,Honda,CR-V,S,2011,182500,219000.000000,-39743.922903,258743.922903,258743.922903,118.147910,<500k,Honda,False,CR-V,False,S,False,False
18166298,Mitsubishi,ATTRAGE,GLX,2015,192500,139000.000000,-39574.631086,178574.631086,178574.631086,128.470958,<500k,Mitsubishi,False,ATTRAGE,False,GLX,False,False
19252662,Mazda,2,Elegance Groove,2014,217500,159000.000000,-38811.798321,197811.798321,197811.798321,124.409936,<500k,Mazda,False,2,False,__OTHER__,True,True
19179779,Mazda,CX-5,C,2014,252500,275000.000000,-38752.704260,313752.704260,313752.704260,114.091892,<500k,Mazda,False,CX-5,False,__OTHER__,True,True
8856053,Chevrolet,CAPTIVA,LS,2020,112500,385000.000000,-38440.766423,423440.766423,423440.766423,109.984615,<500k,Chevrolet,False,__OTHER__,True,__OTHER__,True,True
18442350,Honda,CR-V,DT EL,2018,142500,739000.000000,-38379.253811,777379.253811,777379.253811,105.193404,500k-1M,Honda,False,CR-V,False,__OTHER__,True,True
19264205,Mitsubishi,MIRAGE,GLX,2017,237500,194000.000000,-38221.034130,232221.034130,232221.034130,119.701564,<500k,Mitsubishi,False,__OTHER__,True,GLX,False,True
19079371,Honda,CR-V,DT EL,2018,172500,459000.000000,-38217.750853,497217.750853,497217.750853,108.326307,<500k,Honda,False,CR-V,False,__OTHER__,True,True
19273589,Isuzu,D-MAX,Hi-Lander Z Cab-4,2017,87500,365000.000000,-38168.482729,403168.482729,403168.482729,110.457119,<500k,Isuzu,False,D-MAX,False,__OTHER__,True,True
14267485,Toyota,VIOS,G,2011,102500,195000.000000,-38131.266130,233131.266130,233131.266130,119.554495,<500k,Toyota,False,VIOS,False,G,False,False
16485964,Mitsubishi,ATTRAGE,GLS LTD,2015,112500,199000.000000,-38123.796692,237123.796692,237123.796692,119.157687,<500k,Mitsubishi,False,ATTRAGE,False,__OTHER__,True,True
19293156,Toyota,Yaris Ativ,J,2018,319205,180000.000000,-38054.538973,218054.538973,218054.538973,121.141411,<500k,Toyota,False,Yaris Ativ,False,__OTHER__,True,True
19082025,Toyota,VIOS,G,2013,277500,159000.000000,-38007.157644,197007.157644,197007.157644,123.903873,<500k,Toyota,False,VIOS,False,G,False,False
18934831,Mitsubishi,ATTRAGE,GLS LTD,2015,142500,139000.000000,-37962.293733,176962.293733,176962.293733,127.311003,<500k,Mitsubishi,False,ATTRAGE,False,__OTHER__,True,True
18776748,Mitsubishi,ATTRAGE,GLS LTD,2015,142500,145000.000000,-37962.293733,182962.293733,182962.293733,126.180892,<500k,Mitsubishi,False,ATTRAGE,False,__OTHER__,True,True
18715121,Mitsubishi,ATTRAGE,GLS LTD,2015,142500,155000.000000,-37962.293733,192962.293733,192962.293733,124.491802,<500k,Mitsubishi,False,ATTRAGE,False,__OTHER__,True,True
18714959,Mitsubishi,ATTRAGE,GLS LTD,2015,142500,157000.000000,-37962.293733,194962.293733,194962.293733,124.179805,<500k,Mitsubishi,False,ATTRAGE,False,__OTHER__,True,True
19158032,Mazda,3,C Sports,2014,247500,238000.000000,-37798.962912,275798.962912,275798.962912,115.881917,<500k,Mazda,False,3,False,__OTHER__,True,True
19210446,Toyota,PRIUS,Hybrid Top grade,2011,152500,219000.000000,-37745.928261,256745.928261,256745.928261,117.235584,<500k,Toyota,False,__OTHER__,True,__OTHER__,True,True
18703760,Isuzu,D-MAX,Hi-Lander Z Cab-4,2017,82500,465000.000000,-37660.591859,502660.591859,502660.591859,108.099052,<500k,Isuzu,False,D-MAX,False,__OTHER__,True,True
18308645,Land Rover,Series III,,1971,1278,1.000000,-37440.134444,37441.134444,37441.134444,3744113.444401,<500k,Land Rover,False,__OTHER__,True,__MISSING__,False,True
18421099,Mercedes-Benz,E200 Kompressor,Elegance,2007,242500,239000.000000,-37341.731704,276341.731704,276341.731704,115.624156,<500k,Mercedes-Benz,False,__OTHER__,True,__OTHER__,True,True
19217053,Mitsubishi,TRITON,GLS Plus Ltd Double Cab,2017,171581,369000.000000,-36987.054118,405987.054118,405987.054118,110.023592,<500k,Mitsubishi,False,TRITON,False,__OTHER__,True,True
19317479,Toyota,VIOS,J,2012,62500,139000.000000,-36930.032953,175930.032953,175930.032953,126.568369,<500k,Toyota,False,VIOS,False,__OTHER__,True,True
19212082,Toyota,HILUX VIGO,G Double Cab,2006,147500,385000.000000,-36904.602873,421904.602873,421904.602873,109.585611,<500k,Toyota,False,__OTHER__,True,__OTHER__,True,True
18910723,Toyota,AVANZA,S,2016,142500,299000.000000,-36876.454286,335876.454286,335876.454286,112.333262,<500k,Toyota,False,__OTHER__,True,S,False,True
18788660,Toyota,VIOS,J,2014,237500,237000.000000,-36805.924468,273805.924468,273805.924468,115.529926,<500k,Toyota,False,VIOS,False,__OTHER__,True,True
17665152,Toyota,FORTUNER,G,2005,490000,235000.000000,-36781.875833,271781.875833,271781.875833,115.651862,<500k,Toyota,False,FORTUNER,False,G,False,False
19147008,Ford,EVEREST,LTD,2007,252500,140000.000000,-36390.148863,176390.148863,176390.148863,125.992963,<500k,Ford,False,EVEREST,False,__OTHER__,True,True
19237951,Toyota,HILUX REVO,E Plus Prerunner Double Cab,2019,277500,469000.000000,-36259.829682,505259.829682,505259.829682,107.731307,<500k,Toyota,False,HILUX REVO,False,__OTHER__,True,True
19260548,Toyota,HILUX VIGO,Champ E Prerunner Double Cab ABS (Navi),2013,202500,369000.000000,-36249.751042,405249.751042,405249.751042,109.823781,<500k,Toyota,False,__OTHER__,True,__OTHER__,True,True
18934606,Toyota,HILUX REVO,Z Edition E Double Cab,2019,297500,429000.000000,-36207.481605,465207.481605,465207.481605,108.439972,<500k,Toyota,False,HILUX REVO,False,__OTHER__,True,True
19301562,Toyota,Corolla Altis,G,2015,292500,235000.000000,-36141.493397,271141.493397,271141.493397,115.379359,<500k,Toyota,False,Corolla Altis,False,G,False,False
18859251,Isuzu,MU-X,CD,2017,157500,579000.000000,-36052.482989,615052.482989,615052.482989,106.226681,500k-1M,Isuzu,False,MU-X,False,__OTHER__,True,True
18697824,Honda,CR-V,S,2011,172500,219000.000000,-35990.208297,254990.208297,254990.208297,116.433885,<500k,Honda,False,CR-V,False,S,False,False
19263075,Toyota,VIOS,S,2013,167500,224000.000000,-35836.586115,259836.586115,259836.586115,115.998476,<500k,Toyota,False,VIOS,False,S,False,False
19130633,Nissan,JUKE,V,2014,182500,197000.000000,-35803.300605,232803.300605,232803.300605,118.174264,<500k,Nissan,False,__OTHER__,True,V,False,True
19310833,Toyota,AVANZA,G,2014,137500,199000.000000,-35518.910545,234518.910545,234518.910545,117.848699,<500k,Toyota,False,__OTHER__,True,G,False,True
19294955,Toyota,CAMRY,G Extremo,2013,122500,360000.000000,-35392.887641,395392.887641,395392.887641,109.831358,<500k,Toyota,False,CAMRY,False,__OTHER__,True,True
18818940,Mazda,CX-5,S,2014,202500,257000.000000,-34817.394887,291817.394887,291817.394887,113.547624,<500k,Mazda,False,CX-5,False,S,False,False
18731782,Toyota,CAMRY,G,2013,272500,269000.000000,-34802.229189,303802.229189,303802.229189,112.937632,<500k,Toyota,False,CAMRY,False,G,False,False
18919042,Subaru,XV,,2012,142500,239000.000000,-34768.931472,273768.931472,273768.931472,114.547670,<500k,Subaru,False,__OTHER__,True,__MISSING__,False,True
19130311,Toyota,VIOS,J,2013,147500,189000.000000,-34682.598532,223682.598532,223682.598532,118.350581,<500k,Toyota,False,VIOS,False,__OTHER__,True,True
19076409,Toyota,VIOS,J,2013,147500,179999.000000,-34682.598532,214681.598532,214681.598532,119.268217,<500k,Toyota,False,VIOS,False,__OTHER__,True,True
19130202,Toyota,VIOS,J,2013,147500,189000.000000,-34682.598532,223682.598532,223682.598532,118.350581,<500k,Toyota,False,VIOS,False,__OTHER__,True,True
19334709,Toyota,Yaris Ativ,J,2017,197500,289000.000000,-34602.286714,323602.286714,323602.286714,111.973110,<500k,Toyota,False,Yaris Ativ,False,__OTHER__,True,True
19143321,Mazda,CX-5,C,2014,217500,269000.000000,-34543.446862,303543.446862,303543.446862,112.841430,<500k,Mazda,False,CX-5,False,__OTHER__,True,True
18667643,Honda,ACCORD,EL,2012,212500,239000.000000,-34519.275397,273519.275397,273519.275397,114.443211,<500k,Honda,False,ACCORD,False,EL,False,False
18932282,Toyota,HILUX VIGO,Champ E Prerunner Double Cab,2013,200461,369000.000000,-34467.354969,403467.354969,403467.354969,109.340747,<500k,Toyota,False,__OTHER__,True,__OTHER__,True,True
18813578,Toyota,Corolla Altis,Esport,2014,297500,279000.000000,-34075.249140,313075.249140,313075.249140,112.213351,<500k,Toyota,False,Corolla Altis,False,__OTHER__,True,True
19312206,Toyota,Corolla Altis,Esport,2014,297500,279000.000000,-34075.249140,313075.249140,313075.249140,112.213351,<500k,Toyota,False,Corolla Altis,False,__OTHER__,True,True
19289011,Honda,CR-V,DT EL,2018,137500,529000.000000,-34008.493455,563008.493455,563008.493455,106.428827,500k-1M,Honda,False,CR-V,False,__OTHER__,True,True
18869971,Honda,CR-V,DT EL,2018,137500,595000.000000,-34008.493455,629008.493455,629008.493455,105.715713,500k-1M,Honda,False,CR-V,False,__OTHER__,True,True
18909780,Honda,CIVIC,E,2009,212500,179000.000000,-33811.390101,212811.390101,212811.390101,118.889045,<500k,Honda,False,CIVIC,False,E,False,False
19237505,Mitsubishi,TRITON,GL CNG Single Cab,2011,217500,79000.000000,-33716.930293,112716.930293,112716.930293,142.679659,<500k,Mitsubishi,False,TRITON,False,__OTHER__,True,True
18813464,Toyota,HILUX REVO,E Plus Prerunner Double Cab,2018,182500,498000.000000,-33628.612876,531628.612876,531628.612876,106.752734,<500k,Toyota,False,HILUX REVO,False,__OTHER__,True,True
12498597,Mitsubishi,ATTRAGE,GLX,2014,102500,215000.000000,-33588.435663,248588.435663,248588.435663,115.622528,<500k,Mitsubishi,False,ATTRAGE,False,GLX,False,False
19130949,Nissan,LEAF,,2019,32500,299900.000000,-33254.383355,333154.383355,333154.383355,111.088491,<500k,Nissan,False,__OTHER__,True,__MISSING__,False,True
18939153,Isuzu,D-MAX,S Cab-4,2017,107500,349000.000000,-33128.328544,382128.328544,382128.328544,109.492358,<500k,Isuzu,False,D-MAX,False,__OTHER__,True,True
18819047,Nissan,ALMERA,ES,2013,77500,124000.000000,-32853.439810,156853.439810,156853.439810,126.494710,<500k,Nissan,False,ALMERA,False,__OTHER__,True,True
19154709,Toyota,CAMRY,G,2012,162500,298000.000000,-32731.251331,330731.251331,330731.251331,110.983641,<500k,Toyota,False,CAMRY,False,G,False,False
19232402,Nissan,Note,V,2018,137500,229000.000000,-32626.701260,261626.701260,261626.701260,114.247468,<500k,Nissan,False,__OTHER__,True,V,False,True
18854094,Toyota,VIOS,J,2013,145107,169000.000000,-32590.752625,201590.752625,201590.752625,119.284469,<500k,Toyota,False,VIOS,False,__OTHER__,True,True
19158247,Toyota,VIOS,E,2010,2500,139000.000000,-32455.120433,171455.120433,171455.120433,123.349008,<500k,Toyota,False,VIOS,False,E,False,False
18938960,Nissan,Note,VL,2018,129633,259000.000000,-32326.843701,291326.843701,291326.843701,112.481407,<500k,Nissan,False,__OTHER__,True,__OTHER__,True,True
19328722,Honda,FREED,E Sport,2010,107500,245000.000000,-32182.545969,277182.545969,277182.545969,113.135733,<500k,Honda,False,__OTHER__,True,__OTHER__,True,True
19338126,Toyota,YARIS,TRD Sportivo,2015,117500,265000.000000,-32172.371548,297172.371548,297172.371548,112.140518,<500k,Toyota,False,YARIS,False,__OTHER__,True,True
19315624,Toyota,YARIS,TRD Sportivo,2015,117500,289000.000000,-32172.371548,321172.371548,321172.371548,111.132308,<500k,Toyota,False,YARIS,False,__OTHER__,True,True
13256468,Toyota,HILUX VIGO,E Prerunner Double Cab,2006,167500,235000.000000,-31864.448688,266864.448688,266864.448688,113.559340,<500k,Toyota,False,__OTHER__,True,__OTHER__,True,True
19255501,Mazda,2,Elegance Maxx,2013,117500,125000.000000,-31809.821159,156809.821159,156809.821159,125.447857,<500k,Mazda,False,2,False,__OTHER__,True,True
18751704,Mitsubishi,MIRAGE,GLS,2012,332014,99999.000000,-31734.515613,131733.515613,131733.515613,131.734833,<500k,Mitsubishi,False,__OTHER__,True,__OTHER__,True,True
19330174,Isuzu,D-MAX,Hi-Lander Z-Prestige Cab-4,2018,187500,465000.000000,-31497.939874,496497.939874,496497.939874,106.773751,<500k,Isuzu,False,D-MAX,False,__OTHER__,True,True
19244761,Toyota,HILUX REVO,G Prerunner Double Cab,2017,116904,449000.000000,-31439.835099,480439.835099,480439.835099,107.002190,<500k,Toyota,False,HILUX REVO,False,__OTHER__,True,True
18362324,Toyota,HILUX REVO,E Prerunner Double Cab,2019,297500,469000.000000,-31219.675497,500219.675497,500219.675497,106.656647,<500k,Toyota,False,HILUX REVO,False,__OTHER__,True,True
18838821,Toyota,Yaris Ativ,S,2017,152500,329000.000000,-31174.868210,360174.868210,360174.868210,109.475644,<500k,Toyota,False,Yaris Ativ,False,S,False,False
19206000,Toyota,YARIS,G,2014,154959,249000.000000,-31152.384312,280152.384312,280152.384312,112.510998,<500k,Toyota,False,YARIS,False,G,False,False
19323928,Ford,FOCUS,Sport,2016,122500,219000.000000,-31097.028802,250097.028802,250097.028802,114.199557,<500k,Ford,False,__OTHER__,True,Sport,False,True
19300717,Isuzu,D-MAX,Hi-Lander L Cab-4,2016,17500,369000.000000,-31005.002609,400005.002609,400005.002609,108.402440,<500k,Isuzu,False,D-MAX,False,__OTHER__,True,True
18805008,Mitsubishi,TRITON,GLS Plus Ltd Double Cab,2017,160000,379000.000000,-30726.368467,409726.368467,409726.368467,108.107221,<500k,Mitsubishi,False,TRITON,False,__OTHER__,True,True
9092292,Suzuki,CARRY,,2018,17500,259000.000000,-30696.446981,289696.446981,289696.446981,111.851910,<500k,Suzuki,False,__OTHER__,True,__MISSING__,False,True
19120046,Renault,R-19,TXE,1992,297500,79000.000000,-30682.836832,109682.836832,109682.836832,138.839034,<500k,__OTHER__,True,__OTHER__,True,__OTHER__,True,True
19106978,Nissan,Note,V,2018,139667,259000.000000,-30658.119311,289658.119311,289658.119311,111.837112,<500k,Nissan,False,__OTHER__,True,V,False,True
19218898,Nissan,Note,V,2018,134977,279000.000000,-30421.215584,309421.215584,309421.215584,110.903661,<500k,Nissan,False,__OTHER__,True,V,False,True
19133918,Honda,JAZZ,V,2012,197500,219000.000000,-30382.155010,249382.155010,249382.155010,113.873130,<500k,Honda,False,JAZZ,False,V,False,False
17547754,Honda,JAZZ,V,2012,197500,219000.000000,-30382.155010,249382.155010,249382.155010,113.873130,<500k,Honda,False,JAZZ,False,V,False,False
19254171,Toyota,SIENTA,V,2016,242500,339000.000000,-30157.946352,369157.946352,369157.946352,108.896149,<500k,Toyota,False,__OTHER__,True,V,False,True
18668815,Honda,CR-V,DT EL,2018,137500,699000.000000,-30145.623968,729145.623968,729145.623968,104.312679,500k-1M,Honda,False,CR-V,False,__OTHER__,True,True
18557896,Toyota,HILUX REVO,G Prerunner Double Cab,2018,182500,434000.000000,-29765.743390,463765.743390,463765.743390,106.858466,<500k,Toyota,False,HILUX REVO,False,__OTHER__,True,True
18818062,Chevrolet,CAPTIVA,LT,2020,102500,274000.000000,-29699.245710,303699.245710,303699.245710,110.839141,<500k,Chevrolet,False,__OTHER__,True,__OTHER__,True,True
19323146,Toyota,YARIS,J,2014,162500,219000.000000,-29638.426053,248638.426053,248638.426053,113.533528,<500k,Toyota,False,YARIS,False,__OTHER__,True,True
19083903,Toyota,HILUX VIGO,Champ G Double Cab,2012,137500,289000.000000,-29594.161792,318594.161792,318594.161792,110.240194,<500k,Toyota,False,__OTHER__,True,__OTHER__,True,True
13176584,Mercedes-Benz,E220,Classic CDI,2004,304672,247000.000000,-29519.255918,276519.255918,276519.255918,111.951116,<500k,Mercedes-Benz,False,__OTHER__,True,__OTHER__,True,True
18575876,Toyota,YARIS,G,2014,177500,199000.000000,-29458.387161,228458.387161,228458.387161,114.803210,<500k,Toyota,False,YARIS,False,G,False,False
19115762,Toyota,HILUX REVO,J Smart Cab,2015,293526,289000.000000,-29311.788958,318311.788958,318311.788958,110.142488,<500k,Toyota,False,HILUX REVO,False,__OTHER__,True,True
17739072,Mini,COOPER,3-Door,2006,150109,425000.000000,-29300.636405,454300.636405,454300.636405,106.894267,<500k,Mini,False,__OTHER__,True,__OTHER__,True,True
18891241,Toyota,Corolla Altis,G,2014,192500,345000.000000,-29139.516235,374139.516235,374139.516235,108.446237,<500k,Toyota,False,Corolla Altis,False,G,False,False
19333191,Toyota,WISH,Q,2008,147500,249000.000000,-29076.216794,278076.216794,278076.216794,111.677195,<500k,Toyota,False,__OTHER__,True,__OTHER__,True,True
18594247,Mitsubishi,TRITON,GLS Plus Ltd Double Cab,2017,162500,348000.000000,-29048.879158,377048.879158,377048.879158,108.347379,<500k,Mitsubishi,False,TRITON,False,__OTHER__,True,True
19331552,Toyota,YARIS,G,2014,152500,219000.000000,-29002.844368,248002.844368,248002.844368,113.243308,<500k,Toyota,False,YARIS,False,G,False,False
18991630,Isuzu,MU-X,The Iconic,2018,212500,675000.000000,-28978.745418,703978.745418,703978.745418,104.293147,500k-1M,Isuzu,False,MU-X,False,__OTHER__,True,True
18629138,Honda,JAZZ,JP,2012,162500,249000.000000,-28887.124910,277887.124910,277887.124910,111.601255,<500k,Honda,False,JAZZ,False,__OTHER__,True,True
18997634,Honda,Brio,V,2012,197500,189000.000000,-28863.983630,217863.983630,217863.983630,115.271949,<500k,Honda,False,__OTHER__,True,V,False,True
19284716,Honda,JAZZ,S,2012,112500,199000.000000,-28814.685024,227814.685024,227814.685024,114.479741,<500k,Honda,False,JAZZ,False,S,False,False
19284534,Honda,JAZZ,S,2012,112500,179000.000000,-28814.685024,207814.685024,207814.685024,116.097589,<500k,Honda,False,JAZZ,False,S,False,False
18707668,Toyota,CAMRY,G Extremo,2014,202500,338000.000000,-28774.692863,366774.692863,366774.692863,108.513223,<500k,Toyota,False,CAMRY,False,__OTHER__,True,True
19136419,Isuzu,D-MAX,S Space Cab,2017,102500,429000.000000,-28757.568188,457757.568188,457757.568188,106.703396,<500k,Isuzu,False,D-MAX,False,__OTHER__,True,True
19260038,Isuzu,D-MAX,Hi-Lander L Space Cab,2017,102500,339000.000000,-28757.568188,367757.568188,367757.568188,108.483058,<500k,Isuzu,False,D-MAX,False,__OTHER__,True,True
18897673,Mazda,BT-50 PRO,Hi-Racer Double Cab,2020,102500,354000.000000,-28692.081234,382692.081234,382692.081234,108.105108,<500k,Mazda,False,__OTHER__,True,__OTHER__,True,True
19307565,Nissan,PULSAR,SV,2013,132500,179000.000000,-28589.631211,207589.631211,207589.631211,115.971861,<500k,Nissan,False,__OTHER__,True,SV,False,True
19330362,Mitsubishi,TRITON,GLS Ltd Double Cab,2017,157500,385000.000000,-28540.988288,413540.988288,413540.988288,107.413244,<500k,Mitsubishi,False,TRITON,False,__OTHER__,True,True
19315574,Isuzu,D-MAX,L Space Cab,2015,17500,250000.000000,-28533.409323,278533.409323,278533.409323,111.413364,<500k,Isuzu,False,D-MAX,False,__OTHER__,True,True
18951694,Nissan,MARCH,E,2018,219625,199000.000000,-28390.223306,227390.223306,227390.223306,114.266444,<500k,Nissan,False,__OTHER__,True,E,False,True
18567534,Toyota,YARIS,J,2014,177500,209000.000000,-28278.599039,237278.599039,237278.599039,113.530430,<500k,Toyota,False,YARIS,False,__OTHER__,True,True
19042529,Honda,City,V,2012,282500,130000.000000,-28255.712958,158255.712958,158255.712958,121.735164,<500k,Honda,False,City,False,V,False,False
10641596,Nissan,Frontier Navara,SV Calibre King Cab,2012,82500,249000.000000,-28242.263867,277242.263867,277242.263867,111.342275,<500k,Nissan,False,__OTHER__,True,__OTHER__,True,True
18964685,Mitsubishi,MIRAGE,GLS LTD,2017,117500,239000.000000,-28190.181981,267190.181981,267190.181981,111.795055,<500k,Mitsubishi,False,__OTHER__,True,__OTHER__,True,True
19091018,Toyota,Corolla Altis,Esport,2014,285946,289000.000000,-27838.165594,316838.165594,316838.165594,109.632583,<500k,Toyota,False,Corolla Altis,False,__OTHER__,True,True
19209660,Honda,FREED,SE,2012,277500,299000.000000,-27687.677126,326687.677126,326687.677126,109.260093,<500k,Honda,False,__OTHER__,True,__OTHER__,True,True
18967128,Isuzu,D-MAX,Hi-Lander L DA Space Cab,2019,245858,399000.000000,-27359.604959,426359.604959,426359.604959,106.857044,<500k,Isuzu,False,D-MAX,False,__OTHER__,True,True
19110476,Mazda,2,Sports High Connect,2016,114355,249000.000000,-27255.293380,276255.293380,276255.293380,110.945901,<500k,Mazda,False,2,False,__OTHER__,True,True
19283739,Toyota,HIACE,D4D,2012,87500,514000.000000,-27081.470229,541081.470229,541081.470229,105.268769,500k-1M,Toyota,False,__OTHER__,True,__OTHER__,True,True
19151812,Nissan,ALMERA,VL,2014,124266,149000.000000,-26898.958033,175898.958033,175898.958033,118.052992,<500k,Nissan,False,ALMERA,False,__OTHER__,True,True
19180008,Toyota,Corolla Altis,G,2013,132500,219000.000000,-26854.687341,245854.687341,245854.687341,112.262414,<500k,Toyota,False,Corolla Altis,False,G,False,False
18770815,Isuzu,D-MAX,Hi-Lander L Space Cab,2018,157500,399000.000000,-26671.636725,425671.636725,425671.636725,106.684621,<500k,Isuzu,False,D-MAX,False,__OTHER__,True,True
19337147,Toyota,CAMRY,G,2008,267500,109000.000000,-26578.120735,135578.120735,135578.120735,124.383597,<500k,Toyota,False,CAMRY,False,G,False,False
18994054,Mazda,2,Standard,2015,217500,229000.000000,-26533.625310,255533.625310,255533.625310,111.586736,<500k,Mazda,False,2,False,__OTHER__,True,True
19269904,Toyota,VIOS,J,2017,512876,198000.000000,-26477.084819,224477.084819,224477.084819,113.372265,<500k,Toyota,False,VIOS,False,__OTHER__,True,True
19268626,Toyota,VIOS,J,2014,250000,209000.000000,-26334.566368,235334.566368,235334.566368,112.600271,<500k,Toyota,False,VIOS,False,__OTHER__,True,True
18967217,Toyota,PRIUS,Hybrid Top option grade,2012,202500,279000.000000,-26301.430334,305301.430334,305301.430334,109.427036,<500k,Toyota,False,__OTHER__,True,__OTHER__,True,True
19198553,Toyota,PRIUS,Hybrid Top grade,2012,202500,279000.000000,-26301.430334,305301.430334,305301.430334,109.427036,<500k,Toyota,False,__OTHER__,True,__OTHER__,True,True
19071405,Nissan,SYLPHY,V,2012,91000,145000.000000,-26269.586163,171269.586163,171269.586163,118.116956,<500k,Nissan,False,__OTHER__,True,V,False,True
19292585,Chevrolet,CAPTIVA,LS,2020,92500,379000.000000,-25945.531104,404945.531104,404945.531104,106.845787,<500k,Chevrolet,False,__OTHER__,True,__OTHER__,True,True
19219027,Nissan,Note,VL,2017,156530,249000.000000,-25882.080272,274882.080272,274882.080272,110.394410,<500k,Nissan,False,__OTHER__,True,__OTHER__,True,True
19295064,Toyota,VIOS,E,2013,257500,199000.000000,-25712.817170,224712.817170,224712.817170,112.921014,<500k,Toyota,False,VIOS,False,E,False,False
18581847,Toyota,VIOS,G,2012,200000,168000.000000,-25412.473610,193412.473610,193412.473610,115.126472,<500k,Toyota,False,VIOS,False,G,False,False
18842742,Toyota,HILUX VIGO,G Double Cab,2012,102500,274000.000000,-25384.904393,299384.904393,299384.904393,109.264564,<500k,Toyota,False,__OTHER__,True,__OTHER__,True,True
19240889,Chevrolet,CAPTIVA,Premier,2020,97500,324000.000000,-25328.485353,349328.485353,349328.485353,107.817434,<500k,Chevrolet,False,__OTHER__,True,__OTHER__,True,True
18750508,Honda,CR-V,DT EL,2018,127500,595000.000000,-25266.972741,620266.972741,620266.972741,104.246550,500k-1M,Honda,False,CR-V,False,__OTHER__,True,True
18999148,Mazda,3,Maxx,2011,157500,149000.000000,-25202.783479,174202.783479,174202.783479,116.914620,<500k,Mazda,False,3,False,__OTHER__,True,True
14698733,Toyota,YARIS,G,2014,152500,259000.000000,-25139.974881,284139.974881,284139.974881,109.706554,<500k,Toyota,False,YARIS,False,G,False,False
14598311,Honda,CIVIC,E,2009,232500,178000.000000,-24908.366429,202908.366429,202908.366429,113.993464,<500k,Honda,False,CIVIC,False,E,False,False
8856014,Chevrolet,CAPTIVA,LS,2020,97000,379000.000000,-24891.409317,403891.409317,403891.409317,106.567654,<500k,Chevrolet,False,__OTHER__,True,__OTHER__,True,True
18582939,Toyota,HILUX REVO,E Prerunner Double Cab,2018,172500,559000.000000,-24887.092163,583887.092163,583887.092163,104.452074,500k-1M,Toyota,False,HILUX REVO,False,__OTHER__,True,True
19286018,Honda,CR-V,E,2011,301000,194000.000000,-24818.205052,218818.205052,218818.205052,112.792889,<500k,Honda,False,CR-V,False,E,False,False
19239796,Toyota,HILUX REVO,E Prerunner Double Cab,2018,202500,469000.000000,-24725.589205,493725.589205,493725.589205,105.271981,<500k,Toyota,False,HILUX REVO,False,__OTHER__,True,True
19311065,Toyota,YARIS,G,2014,147500,229000.000000,-24632.084011,253632.084011,253632.084011,110.756369,<500k,Toyota,False,YARIS,False,G,False,False
19284806,Mazda,2,Sports Maxx Sports,2014,187500,139000.000000,-24607.227249,163607.227249,163607.227249,117.703041,<500k,Mazda,False,2,False,__OTHER__,True,True
19247297,Toyota,Corolla Altis,E CNG,2013,242500,175000.000000,-24531.445277,199531.445277,199531.445277,114.017969,<500k,Toyota,False,Corolla Altis,False,__OTHER__,True,True
18766746,Toyota,YARIS,G,2014,177500,265000.000000,-24470.581053,289470.581053,289470.581053,109.234182,<500k,Toyota,False,YARIS,False,G,False,False
17957264,Audi,Q5,TFSI Quattro S line,2011,142500,390000.000000,-24430.854079,414430.854079,414430.854079,106.264322,<500k,Audi,False,__OTHER__,True,__OTHER__,True,True
18858446,Mercedes-Benz,GLB200,AMG Dynamic,2021,92500,1199000.000000,-24401.374514,1223401.374514,1223401.374514,102.035144,1M-3M,Mercedes-Benz,False,__OTHER__,True,AMG Dynamic,False,True
18957337,Mercedes-Benz,GLB200,AMG Dynamic,2021,92500,1199000.000000,-24401.374514,1223401.374514,1223401.374514,102.035144,1M-3M,Mercedes-Benz,False,__OTHER__,True,AMG Dynamic,False,True
18810712,Nissan,Note,V,2018,132500,199000.000000,-24393.071416,223393.071416,223393.071416,112.257825,<500k,Nissan,False,__OTHER__,True,V,False,True
19264220,Isuzu,D-MAX,Hi-Lander L Cab-4,2017,97500,299000.000000,-24386.807831,323386.807831,323386.807831,108.156123,<500k,Isuzu,False,D-MAX,False,__OTHER__,True,True
19253753,Isuzu,D-MAX,S Cab-4,2017,97500,369000.000000,-24386.807831,393386.807831,393386.807831,106.608891,<500k,Isuzu,False,D-MAX,False,__OTHER__,True,True
19316179,Toyota,CAMRY,G,2012,212500,269000.000000,-24200.376347,293200.376347,293200.376347,108.996422,<500k,Toyota,False,CAMRY,False,G,False,False
18756666,Toyota,YARIS,Ace,2011,89550,199000.000000,-23987.400202,222987.400202,222987.400202,112.053970,<500k,Toyota,False,YARIS,False,__OTHER__,True,True
10649299,Toyota,YARIS,Ace,2011,89550,199000.000000,-23987.400202,222987.400202,222987.400202,112.053970,<500k,Toyota,False,YARIS,False,__OTHER__,True,True
18849712,Ford,RANGER,WildTrak,2018,247500,534000.000000,-23793.784622,557793.784622,557793.784622,104.455765,500k-1M,Ford,False,RANGER,False,__OTHER__,True,True
18517791,Toyota,VIOS,E,2012,167500,189000.000000,-23589.491234,212589.491234,212589.491234,112.481212,<500k,Toyota,False,VIOS,False,E,False,False
18837815,Mazda,2,Sports High Plus,2016,140224,229000.000000,-23482.668215,252482.668215,252482.668215,110.254440,<500k,Mazda,False,2,False,__OTHER__,True,True
19287910,Toyota,YARIS,J,2015,107500,189000.000000,-23430.850835,212430.850835,212430.850835,112.397276,<500k,Toyota,False,YARIS,False,__OTHER__,True,True
18993548,Toyota,HILUX REVO,G Prerunner Double Cab,2017,87500,499000.000000,-23271.657097,522271.657097,522271.657097,104.663659,<500k,Toyota,False,HILUX REVO,False,__OTHER__,True,True
19080281,Toyota,HILUX REVO,G Prerunner Double Cab,2017,87500,469999.000000,-23271.657097,493270.657097,493270.657097,104.951427,<500k,Toyota,False,HILUX REVO,False,__OTHER__,True,True
18993921,Toyota,HILUX REVO,G Prerunner Double Cab,2017,87500,499000.000000,-23271.657097,522271.657097,522271.657097,104.663659,<500k,Toyota,False,HILUX REVO,False,__OTHER__,True,True
18982698,Toyota,HILUX REVO,G Prerunner Double Cab,2017,87500,458000.000000,-23271.657097,481271.657097,481271.657097,105.081148,<500k,Toyota,False,HILUX REVO,False,__OTHER__,True,True
18849337,Toyota,HILUX REVO,J Plus Double Cab,2017,107500,410000.000000,-23219.309020,433219.309020,433219.309020,105.663246,<500k,Toyota,False,HILUX REVO,False,__OTHER__,True,True
19292092,Toyota,HILUX REVO,G Prerunner Rocco Double Cab,2019,262525,519000.000000,-23169.402413,542169.402413,542169.402413,104.464239,500k-1M,Toyota,False,HILUX REVO,False,__OTHER__,True,True
19044525,Toyota,YARIS,RS,2012,117500,189000.000000,-23102.324976,212102.324976,212102.324976,112.223452,<500k,Toyota,False,YARIS,False,RS,False,False
19032097,Honda,CR-V,DT E,2019,212500,499000.000000,-23019.538320,522019.538320,522019.538320,104.613134,<500k,Honda,False,CR-V,False,__OTHER__,True,True
14920636,Ford,RANGER,WildTrak Double Cab Hi-Rider,2014,117432,359000.000000,-22993.439686,381993.439686,381993.439686,106.404858,<500k,Ford,False,RANGER,False,__OTHER__,True,True
19260103,Suzuki,SWIFT,GLX,2015,82500,199000.000000,-22863.276737,221863.276737,221863.276737,111.489084,<500k,Suzuki,False,SWIFT,False,GLX,False,False
18825700,Nissan,JUKE,V,2014,167500,189000.000000,-22691.019535,211691.019535,211691.019535,112.005830,<500k,Nissan,False,__OTHER__,True,V,False,True
18810860,Isuzu,MU-X,DVD Navi DA,2017,117500,699000.000000,-22484.659126,721484.659126,721484.659126,103.216689,500k-1M,Isuzu,False,MU-X,False,__OTHER__,True,True
18789698,Mazda,2,Sports Spirit,2013,97500,179000.000000,-22483.901313,201483.901313,201483.901313,112.560839,<500k,Mazda,False,2,False,__OTHER__,True,True
19288778,Toyota,YARIS,G,2012,326036,159000.000000,-22448.297307,181448.297307,181448.297307,114.118426,<500k,Toyota,False,YARIS,False,G,False,False
19299326,MG,ZS,D,2018,217500,239000.000000,-22412.808997,261412.808997,261412.808997,109.377744,<500k,MG,False,ZS,False,__OTHER__,True,True
18871063,Nissan,Note,VL,2018,92500,248000.000000,-22390.150447,270390.150447,270390.150447,109.028286,<500k,Nissan,False,__OTHER__,True,__OTHER__,True,True
17991962,Isuzu,D-MAX,S Space Cab (ABS),2018,152500,339000.000000,-22300.876368,361300.876368,361300.876368,106.578430,<500k,Isuzu,False,D-MAX,False,__OTHER__,True,True
19149715,Nissan,JUKE,V,2014,162500,178000.000000,-22183.128665,200183.128665,200183.128665,112.462432,<500k,Nissan,False,__OTHER__,True,V,False,True
19154915,Nissan,JUKE,V,2014,162500,219000.000000,-22183.128665,241183.128665,241183.128665,110.129282,<500k,Nissan,False,__OTHER__,True,V,False,True
19154746,Nissan,JUKE,V,2014,162500,179000.000000,-22183.128665,201183.128665,201183.128665,112.392809,<500k,Nissan,False,__OTHER__,True,V,False,True
18811285,Mazda,2,High Plus,2016,172500,199000.000000,-22141.419898,221141.419898,221141.419898,111.126342,<500k,Mazda,False,2,False,__OTHER__,True,True
18268747,Isuzu,D-MAX,S Cab-4 (ABS),2018,182500,429000.000000,-22139.373410,451139.373410,451139.373410,105.160693,<500k,Isuzu,False,D-MAX,False,__OTHER__,True,True
19252337,Subaru,XV,,2013,220000,200000.000000,-22102.487028,222102.487028,222102.487028,111.051244,<500k,Subaru,False,__OTHER__,True,__MISSING__,False,True
19327592,Nissan,ALMERA,VL,2014,152500,169000.000000,-21864.484676,190864.484676,190864.484676,112.937565,<500k,Nissan,False,ALMERA,False,__OTHER__,True,True
18866876,Toyota,YARIS,G,2014,279291,229000.000000,-21416.310455,250416.310455,250416.310455,109.352101,<500k,Toyota,False,YARIS,False,G,False,False
18838744,Honda,CR-V,DT E,2018,127500,820000.000000,-21404.103254,841404.103254,841404.103254,102.610256,500k-1M,Honda,False,CR-V,False,__OTHER__,True,True
17830956,Toyota,Corolla Altis,E,2012,2500,229000.000000,-21340.044603,250340.044603,250340.044603,109.318797,<500k,Toyota,False,Corolla Altis,False,E,False,False
19320328,MG,MG5,Turbo X Sunroof,2019,96798,179000.000000,-21264.066507,200264.066507,200264.066507,111.879367,<500k,MG,False,MG5,False,__OTHER__,True,True
19338665,Mazda,2,Sports High,2016,107500,259000.000000,-21262.980931,280262.980931,280262.980931,108.209645,<500k,Mazda,False,2,False,__OTHER__,True,True
19159929,Honda,FREED,SE,2011,182500,247000.000000,-21193.590834,268193.590834,268193.590834,108.580401,<500k,Honda,False,__OTHER__,True,__OTHER__,True,True
19042007,Mercedes-Benz,E220,Classic CDI,2003,207500,159000.000000,-21126.511327,180126.511327,180126.511327,113.287114,<500k,Mercedes-Benz,False,__OTHER__,True,__OTHER__,True,True
19251880,Mazda,2,Sports High Connect,2016,137500,249000.000000,-21101.477973,270101.477973,270101.477973,108.474489,<500k,Mazda,False,2,False,__OTHER__,True,True
19062908,Toyota,YARIS,E,2014,137500,289000.000000,-21079.264250,310079.264250,310079.264250,107.293863,<500k,Toyota,False,YARIS,False,E,False,False
18797085,Toyota,YARIS,E,2014,137500,299000.000000,-21079.264250,320079.264250,320079.264250,107.049921,<500k,Toyota,False,YARIS,False,E,False,False
18735676,Toyota,YARIS,E,2014,137500,299000.000000,-21079.264250,320079.264250,320079.264250,107.049921,<500k,Toyota,False,YARIS,False,E,False,False
15578148,Nissan,SYLPHY,V,2013,172500,185000.000000,-20962.619493,205962.619493,205962.619493,111.331146,<500k,Nissan,False,__OTHER__,True,V,False,True
18697884,Mitsubishi,ATTRAGE,GLS LTD,2015,97114,189000.000000,-20811.223435,209811.223435,209811.223435,111.011229,<500k,Mitsubishi,False,ATTRAGE,False,__OTHER__,True,True
18420873,Isuzu,D-MAX,S Cab-4,2017,87500,399000.000000,-20633.093225,419633.093225,419633.093225,105.171201,<500k,Isuzu,False,D-MAX,False,__OTHER__,True,True
19339957,Mazda,2,XD Sports High Connect,2015,252500,225000.000000,-20544.663976,245544.663976,245544.663976,109.130962,<500k,Mazda,False,2,False,__OTHER__,True,True
19187550,Toyota,CAMRY,G Extremo,2014,197500,359000.000000,-20541.063019,379541.063019,379541.063019,105.721745,<500k,Toyota,False,CAMRY,False,__OTHER__,True,True
18870200,Toyota,YARIS,G,2014,142795,259000.000000,-20519.198516,279519.198516,279519.198516,107.922470,<500k,Toyota,False,YARIS,False,G,False,False
19125730,Toyota,HILUX REVO,E Plus Prerunner Double Cab,2018,167500,459000.000000,-20516.331806,479516.331806,479516.331806,104.469789,<500k,Toyota,False,HILUX REVO,False,__OTHER__,True,True
19130761,Toyota,HILUX REVO,E Plus Prerunner Double Cab,2018,167500,459000.000000,-20516.331806,479516.331806,479516.331806,104.469789,<500k,Toyota,False,HILUX REVO,False,__OTHER__,True,True
19130852,Toyota,HILUX REVO,E Plus Prerunner Double Cab,2018,167500,499000.000000,-20516.331806,519516.331806,519516.331806,104.111489,<500k,Toyota,False,HILUX REVO,False,__OTHER__,True,True
19132503,Toyota,HILUX REVO,J Plus Double Cab,2018,167500,415000.000000,-20516.331806,435516.331806,435516.331806,104.943694,<500k,Toyota,False,HILUX REVO,False,__OTHER__,True,True
19104957,Mitsubishi,ATTRAGE,GLX,2013,147500,134000.000000,-20445.251571,154445.251571,154445.251571,115.257650,<500k,Mitsubishi,False,ATTRAGE,False,GLX,False,False
19080865,Mitsubishi,ATTRAGE,GLX,2013,147500,139000.000000,-20445.251571,159445.251571,159445.251571,114.708814,<500k,Mitsubishi,False,ATTRAGE,False,GLX,False,False
19080557,Mitsubishi,ATTRAGE,GLX,2013,147500,139000.000000,-20445.251571,159445.251571,159445.251571,114.708814,<500k,Mitsubishi,False,ATTRAGE,False,GLX,False,False
19257242,Mitsubishi,ATTRAGE,GLX,2013,147500,139000.000000,-20445.251571,159445.251571,159445.251571,114.708814,<500k,Mitsubishi,False,ATTRAGE,False,GLX,False,False
19257517,Mitsubishi,ATTRAGE,GLX,2013,147500,139000.000000,-20445.251571,159445.251571,159445.251571,114.708814,<500k,Mitsubishi,False,ATTRAGE,False,GLX,False,False
18953701,Honda,JAZZ,SV,2014,352000,249000.000000,-20387.836954,269387.836954,269387.836954,108.187886,<500k,Honda,False,JAZZ,False,SV,False,False
18755441,Nissan,Note,VL,2017,2500,279000.000000,-20266.824511,299266.824511,299266.824511,107.264095,<500k,Nissan,False,__OTHER__,True,__OTHER__,True,True
19096906,Ford,RANGER,WildTrak Double Cab Hi-Rider,2018,247500,550000.000000,-19930.915135,569930.915135,569930.915135,103.623803,500k-1M,Ford,False,RANGER,False,__OTHER__,True,True
18720906,Isuzu,D-MAX,X-Series Z Space Cab,2017,62205,395000.000000,-19919.675571,414919.675571,414919.675571,105.042956,<500k,Isuzu,False,D-MAX,False,__OTHER__,True,True
18370666,Mini,COOPER,3-Door,2011,157500,1.000000,-19862.841067,19863.841067,19863.841067,1986384.106657,<500k,Mini,False,__OTHER__,True,__OTHER__,True,True
16428622,Toyota,HILUX REVO,E Smart Cab,2015,252500,299000.000000,-19834.891177,318834.891177,318834.891177,106.633743,<500k,Toyota,False,HILUX REVO,False,__OTHER__,True,True
19183116,Nissan,ALMERA,VL,2015,177409,168000.000000,-19326.856686,187326.856686,187326.856686,111.504081,<500k,Nissan,False,ALMERA,False,__OTHER__,True,True
18730157,Toyota,HILUX VIGO,Champ E Prerunner Double Cab,2013,187500,369000.000000,-19274.600485,388274.600485,388274.600485,105.223469,<500k,Toyota,False,__OTHER__,True,__OTHER__,True,True
18453454,Toyota,HILUX VIGO,Champ G Prerunner Double Cab,2013,187500,379990.000000,-19274.600485,399264.600485,399264.600485,105.072397,<500k,Toyota,False,__OTHER__,True,__OTHER__,True,True
19147280,Toyota,VIOS,E,2012,162500,158000.000000,-19218.730877,177218.730877,177218.730877,112.163754,<500k,Toyota,False,VIOS,False,E,False,False
18981080,Nissan,NP 300 Navara,Calibre V Double Cab,2014,277500,289000.000000,-19215.131710,308215.131710,308215.131710,106.648835,<500k,Nissan,False,__OTHER__,True,__OTHER__,True,True
18774625,Suzuki,SWIFT,RX,2016,87500,228000.000000,-19165.007922,247165.007922,247165.007922,108.405705,<500k,Suzuki,False,SWIFT,False,__OTHER__,True,True
18307018,Mazda,2,Sports Standard,2015,17500,238000.000000,-19139.654996,257139.654996,257139.654996,108.041872,<500k,Mazda,False,2,False,__OTHER__,True,True
18860321,Isuzu,MU-X,DVD Navi DA,2017,177500,578000.000000,-18832.435369,596832.435369,596832.435369,103.258207,500k-1M,Isuzu,False,MU-X,False,__OTHER__,True,True
18893044,Toyota,YARIS,E,2015,222500,219000.000000,-18831.829829,237831.829829,237831.829829,108.599009,<500k,Toyota,False,YARIS,False,E,False,False
19272377,Isuzu,D-MAX,SLX Space Cab,2003,197500,135000.000000,-18797.748435,153797.748435,153797.748435,113.924258,<500k,Isuzu,False,D-MAX,False,__OTHER__,True,True
18709338,Toyota,HILUX REVO,G Prerunner Double Cab,2019,257500,519000.000000,-18776.788255,537776.788255,537776.788255,103.617878,500k-1M,Toyota,False,HILUX REVO,False,__OTHER__,True,True
14969640,Mazda,2,Elegance Groove,2013,102500,138000.000000,-18697.540089,156697.540089,156697.540089,113.548942,<500k,Mazda,False,2,False,__OTHER__,True,True
19317348,Honda,CIVIC,S,2013,384000,239000.000000,-18562.962311,257562.962311,257562.962311,107.766930,<500k,Honda,False,CIVIC,False,S,False,False
18936636,Isuzu,D-MAX,Hi-Lander Stealth Z-Prestige Cab-4,2018,152500,539000.000000,-18438.006881,557438.006881,557438.006881,103.420780,500k-1M,Isuzu,False,D-MAX,False,__OTHER__,True,True
17825965,Isuzu,D-MAX,Hi-Lander Z-Prestige Cab-4,2018,152500,469000.000000,-18438.006881,487438.006881,487438.006881,103.931345,<500k,Isuzu,False,D-MAX,False,__OTHER__,True,True
18861913,Isuzu,D-MAX,L Space Cab (ABS),2018,152500,399000.000000,-18438.006881,417438.006881,417438.006881,104.621054,<500k,Isuzu,False,D-MAX,False,__OTHER__,True,True
12758008,Mitsubishi,TRITON,GL CNG Single Cab,2010,142500,138000.000000,-18319.820329,156319.820329,156319.820329,113.275232,<500k,Mitsubishi,False,TRITON,False,__OTHER__,True,True
18827459,Ford,RANGER,WildTrak Double Cab Hi-Rider,2014,247500,339000.000000,-18271.502110,357271.502110,357271.502110,105.389824,<500k,Ford,False,RANGER,False,__OTHER__,True,True
19186185,Honda,City,V,2011,157500,199000.000000,-18060.260136,217060.260136,217060.260136,109.075508,<500k,Honda,False,City,False,V,False,False
19104053,Mitsubishi,MIRAGE,GLX,2017,214382,199000.000000,-18012.386545,217012.386545,217012.386545,109.051451,<500k,Mitsubishi,False,__OTHER__,True,GLX,False,True
19138499,Isuzu,D-MAX,Hi-Lander Z Cab-4,2018,147500,499000.000000,-17930.116011,516930.116011,516930.116011,103.593210,<500k,Isuzu,False,D-MAX,False,__OTHER__,True,True
19035586,Toyota,Corolla Altis,G,2011,142500,169000.000000,-17917.549375,186917.549375,186917.549375,110.602100,<500k,Toyota,False,Corolla Altis,False,G,False,False
18777244,Toyota,CAMRY,G Extremo,2013,102500,378000.000000,-17909.846214,395909.846214,395909.846214,104.738055,<500k,Toyota,False,CAMRY,False,__OTHER__,True,True
18131094,Isuzu,D-MAX,Hi-Lander Z Cab-4,2016,2500,437000.000000,-17892.721539,454892.721539,454892.721539,104.094444,<500k,Isuzu,False,D-MAX,False,__OTHER__,True,True
19332257,Isuzu,D-MAX,Hi-Lander Z Cab-4,2016,2500,389000.000000,-17892.721539,406892.721539,406892.721539,104.599671,<500k,Isuzu,False,D-MAX,False,__OTHER__,True,True
17992501,Isuzu,D-MAX,S Space Cab (ABS),2018,177500,329000.000000,-17768.613053,346768.613053,346768.613053,105.400794,<500k,Isuzu,False,D-MAX,False,__OTHER__,True,True
19229981,Suzuki,CARRY,,2018,2500,169000.000000,-17584.165911,186584.165911,186584.165911,110.404832,<500k,Suzuki,False,__OTHER__,True,__MISSING__,False,True
19329911,Mitsubishi,ATTRAGE,GLX,2015,197500,169000.000000,-17559.326344,186559.326344,186559.326344,110.390134,<500k,Mitsubishi,False,ATTRAGE,False,GLX,False,False
19174503,Isuzu,D-MAX,Hi-Lander L Cab-4,2015,29625,399000.000000,-16609.307576,415609.307576,415609.307576,104.162734,<500k,Isuzu,False,D-MAX,False,__OTHER__,True,True
19333329,Toyota,YARIS,E,2014,162500,145000.000000,-16547.000935,161547.000935,161547.000935,111.411725,<500k,Toyota,False,YARIS,False,E,False,False
18731648,Honda,JAZZ,SV,2012,202500,218000.000000,-16416.758160,234416.758160,234416.758160,107.530623,<500k,Honda,False,JAZZ,False,SV,False,False
19317456,Toyota,YARIS,G,2014,142500,245000.000000,-16398.454168,261398.454168,261398.454168,106.693247,<500k,Toyota,False,YARIS,False,G,False,False
19311253,Honda,CIVIC,E,2009,222500,178000.000000,-16166.845716,194166.845716,194166.845716,109.082498,<500k,Honda,False,CIVIC,False,E,False,False
17410912,Toyota,Corolla Altis,G,2014,177500,229000.000000,-16027.235165,245027.235165,245027.235165,106.998793,<500k,Toyota,False,Corolla Altis,False,G,False,False
19041614,Toyota,HILUX REVO,E Prerunner Double Cab,2018,192500,519000.000000,-15984.068491,534984.068491,534984.068491,103.079782,500k-1M,Toyota,False,HILUX REVO,False,__OTHER__,True,True
19040714,Toyota,Corolla Altis,E,2012,217500,199000.000000,-15980.164679,214980.164679,214980.164679,108.030234,<500k,Toyota,False,Corolla Altis,False,E,False,False
19277235,Nissan,MARCH,E,2017,117500,169000.000000,-15667.803506,184667.803506,184667.803506,109.270890,<500k,Nissan,False,__OTHER__,True,E,False,True
19208495,Nissan,Note,V,2018,122500,219000.000000,-15651.550703,234651.550703,234651.550703,107.146827,<500k,Nissan,False,__OTHER__,True,V,False,True
19331193,MG,GS,D,2017,137500,169000.000000,-15432.479303,184432.479303,184432.479303,109.131645,<500k,MG,False,__OTHER__,True,__OTHER__,True,True
18600004,Toyota,CAMRY,G,2012,162500,268000.000000,-15195.861827,283195.861827,283195.861827,105.670098,<500k,Toyota,False,CAMRY,False,G,False,False
19106913,Nissan,Note,V,2018,117150,249000.000000,-14837.706608,263837.706608,263837.706608,105.958918,<500k,Nissan,False,__OTHER__,True,V,False,True
18421757,Toyota,VIOS,E,2012,187500,189000.000000,-14686.467562,203686.467562,203686.467562,107.770618,<500k,Toyota,False,VIOS,False,E,False,False
19324309,Toyota,VIOS,G,2012,167500,149000.000000,-14537.920795,163537.920795,163537.920795,109.756994,<500k,Toyota,False,VIOS,False,G,False,False
19277106,Toyota,PRIUS,Hybrid Top grade,2012,189000,189000.000000,-14500.377371,203500.377371,203500.377371,107.672157,<500k,Toyota,False,__OTHER__,True,__OTHER__,True,True
19308452,Nissan,ALMERA,E,2013,112500,138000.000000,-14423.601135,152423.601135,152423.601135,110.451885,<500k,Nissan,False,ALMERA,False,E,False,False
19154980,Mazda,2,Elegance Spirit,2013,97500,169000.000000,-14326.779732,183326.779732,183326.779732,108.477384,<500k,Mazda,False,2,False,__OTHER__,True,True
19234074,Honda,CR-V,DT E,2019,202500,499000.000000,-14278.017606,513278.017606,513278.017606,102.861326,<500k,Honda,False,CR-V,False,__OTHER__,True,True
19037950,Toyota,YARIS,G,2013,52500,209000.000000,-14275.128232,223275.128232,223275.128232,106.830205,<500k,Toyota,False,YARIS,False,G,False,False
18997338,Isuzu,MU-X,CD,2017,132500,539000.000000,-14198.681205,553198.681205,553198.681205,102.634264,500k-1M,Isuzu,False,MU-X,False,__OTHER__,True,True
19077480,Isuzu,MU-X,The Onyx,2019,287500,559000.000000,-14126.920797,573126.920797,573126.920797,102.527177,500k-1M,Isuzu,False,MU-X,False,__OTHER__,True,True
19035613,Suzuki,Ciaz,GL,2016,192500,189000.000000,-13988.028862,202988.028862,202988.028862,107.401073,<500k,Suzuki,False,__OTHER__,True,__OTHER__,True,True
19240735,Mazda,3,S,2014,209762,230000.000000,-13902.189044,243902.189044,243902.189044,106.044430,<500k,Mazda,False,3,False,S,False,False
18935244,Nissan,Note,V,2018,146125,249000.000000,-13780.197776,262780.197776,262780.197776,105.534216,<500k,Nissan,False,__OTHER__,True,V,False,True
19158707,Mini,COOPER,3-Door,2004,172500,299000.000000,-13779.932394,312779.932394,312779.932394,104.608673,<500k,Mini,False,__OTHER__,True,__OTHER__,True,True
19125017,Honda,City,S,2012,152500,225000.000000,-13737.464859,238737.464859,238737.464859,106.105540,<500k,Honda,False,City,False,S,False,False
18587289,Honda,FREED,EL,2013,187500,379000.000000,-13655.334063,392655.334063,392655.334063,103.602991,<500k,Honda,False,__OTHER__,True,EL,False,True
19163866,Honda,FREED,EL,2013,187500,329000.000000,-13655.334063,342655.334063,342655.334063,104.150557,<500k,Honda,False,__OTHER__,True,EL,False,True
18866604,Toyota,YARIS,E,2015,220890,249000.000000,-13561.575507,262561.575507,262561.575507,105.446416,<500k,Toyota,False,YARIS,False,E,False,False
18816650,Isuzu,D-MAX,S Cab-4,2018,142500,369000.000000,-13559.355654,382559.355654,382559.355654,103.674622,<500k,Isuzu,False,D-MAX,False,__OTHER__,True,True
18828478,Toyota,CAMRY,G Extremo,2013,97500,299000.000000,-13539.085857,312539.085857,312539.085857,104.528122,<500k,Toyota,False,CAMRY,False,__OTHER__,True,True
18549305,Isuzu,D-MAX,Hi-Lander Z Cab-4,2018,172500,479000.000000,-13397.852696,492397.852696,492397.852696,102.797046,<500k,Isuzu,False,D-MAX,False,__OTHER__,True,True
18945935,Nissan,MARCH,E,2017,114851,199000.000000,-13352.174669,212352.174669,212352.174669,106.709636,<500k,Nissan,False,__OTHER__,True,E,False,True
18965707,Mitsubishi,AIRTREK,,2005,102500,459000.000000,-13335.311076,472335.311076,472335.311076,102.905297,<500k,Mitsubishi,False,__OTHER__,True,__MISSING__,False,True
19133382,Toyota,VIOS,J,2013,147500,198000.000000,-13284.339541,211284.339541,211284.339541,106.709262,<500k,Toyota,False,VIOS,False,__OTHER__,True,True
18869714,Mazda,2,Sports High,2016,98122,279000.000000,-13065.182806,292065.182806,292065.182806,104.682861,<500k,Mazda,False,2,False,__OTHER__,True,True
18698654,Honda,FREED,SE,2011,177500,299000.000000,-12959.960990,311959.960990,311959.960990,104.334435,<500k,Honda,False,__OTHER__,True,__OTHER__,True,True
18755524,Toyota,YARIS,E,2014,132500,199000.000000,-12845.634407,211845.634407,211845.634407,106.455093,<500k,Toyota,False,YARIS,False,E,False,False
19051571,Nissan,TEANA,200 XL,2009,237500,140000.000000,-12806.567927,152806.567927,152806.567927,109.147549,<500k,Nissan,False,__OTHER__,True,__OTHER__,True,True
19189232,Toyota,CAMRY,G,2013,222500,298000.000000,-12492.884613,310492.884613,310492.884613,104.192243,<500k,Toyota,False,CAMRY,False,G,False,False
19291390,Isuzu,MU-7,,2005,297500,188000.000000,-12307.201273,200307.201273,200307.201273,106.546384,<500k,Isuzu,False,__OTHER__,True,__MISSING__,False,True
19198904,Mercedes-Benz,E220,Classic CDI,2003,202500,179000.000000,-11767.944862,190767.944862,190767.944862,106.574271,<500k,Mercedes-Benz,False,__OTHER__,True,__OTHER__,True,True
19068854,Toyota,Sport Rider,SR5,2000,297500,159000.000000,-11537.106931,170537.106931,170537.106931,107.256042,<500k,Toyota,False,__OTHER__,True,__OTHER__,True,True
18957428,Isuzu,D-MAX,Hi-Lander Z Cab-4,2020,315000,504000.000000,-11249.866990,515249.866990,515249.866990,102.232116,500k-1M,Isuzu,False,D-MAX,False,__OTHER__,True,True
19341103,Nissan,Note,V,2018,137500,275000.000000,-11228.442269,286228.442269,286228.442269,104.083070,<500k,Nissan,False,__OTHER__,True,V,False,True
19316593,Mini,Countryman,Cooper S ALL4,2011,147500,338000.000000,-11121.320353,349121.320353,349121.320353,103.290331,<500k,Mini,False,__OTHER__,True,__OTHER__,True,True
18944819,Toyota,VIOS,J,2014,207500,225000.000000,-10581.362327,235581.362327,235581.362327,104.702828,<500k,Toyota,False,VIOS,False,__OTHER__,True,True
19149703,Toyota,VIOS,E,2012,152500,109000.000000,-10477.210164,119477.210164,119477.210164,109.612119,<500k,Toyota,False,VIOS,False,E,False,False
19007886,Ford,RANGER,XLT Double Cab Hi-Rider,2014,107500,279000.000000,-10448.491826,289448.491826,289448.491826,103.744979,<500k,Ford,False,RANGER,False,__OTHER__,True,True
19109489,Isuzu,D-MAX,L Space Cab,2017,167500,328000.000000,-10418.368540,338418.368540,338418.368540,103.176332,<500k,Isuzu,False,D-MAX,False,__OTHER__,True,True
18763754,Toyota,Corolla Altis,G,2010,287500,179000.000000,-10381.995439,189381.995439,189381.995439,105.799997,<500k,Toyota,False,Corolla Altis,False,G,False,False
19220943,Mazda,2,High Connect,2017,226527,269000.000000,-10354.262875,279354.262875,279354.262875,103.849168,<500k,Mazda,False,2,False,__OTHER__,True,True
19206178,Suzuki,SWIFT,GL,2018,252500,239000.000000,-10299.378723,249299.378723,249299.378723,104.309363,<500k,Suzuki,False,SWIFT,False,__OTHER__,True,True
19301567,Mazda,2,Sports High Plus,2017,182500,199000.000000,-10274.025796,209274.025796,209274.025796,105.162827,<500k,Mazda,False,2,False,__OTHER__,True,True
19055846,Honda,FREED,SE,2012,257500,298000.000000,-10204.635699,308204.635699,308204.635699,103.424374,<500k,Honda,False,__OTHER__,True,__OTHER__,True,True
15340354,Toyota,AVANZA,E,2014,102500,189000.000000,-10112.289000,199112.289000,199112.289000,105.350417,<500k,Toyota,False,__OTHER__,True,E,False,True
19231925,Hyundai,H-1,Maesto Deluxe,2010,292500,324000.000000,-10103.116785,334103.116785,334103.116785,103.118246,<500k,Hyundai,False,H-1,False,__OTHER__,True,True
19335164,Toyota,HILUX VIGO,Champ E TRD Sportivo Prerunner Double Cab,2013,172500,399000.000000,-10025.188902,409025.188902,409025.188902,102.512579,<500k,Toyota,False,__OTHER__,True,__OTHER__,True,True
18945993,Nissan,MARCH,E,2017,110940,189000.000000,-9933.365918,198933.365918,198933.365918,105.255749,<500k,Nissan,False,__OTHER__,True,E,False,True
18542944,Isuzu,D-MAX,Hi-Lander L Space Cab,2018,142500,359000.000000,-9696.486167,368696.486167,368696.486167,102.700971,<500k,Isuzu,False,D-MAX,False,__OTHER__,True,True
18818678,Isuzu,D-MAX,X-Series Hi-Lander Z Cab-4,2018,142500,479000.000000,-9696.486167,488696.486167,488696.486167,102.024319,<500k,Isuzu,False,D-MAX,False,__OTHER__,True,True
18910987,Mitsubishi,PAJERO SPORT,GT,2010,232500,215000.000000,-9510.553737,224510.553737,224510.553737,104.423513,<500k,Mitsubishi,False,PAJERO SPORT,False,__OTHER__,True,True
19202375,Honda,City,S,2012,147500,199000.000000,-9366.704502,208366.704502,208366.704502,104.706887,<500k,Honda,False,City,False,S,False,False
18676892,Honda,City,S,2012,147500,205000.000000,-9366.704502,214366.704502,214366.704502,104.569124,<500k,Honda,False,City,False,S,False,False
19253710,Toyota,WISH,ST3,2009,212500,219000.000000,-9345.740946,228345.740946,228345.740946,104.267462,<500k,Toyota,False,__OTHER__,True,__OTHER__,True,True
19074519,Isuzu,D-MAX,X-Series Hi-Lander Z-Prestige Cab-4,2018,137500,590000.000000,-9188.595298,599188.595298,599188.595298,101.557389,500k-1M,Isuzu,False,D-MAX,False,__OTHER__,True,True
13457894,Toyota,Corolla Altis,G,2011,132500,228000.000000,-9176.028661,237176.028661,237176.028661,104.024574,<500k,Toyota,False,Corolla Altis,False,G,False,False
19031207,Toyota,Landcruiser Prado,TZ,2005,242500,459000.000000,-8776.518832,467776.518832,467776.518832,101.912096,<500k,Toyota,False,__OTHER__,True,__OTHER__,True,True
18537682,Isuzu,D-MAX,L Space Cab,2016,102500,360000.000000,-8750.585397,368750.585397,368750.585397,102.430718,<500k,Isuzu,False,D-MAX,False,__OTHER__,True,True
18358541,MG,ZS,EV D,2022,62500,399000.000000,-8669.837239,407669.837239,407669.837239,102.172892,<500k,MG,False,ZS,False,__OTHER__,True,True
19072214,Mazda,2,High Connect,2016,132500,185000.000000,-8573.596035,193573.596035,193573.596035,104.634376,<500k,Mazda,False,2,False,__OTHER__,True,True
18693422,Honda,JAZZ,V,2012,172500,229000.000000,-8528.353226,237528.353226,237528.353226,103.724172,<500k,Honda,False,JAZZ,False,V,False,False
19130138,Honda,JAZZ,V,2012,172500,189000.000000,-8528.353226,197528.353226,197528.353226,104.512356,<500k,Honda,False,JAZZ,False,V,False,False
19131636,Honda,CR-V,DT E,2018,112500,589000.000000,-8291.822184,597291.822184,597291.822184,101.407780,500k-1M,Honda,False,CR-V,False,__OTHER__,True,True
19189034,Suzuki,Ciaz,RS,2016,92500,239000.000000,-8054.491179,247054.491179,247054.491179,103.370080,<500k,Suzuki,False,__OTHER__,True,RS,False,True
18455387,Toyota,HILUX REVO,J Plus Prerunner Double Cab,2018,157500,479000.000000,-7911.941606,486911.941606,486911.941606,101.651762,<500k,Toyota,False,HILUX REVO,False,__OTHER__,True,True
19299490,Toyota,YARIS,J,2016,207500,237000.000000,-7909.632385,244909.632385,244909.632385,103.337398,<500k,Toyota,False,YARIS,False,__OTHER__,True,True
18870178,Toyota,YARIS,J,2014,154197,209000.000000,-7908.233320,216908.233320,216908.233320,103.783844,<500k,Toyota,False,YARIS,False,__OTHER__,True,True
19313657,Honda,CR-V,DT EL,2018,107500,579000.000000,-7783.931314,586783.931314,586783.931314,101.344375,500k-1M,Honda,False,CR-V,False,__OTHER__,True,True
19286895,Ford,RANGER,WildTrak Double Cab Hi-Rider,2013,147500,329000.000000,-7406.655461,336406.655461,336406.655461,102.251263,<500k,Ford,False,RANGER,False,__OTHER__,True,True
18130049,Mercedes-Benz,E220,Classic CDI,2003,197500,198000.000000,-7397.184505,205397.184505,205397.184505,103.735952,<500k,Mercedes-Benz,False,__OTHER__,True,__OTHER__,True,True
18860763,Mitsubishi,ATTRAGE,GLX,2016,247500,219000.000000,-7239.765037,226239.765037,226239.765037,103.305829,<500k,Mitsubishi,False,ATTRAGE,False,GLX,False,False
19327474,Toyota,HILUX REVO,J Single Cab,2015,262500,299000.000000,-7178.152900,306178.152900,306178.152900,102.400720,<500k,Toyota,False,HILUX REVO,False,__OTHER__,True,True
19264246,MG,MG3,D,2017,187500,124000.000000,-7170.879179,131170.879179,131170.879179,105.782967,<500k,MG,False,__OTHER__,True,__OTHER__,True,True
19238889,Nissan,Note,VL,2019,162500,255000.000000,-7030.434955,262030.434955,262030.434955,102.757033,<500k,Nissan,False,__OTHER__,True,__OTHER__,True,True
19195539,Mini,ONE,,2010,57500,359000.000000,-7000.664257,366000.664257,366000.664257,101.950046,<500k,Mini,False,__OTHER__,True,__MISSING__,False,True
18945872,Nissan,MARCH,E,2017,255163,199000.000000,-6975.812315,205975.812315,205975.812315,103.505433,<500k,Nissan,False,__OTHER__,True,E,False,True
18630393,Toyota,CAMRY,G Extremo,2014,177500,495000.000000,-6920.891079,501920.891079,501920.891079,101.398160,<500k,Toyota,False,CAMRY,False,__OTHER__,True,True
19254099,Toyota,YARIS,E,2012,277500,177000.000000,-6607.412315,183607.412315,183607.412315,103.733001,<500k,Toyota,False,YARIS,False,E,False,False
18861272,Mazda,CX-5,S,2015,227500,259000.000000,-6506.901283,265506.901283,265506.901283,102.512317,<500k,Mazda,False,CX-5,False,S,False,False
17985503,Toyota,YARIS,J,2014,152500,285000.000000,-6424.797255,291424.797255,291424.797255,102.254315,<500k,Toyota,False,YARIS,False,__OTHER__,True,True
18174651,BMW,730i,,1993,162500,299000.000000,-6302.435994,305302.435994,305302.435994,102.107838,<500k,BMW,False,__OTHER__,True,__MISSING__,False,True
19206080,Toyota,YARIS,J,2016,175461,279000.000000,-6288.739270,285288.739270,285288.739270,102.254028,<500k,Toyota,False,YARIS,False,__OTHER__,True,True
19059096,Honda,CR-V,DT EL,2019,197500,534000.000000,-6044.387763,540044.387763,540044.387763,101.131908,500k-1M,Honda,False,CR-V,False,__OTHER__,True,True
19024989,Toyota,VIOS,E,2012,177500,179000.000000,-5944.946849,184944.946849,184944.946849,103.321199,<500k,Toyota,False,VIOS,False,E,False,False
19316913,Toyota,VIOS,E,2012,177500,155000.000000,-5944.946849,160944.946849,160944.946849,103.835450,<500k,Toyota,False,VIOS,False,E,False,False
9952573,BMW,320d,SE,2008,217500,259000.000000,-5852.838841,264852.838841,264852.838841,102.259783,<500k,BMW,False,320d,False,__OTHER__,True,True
19254287,Nissan,MARCH,E,2018,213719,187000.000000,-5692.091669,192692.091669,192692.091669,103.043899,<500k,Nissan,False,__OTHER__,True,E,False,True
19099525,Toyota,Corolla Altis,G,2015,253244,289000.000000,-5688.649171,294688.649171,294688.649171,101.968391,<500k,Toyota,False,Corolla Altis,False,G,False,False
19323027,Suzuki,CELERIO,GL,2018,97500,189000.000000,-5688.623056,194688.623056,194688.623056,103.009853,<500k,Suzuki,False,__OTHER__,True,__OTHER__,True,True
19060633,Ford,RANGER,XLT Double Cab Hi-Rider,2016,272500,304000.000000,-5445.732114,309445.732114,309445.732114,101.791359,<500k,Ford,False,RANGER,False,__OTHER__,True,True
16674726,Nissan,MARCH,S,2018,47500,209000.000000,-5290.211926,214290.211926,214290.211926,102.531202,<500k,Nissan,False,__OTHER__,True,S,False,True
19115868,Toyota,HILUX REVO,Prerunner TRD Sportivo Smart Cab,2017,62500,480000.000000,-5280.724800,485280.724800,485280.724800,101.100151,<500k,Toyota,False,HILUX REVO,False,__OTHER__,True,True
19219140,Nissan,MARCH,E,2018,188636,229000.000000,-5163.994254,234163.994254,234163.994254,102.255019,<500k,Nissan,False,__OTHER__,True,E,False,True
18524499,Toyota,Yaris Ativ,S,2019,297500,339000.000000,-4826.197584,343826.197584,343826.197584,101.423657,<500k,Toyota,False,Yaris Ativ,False,S,False,False
19011201,Isuzu,D-MAX,Hi-Lander Z-Prestige Cab-4,2018,132500,599000.000000,-4817.834941,603817.834941,603817.834941,100.804313,500k-1M,Isuzu,False,D-MAX,False,__OTHER__,True,True
19327451,Nissan,JUKE,V,2014,142500,199000.000000,-4700.087238,203700.087238,203700.087238,102.361853,<500k,Nissan,False,__OTHER__,True,V,False,True
19231538,Nissan,JUKE,V,2014,142500,199000.000000,-4700.087238,203700.087238,203700.087238,102.361853,<500k,Nissan,False,__OTHER__,True,V,False,True
17873800,Toyota,YARIS,G,2013,172500,248000.000000,-4615.097089,252615.097089,252615.097089,101.860926,<500k,Toyota,False,YARIS,False,G,False,False
19308547,Mitsubishi,TRITON,GLS CNG Plus Double Cab,2014,162500,129000.000000,-4521.585024,133521.585024,133521.585024,103.505105,<500k,Mitsubishi,False,TRITON,False,__OTHER__,True,True
18723154,Toyota,CAMRY,G,2012,130116,319000.000000,-4422.710652,323422.710652,323422.710652,101.386430,<500k,Toyota,False,CAMRY,False,G,False,False
19269801,MG,ZS,D,2018,192500,259000.000000,-4421.876701,263421.876701,263421.876701,101.707288,<500k,MG,False,ZS,False,__OTHER__,True,True
19293062,Mitsubishi,SPACE WAGON,GLS,2004,246226,100000.000000,-4291.247630,104291.247630,104291.247630,104.291248,<500k,Mitsubishi,False,__OTHER__,True,__OTHER__,True,True
19037247,Nissan,ALMERA,E,2012,77500,115000.000000,-4277.291085,119277.291085,119277.291085,103.719384,<500k,Nissan,False,ALMERA,False,E,False,False
19285777,Honda,CIVIC,S,2011,192500,189000.000000,-4263.561620,193263.561620,193263.561620,102.255853,<500k,Honda,False,CIVIC,False,S,False,False
18848580,Suzuki,SWIFT,GL,2016,100634,189000.000000,-4260.056128,193260.056128,193260.056128,102.253998,<500k,Suzuki,False,SWIFT,False,__OTHER__,True,True
19150026,Honda,JAZZ,V,2012,167500,199000.000000,-4157.592869,203157.592869,203157.592869,102.089243,<500k,Honda,False,JAZZ,False,V,False,False
19120073,Mazda,2,High Connect,2016,157500,225000.000000,-4041.332720,229041.332720,229041.332720,101.796148,<500k,Mazda,False,2,False,__OTHER__,True,True
18757705,Toyota,HILUX VIGO,Champ E Prerunner Double Cab,2014,257500,304000.000000,-3914.884993,307914.884993,307914.884993,101.287791,<500k,Toyota,False,__OTHER__,True,__OTHER__,True,True
18943275,Toyota,VIOS,E,2013,232500,229000.000000,-3859.015386,232859.015386,232859.015386,101.685160,<500k,Toyota,False,VIOS,False,E,False,False
17200647,BMW,523i,,2001,222500,139000.000000,-3733.206567,142733.206567,142733.206567,102.685760,<500k,BMW,False,__OTHER__,True,__MISSING__,False,True
18760417,Toyota,FORTUNER,G,2012,482000,319000.000000,-3578.639119,322578.639119,322578.639119,101.121830,<500k,Toyota,False,FORTUNER,False,G,False,False
19339372,Toyota,Corolla Altis,E CNG,2013,192500,129000.000000,-3347.037321,132347.037321,132347.037321,102.594603,<500k,Toyota,False,Corolla Altis,False,__OTHER__,True,True
19188012,Honda,CIVIC,S (AS),2011,232500,179000.000000,-3320.219767,182320.219767,182320.219767,101.854871,<500k,Honda,False,CIVIC,False,__OTHER__,True,True
18875295,Toyota,VIOS,J,2015,316893,189000.000000,-3271.054284,192271.054284,192271.054284,101.730717,<500k,Toyota,False,VIOS,False,__OTHER__,True,True
19061936,Suzuki,Ciaz,GL,2015,92500,189000.000000,-3123.182213,192123.182213,192123.182213,101.652477,<500k,Suzuki,False,__OTHER__,True,__OTHER__,True,True
19237959,Honda,CIVIC,E,2009,207500,215000.000000,-3054.564645,218054.564645,218054.564645,101.420728,<500k,Honda,False,CIVIC,False,E,False,False
19210961,Toyota,VIOS,J,2013,111192,199000.000000,-2943.885125,201943.885125,201943.885125,101.479339,<500k,Toyota,False,VIOS,False,__OTHER__,True,True
18942272,Nissan,Note,V,2018,133583,249000.000000,-2816.582498,251816.582498,251816.582498,101.131158,<500k,Nissan,False,__OTHER__,True,V,False,True
19317487,Toyota,VIOS,S,2014,157500,249000.000000,-2783.183466,251783.183466,251783.183466,101.117744,<500k,Toyota,False,VIOS,False,S,False,False
18694889,Toyota,YARIS,G,2014,122500,229000.000000,-2778.282228,231778.282228,231778.282228,101.213224,<500k,Toyota,False,YARIS,False,G,False,False
19315650,Toyota,Corolla Altis,G,2014,192500,239000.000000,-2753.451136,241753.451136,241753.451136,101.152072,<500k,Toyota,False,Corolla Altis,False,G,False,False
19105331,Honda,Brio,V,2012,167500,169000.000000,-2639.421489,171639.421489,171639.421489,101.561788,<500k,Honda,False,__OTHER__,True,V,False,True
19125896,Honda,Brio,V,2012,167500,159000.000000,-2639.421489,161639.421489,161639.421489,101.660014,<500k,Honda,False,__OTHER__,True,V,False,True
18374365,Honda,JAZZ,S,2012,82500,209000.000000,-2590.122883,211590.122883,211590.122883,101.239293,<500k,Honda,False,JAZZ,False,S,False,False
18807997,Mazda,2,XD Sports High,2015,257500,238000.000000,-2392.228721,240392.228721,240392.228721,101.005138,<500k,Mazda,False,2,False,__OTHER__,True,True
18808004,Mazda,2,XD Sports High,2015,257500,238000.000000,-2392.228721,240392.228721,240392.228721,101.005138,<500k,Mazda,False,2,False,__OTHER__,True,True
18935169,Nissan,SYLPHY,V,2013,151232,159000.000000,-2371.153239,161371.153239,161371.153239,101.491291,<500k,Nissan,False,__OTHER__,True,V,False,True
19301291,Toyota,CAMRY,G,2009,162500,199000.000000,-2324.072022,201324.072022,201324.072022,101.167875,<500k,Toyota,False,CAMRY,False,G,False,False
18862040,Toyota,YARIS,J Eco,2014,147793,189000.000000,-2310.163455,191310.163455,191310.163455,101.222309,<500k,Toyota,False,YARIS,False,__OTHER__,True,True
19060336,Toyota,VIOS,J,2014,222500,210000.000000,-2295.384406,212295.384406,212295.384406,101.093040,<500k,Toyota,False,VIOS,False,__OTHER__,True,True
19134372,Isuzu,D-MAX,L Space Cab,2017,162500,388000.000000,-2184.738696,390184.738696,390184.738696,100.563077,<500k,Isuzu,False,D-MAX,False,__OTHER__,True,True
19301245,Honda,JAZZ,JP,2012,157500,225000.000000,-1993.168942,226993.168942,226993.168942,100.885853,<500k,Honda,False,JAZZ,False,__OTHER__,True,True
17940737,Toyota,VIOS,TRD Sportivo,2014,197500,229000.000000,-1839.841614,230839.841614,230839.841614,100.803424,<500k,Toyota,False,VIOS,False,__OTHER__,True,True
18834440,Toyota,VIOS,J,2014,197500,194000.000000,-1839.841614,195839.841614,195839.841614,100.948372,<500k,Toyota,False,VIOS,False,__OTHER__,True,True
19339325,Toyota,HILUX VIGO,Champ E TRD Sportivo Prerunner Double Cab,2013,167500,319000.000000,-1791.559058,320791.559058,320791.559058,100.561617,<500k,Toyota,False,__OTHER__,True,__OTHER__,True,True
19252571,Ford,RANGER,XLT Double Cab Hi-Rider,2013,157500,279000.000000,-1676.068090,280676.068090,280676.068090,100.600741,<500k,Ford,False,RANGER,False,__OTHER__,True,True
18068401,Toyota,HILUX REVO,J Plus Double Cab,2017,82500,364000.000000,-1365.507236,365365.507236,365365.507236,100.375139,<500k,Toyota,False,HILUX REVO,False,__OTHER__,True,True
18447697,Honda,CR-V,DT EL,2017,12500,549000.000000,-1289.845022,550289.845022,550289.845022,100.234944,500k-1M,Honda,False,CR-V,False,__OTHER__,True,True
19138612,Honda,JAZZ,SV,2013,242500,169000.000000,-1218.545627,170218.545627,170218.545627,100.721033,<500k,Honda,False,JAZZ,False,SV,False,False
18744262,Nissan,ALMERA,E,2013,127500,139000.000000,-1149.817106,140149.817106,140149.817106,100.827207,<500k,Nissan,False,ALMERA,False,E,False,False
19119896,Honda,Brio,S,2012,82500,168000.000000,-1071.951503,169071.951503,169071.951503,100.638066,<500k,Honda,False,__OTHER__,True,S,False,True
19199407,Toyota,Corolla Altis,E CNG,2014,297500,219000.000000,-1047.254823,220047.254823,220047.254823,100.478199,<500k,Toyota,False,Corolla Altis,False,__OTHER__,True,True
19111311,Suzuki,Ciaz,GL,2017,239401,199000.000000,-959.470287,199959.470287,199959.470287,100.482146,<500k,Suzuki,False,__OTHER__,True,__OTHER__,True,True
16767230,Honda,JAZZ,SV,2011,202500,169000.000000,-932.034553,169932.034553,169932.034553,100.551500,<500k,Honda,False,JAZZ,False,SV,False,False
19235217,Honda,Brio,V,2012,165215,155000.000000,-641.984006,155641.984006,155641.984006,100.414183,<500k,Honda,False,__OTHER__,True,V,False,True
17636769,Honda,City,V,2011,137500,265000.000000,-577.218709,265577.218709,265577.218709,100.217818,<500k,Honda,False,City,False,V,False,False
19150901,Toyota,Corolla Altis,G,2015,277500,239000.000000,-506.016715,239506.016715,239506.016715,100.211722,<500k,Toyota,False,Corolla Altis,False,G,False,False
19031054,Isuzu,D-MAX,S Cab-4,2018,127500,425000.000000,-447.074584,425447.074584,425447.074584,100.105194,<500k,Isuzu,False,D-MAX,False,__OTHER__,True,True
19113200,Isuzu,D-MAX,Hi-Lander Z Cab-4,2018,127500,479000.000000,-447.074584,479447.074584,479447.074584,100.093335,<500k,Isuzu,False,D-MAX,False,__OTHER__,True,True
18815138,Mazda,2,High Connect,2015,187500,218000.000000,-309.063169,218309.063169,218309.063169,100.141772,<500k,Mazda,False,2,False,__OTHER__,True,True
18935158,Nissan,Note,VL,2018,67194,269000.000000,-268.858129,269268.858129,269268.858129,100.099947,<500k,Nissan,False,__OTHER__,True,__OTHER__,True,True
19283208,Mitsubishi,ATTRAGE,GLX,2013,2500,129000.000000,-200.393402,129200.393402,129200.393402,100.155344,<500k,Mitsubishi,False,ATTRAGE,False,GLX,False,False
18997778,Toyota,YARIS,E,2011,182500,178000.000000,-113.326023,178113.326023,178113.326023,100.063666,<500k,Toyota,False,YARIS,False,E,False,False
18773106,Nissan,Note,VL,2018,62500,245000.000000,-28.457793,245028.457793,245028.457793,100.011615,<500k,Nissan,False,__OTHER__,True,__OTHER__,True,True
18226076,Mazda,CX-5,S,2014,132500,295000.000000,-12.814991,295012.814991,295012.814991,100.004344,<500k,Mazda,False,CX-5,False,S,False,False
