SOURCE_ROW_NUMBER,listing_id,brand,model,sub_model,model_year,raw_price,title,source_url,price,STATUS,REASON,GROUP_USED,GROUP_SIZE,GROUP_MEDIAN_PRICE,GROUP_LOG_MAD,PRICE_TO_MEDIAN_RATIO,MODIFIED_Z_SCORE
994,19340083,Toyota,HILUX REVO,Z Edition J Plus Smart Cab,2019,฿1,2019 Toyota HILUX REVO 2.4 Smart Cab Z Edition J Plus Pickup,https://www.one2car.com/en/for-sale/toyota-hilux-revo-z-edition-j-plus-smart-cab-bangkok-metropolitan-kanchanaphisek/19340083,1.0,SUSPECTED_OUTLIER,VERY_LOW_PRICE_REVIEW,,,,,,
1028,19339967,Toyota,CAMRY,V,2007,"฿33,888",2007 Toyota CAMRY 2.4 (ปี 06-12) V Sedan,https://www.one2car.com/en/for-sale/toyota-camry-v-bangkok-metropolitan-srinagarindra-thepharak/19339967,33888.0,SUSPECTED_OUTLIER,PRICE_LOW_VS_PEERS,BRAND_MODEL_YEAR,18,158999.99999999997,0.1429409459738169,0.21313207547169807,-7.294419757900749
1244,19186208,Mercedes-Benz,G400,d Professional Line,2025,฿1,2025 Mercedes-Benz G400 2.9 W463 d Professional Line AWD SUV,https://www.one2car.com/en/for-sale/mercedes-benz-g400-d-professional-line-bangkok-metropolitan-rama-iii-sathon-rama-iv/19186208,1.0,SUSPECTED_OUTLIER,VERY_LOW_PRICE_REVIEW,,,,,,
1254,19113166,Bentley,Flying Spur,Hybrid,2023,฿1,2023 Bentley Flying Spur 2.9 (ปี 20-26) Hybrid 4WD Sedan,https://www.one2car.com/en/for-sale/bentley-flying-spur-hybrid-bangkok-metropolitan-rama-iii-sathon-rama-iv/19113166,1.0,SUSPECTED_OUTLIER,VERY_LOW_PRICE_REVIEW,,,,,,
1420,19152131,Toyota,FORTUNER,V,2018,฿1,2018 Toyota FORTUNER 2.4 (ปี 15-25) V SUV,https://www.one2car.com/en/for-sale/toyota-fortuner-v-bangkok-metropolitan-kanchanaphisek/19152131,1.0,SUSPECTED_OUTLIER,VERY_LOW_PRICE_REVIEW,,,,,,
1421,6888327,Mercedes-Benz,E250,Elegance CDI BlueEFFICIENCY,2011,฿1,2011 Mercedes-Benz E250 2.1 W212 (ปี 10-16) Elegance CDI BlueEFFICIENCY Sedan,https://www.one2car.com/en/for-sale/mercedes-benz-e250-elegance-cdi-blueefficiency-bangkok-metropolitan-kanchanaphisek/6888327,1.0,SUSPECTED_OUTLIER,VERY_LOW_PRICE_REVIEW,,,,,,
1423,16923847,BMW,520d,Touring Sport,2012,฿1,2012 BMW 520d 2.0 F11 (ปี 10-16) Touring Sport Wagon,https://www.one2car.com/en/for-sale/bmw-520d-touring-sport-bangkok-metropolitan-kanchanaphisek/16923847,1.0,SUSPECTED_OUTLIER,VERY_LOW_PRICE_REVIEW,,,,,,
1480,19276994,Toyota,VELLFIRE,Hybrid E-Four,2016,฿1,2016 Toyota VELLFIRE 2.5 (ปี 15-23) Hybrid E-Four AWD Van,https://www.one2car.com/en/for-sale/toyota-vellfire-hybrid-e-four-bangkok-metropolitan-kanchanaphisek/19276994,1.0,SUSPECTED_OUTLIER,VERY_LOW_PRICE_REVIEW,,,,,,
1481,19027226,BMW,320i,,2014,฿1,2014 BMW 320i 2.0 F30 (ปี 11-16) Sedan,https://www.one2car.com/en/for-sale/bmw-320i-bangkok-metropolitan-kanchanaphisek/19027226,1.0,SUSPECTED_OUTLIER,VERY_LOW_PRICE_REVIEW,,,,,,
1483,19319561,BMW,520d,,2013,฿1,2013 BMW 520d 2.0 F10 (ปี 10-16) Sedan,https://www.one2car.com/en/for-sale/bmw-520d-bangkok-metropolitan-kanchanaphisek/19319561,1.0,SUSPECTED_OUTLIER,VERY_LOW_PRICE_REVIEW,,,,,,
1485,19176910,BMW,X1,sDrive18d xLine,2016,฿1,2016 BMW X1 2.0 F48 (ปี 16-20) sDrive18d xLine SUV,https://www.one2car.com/en/for-sale/bmw-x1-sdrive18d-xline-bangkok-metropolitan-kanchanaphisek/19176910,1.0,SUSPECTED_OUTLIER,VERY_LOW_PRICE_REVIEW,,,,,,
1489,19224811,Toyota,CAMRY,Hybrid,2021,฿1,2021 Toyota CAMRY 2.5 (ปี 18-24) Hybrid Sedan,https://www.one2car.com/en/for-sale/toyota-camry-hybrid-bangkok-metropolitan-kanchanaphisek/19224811,1.0,SUSPECTED_OUTLIER,VERY_LOW_PRICE_REVIEW,,,,,,
1491,19036230,Mercedes-Benz,E220,Avantgarde CDI,2009,฿1,2009 Mercedes-Benz E220 2.1 W211 (ปี 03-09) Avantgarde CDI Sedan,https://www.one2car.com/en/for-sale/mercedes-benz-e220-avantgarde-cdi-bangkok-metropolitan-kanchanaphisek/19036230,1.0,SUSPECTED_OUTLIER,VERY_LOW_PRICE_REVIEW,,,,,,
1515,16994377,Toyota,ALPHARD,HV,2014,฿1,2014 Toyota ALPHARD 2.4 (ปี 08-14) HV 4WD Van,https://www.one2car.com/en/for-sale/toyota-alphard-hv-bangkok-metropolitan-kanchanaphisek/16994377,1.0,SUSPECTED_OUTLIER,VERY_LOW_PRICE_REVIEW,,,,,,
1516,19004484,BMW,320d,M Sport,2021,฿1,2021 BMW 320d 2.0 G20 (ปี 19-26) M Sport Sedan,https://www.one2car.com/en/for-sale/bmw-320d-m-sport-bangkok-metropolitan-kanchanaphisek/19004484,1.0,SUSPECTED_OUTLIER,VERY_LOW_PRICE_REVIEW,,,,,,
1517,19069466,Honda,ACCORD,e:HEV EL+,2022,฿1,2022 Honda ACCORD 2.0 (ปี 19-23) e:HEV EL+ Sedan,https://www.one2car.com/en/for-sale/honda-accord-e-hev-el-plus-bangkok-metropolitan-kanchanaphisek/19069466,1.0,SUSPECTED_OUTLIER,VERY_LOW_PRICE_REVIEW,,,,,,
1802,19201396,Porsche,911,Targa,1996,฿1,1996 Porsche 911 3.6 993 Targa Coupe,https://www.one2car.com/en/for-sale/porsche-911-targa-bangkok-metropolitan-pattanakarn-rama-ix/19201396,1.0,SUSPECTED_OUTLIER,VERY_LOW_PRICE_REVIEW,,,,,,
1803,19214608,Porsche,911,Carrera S,2012,฿1,2012 Porsche 911 3.8 991 Carrera S Coupe,https://www.one2car.com/en/for-sale/porsche-911-carrera-s-bangkok-metropolitan-pattanakarn-rama-ix/19214608,1.0,SUSPECTED_OUTLIER,VERY_LOW_PRICE_REVIEW,,,,,,
1806,19221418,Porsche,911,Turbo,2007,฿1,2007 Porsche 911 3.6 997 Turbo 4WD Coupe,https://www.one2car.com/en/for-sale/porsche-911-turbo-bangkok-metropolitan-pattanakarn-rama-ix/19221418,1.0,SUSPECTED_OUTLIER,VERY_LOW_PRICE_REVIEW,,,,,,
2354,19010268,Ferrari,F8,Tributo,2022,฿1,2022 Ferrari F8 3.9 (ปี 20-27) Tributo Coupe,https://www.one2car.com/en/for-sale/ferrari-f8-tributo-bangkok-metropolitan-ratchadaphisek-huai-khwang-lat-phrao-phetchaburi/19010268,1.0,SUSPECTED_OUTLIER,VERY_LOW_PRICE_REVIEW,,,,,,
2356,18537785,Ferrari,488,GTB,2018,฿1,2018 Ferrari 488 3.9 (ปี 15-18) GTB Coupe,https://www.one2car.com/en/for-sale/ferrari-488-gtb-bangkok-metropolitan-ratchadaphisek-huai-khwang-lat-phrao-phetchaburi/18537785,1.0,SUSPECTED_OUTLIER,VERY_LOW_PRICE_REVIEW,,,,,,
2358,19013172,Ferrari,296,GTB,2023,฿1,2023 Ferrari 296 3.0 (ปี 22-32) GTB Coupe,https://www.one2car.com/en/for-sale/ferrari-296-gtb-bangkok-metropolitan-ratchadaphisek-huai-khwang-lat-phrao-phetchaburi/19013172,1.0,SUSPECTED_OUTLIER,VERY_LOW_PRICE_REVIEW,,,,,,
2359,19013235,Ferrari,SF90 Stradale,,2021,฿1,2021 Ferrari SF90 Stradale 4.0 (ปี 20-27) Coupe,https://www.one2car.com/en/for-sale/ferrari-sf90-stradale-bangkok-metropolitan-ratchadaphisek-huai-khwang-lat-phrao-phetchaburi/19013235,1.0,SUSPECTED_OUTLIER,VERY_LOW_PRICE_REVIEW,,,,,,
2362,18818926,Ferrari,Portofino,M,2023,฿1,2023 Ferrari Portofino 3.9 (ปี 18-24) M Convertible,https://www.one2car.com/en/for-sale/ferrari-portofino-m-bangkok-metropolitan-ratchadaphisek-huai-khwang-lat-phrao-phetchaburi/18818926,1.0,SUSPECTED_OUTLIER,VERY_LOW_PRICE_REVIEW,,,,,,
2363,18291088,Ferrari,SF90 Stradale,,2023,฿1,2023 Ferrari SF90 Stradale 4.0 (ปี 20-27) Coupe,https://www.one2car.com/en/for-sale/ferrari-sf90-stradale-bangkok-metropolitan-ratchadaphisek-huai-khwang-lat-phrao-phetchaburi/18291088,1.0,SUSPECTED_OUTLIER,VERY_LOW_PRICE_REVIEW,,,,,,
2365,16441999,Ferrari,F8,Spider,2023,฿1,2024 Ferrari F8 3.9 (ปี 20-27) Spider Convertible,https://www.one2car.com/en/for-sale/ferrari-f8-spider-bangkok-metropolitan-ratchadaphisek-huai-khwang-lat-phrao-phetchaburi/16441999,1.0,SUSPECTED_OUTLIER,VERY_LOW_PRICE_REVIEW,,,,,,
2366,16722126,Ferrari,Roma,,2023,฿1,2024 Ferrari Roma 3.9 (ปี 20-28) Coupe,https://www.one2car.com/en/for-sale/ferrari-roma-bangkok-metropolitan-ratchadaphisek-huai-khwang-lat-phrao-phetchaburi/16722126,1.0,SUSPECTED_OUTLIER,VERY_LOW_PRICE_REVIEW,,,,,,
2367,17145443,Ferrari,Portofino,,2020,฿1,2020 Ferrari Portofino 3.9 (ปี 18-24) Convertible,https://www.one2car.com/en/for-sale/ferrari-portofino-bangkok-metropolitan-ratchadaphisek-huai-khwang-lat-phrao-phetchaburi/17145443,1.0,SUSPECTED_OUTLIER,VERY_LOW_PRICE_REVIEW,,,,,,
2416,19106711,Isuzu,MU-X,Ultimate,2021,฿1,2021 Isuzu MU-X 1.9 (ปี 20-26) Ultimate SUV,https://www.one2car.com/en/for-sale/isuzu-mu-x-ultimate-bangkok-metropolitan-khlong-luang/19106711?auc=true,1.0,SUSPECTED_OUTLIER,VERY_LOW_PRICE_REVIEW,,,,,,
2420,18273974,Mercedes-Benz,E220,,1995,฿1,1995 Mercedes-Benz E220 2.2 W124 (ปี 85-96) Convertible,https://www.one2car.com/en/for-sale/mercedes-benz-e220-bangkok-metropolitan-pattanakarn-rama-ix/18273974,1.0,SUSPECTED_OUTLIER,VERY_LOW_PRICE_REVIEW,,,,,,
2421,19106421,Saab,900,S,1993,฿1,1993 Saab 900 2.0 (ปี 92-98) S Convertible,https://www.one2car.com/en/for-sale/saab-900-s-bangkok-metropolitan-liab-duan-ram-inthra-kasetnawamin/19106421,1.0,SUSPECTED_OUTLIER,VERY_LOW_PRICE_REVIEW,,,,,,
2422,12803698,Mercedes-Benz,E220,,1995,฿1,1995 Mercedes-Benz E220 2.2 W124 (ปี 85-96) Convertible,https://www.one2car.com/en/for-sale/mercedes-benz-e220-bangkok-metropolitan-ratchadaphisek-huai-khwang-lat-phrao-phetchaburi/12803698,1.0,SUSPECTED_OUTLIER,VERY_LOW_PRICE_REVIEW,,,,,,
2424,17780720,Mercedes-Benz,SL500,,1980,฿1,1980 Mercedes-Benz SL500 5.0 R107 (ปี 72-89) Convertible,https://www.one2car.com/en/for-sale/mercedes-benz-sl500-bangkok-metropolitan-pattanakarn-rama-ix/17780720,1.0,SUSPECTED_OUTLIER,VERY_LOW_PRICE_REVIEW,,,,,,
2425,18302344,Ferrari,F355,Berlinetta,1995,฿1,1998 Ferrari F355 3.5 (ปี 94-99) Berlinetta Coupe,https://www.one2car.com/en/for-sale/ferrari-f355-berlinetta-bangkok-metropolitan-pattanakarn-rama-ix/18302344,1.0,SUSPECTED_OUTLIER,VERY_LOW_PRICE_REVIEW,,,,,,
2426,13866984,Mercedes-Benz,E220,,1995,฿1,1995 Mercedes-Benz E220 2.2 W124 (ปี 85-96) Convertible,https://www.one2car.com/en/for-sale/mercedes-benz-e220-bangkok-metropolitan-ratchadaphisek-huai-khwang-lat-phrao-phetchaburi/13866984,1.0,SUSPECTED_OUTLIER,VERY_LOW_PRICE_REVIEW,,,,,,
2427,18308645,Land Rover,Series III,,1971,฿1,1971 Land Rover Series III 2.3 (ปี 71-85) Pickup,https://www.one2car.com/en/for-sale/land-rover-series-iii-bangkok-metropolitan-pattanakarn-rama-ix/18308645,1.0,SUSPECTED_OUTLIER,VERY_LOW_PRICE_REVIEW,,,,,,
2429,18273893,Porsche,911,Carrera,1995,฿1,1995 Porsche 911 993 Carrera Coupe,https://www.one2car.com/en/for-sale/porsche-911-carrera-bangkok-metropolitan-pattanakarn-rama-ix/18273893,1.0,SUSPECTED_OUTLIER,VERY_LOW_PRICE_REVIEW,,,,,,
2430,16499493,Porsche,CAYENNE,GTS,2015,฿1,2015 Porsche CAYENNE 3.6 (ปี 10-16) GTS 4WD SUV,https://www.one2car.com/en/for-sale/porsche-cayenne-gts-bangkok-metropolitan-ratchadaphisek-huai-khwang-lat-phrao-phetchaburi/16499493,1.0,SUSPECTED_OUTLIER,VERY_LOW_PRICE_REVIEW,,,,,,
2431,19306052,Mercedes-Benz,300TD,,1986,฿1,1986 Mercedes-Benz 300TD 3.0 W123 (ปี 76-85) Wagon,https://www.one2car.com/en/for-sale/mercedes-benz-300td-bangkok-metropolitan-ratchadaphisek-huai-khwang-lat-phrao-phetchaburi/19306052,1.0,SUSPECTED_OUTLIER,VERY_LOW_PRICE_REVIEW,,,,,,
2441,19285314,Honda,City,SV,2022,฿1,2023 Honda City 1.0 (ปี 19-26) SV Sedan,https://www.one2car.com/en/for-sale/honda-city-sv-bangkok-metropolitan-min-buri/19285314,1.0,SUSPECTED_OUTLIER,VERY_LOW_PRICE_REVIEW,,,,,,
2516,9377210,BMW,318i,,1987,฿1,1987 BMW 318i 1.8 E30 (ปี 82-93) Coupe,https://www.one2car.com/en/for-sale/bmw-318i-bangkok-metropolitan-pattanakarn-rama-ix/9377210,1.0,SUSPECTED_OUTLIER,VERY_LOW_PRICE_REVIEW,,,,,,
2518,18818840,MCLAREN,765LT,,2021,฿1,2021 MCLAREN 765LT 4.0 (ปี 18-24) Coupe,https://www.one2car.com/en/for-sale/mclaren-765lt-bangkok-metropolitan-pattanakarn-rama-ix/18818840,1.0,SUSPECTED_OUTLIER,VERY_LOW_PRICE_REVIEW,,,,,,
2519,11058355,BMW,316i,,1982,฿1,1983 BMW 316i 1.6 E21 (ปี 75-83) Coupe,https://www.one2car.com/en/for-sale/bmw-316i-bangkok-metropolitan-pattanakarn-rama-ix/11058355,1.0,SUSPECTED_OUTLIER,VERY_LOW_PRICE_REVIEW,,,,,,
2521,13426471,MCLAREN,Artura,,2022,฿1,2022 MCLAREN Artura 3.0 (ปี 21-28) Coupe,https://www.one2car.com/en/for-sale/mclaren-artura-bangkok-metropolitan-pattanakarn-rama-ix/13426471,1.0,SUSPECTED_OUTLIER,VERY_LOW_PRICE_REVIEW,,,,,,
2522,18718055,MCLAREN,675LT,,2016,฿1,2016 MCLAREN 675LT 3.8 (ปี 15-18) Coupe,https://www.one2car.com/en/for-sale/mclaren-675lt-bangkok-metropolitan-pattanakarn-rama-ix/18718055,1.0,SUSPECTED_OUTLIER,VERY_LOW_PRICE_REVIEW,,,,,,
2523,11307558,MCLAREN,570S,,2016,฿1,2019 MCLAREN 570S 3.8 (ปี 15-20) Coupe,https://www.one2car.com/en/for-sale/mclaren-570s-bangkok-metropolitan-pattanakarn-rama-ix/11307558,1.0,SUSPECTED_OUTLIER,VERY_LOW_PRICE_REVIEW,,,,,,
2525,14018018,BMW,M3,,2009,฿1,2009 BMW M3 4.0 E92 (ปี 05-13) Coupe,https://www.one2car.com/en/for-sale/bmw-m3-bangkok-metropolitan-pattanakarn-rama-ix/14018018,1.0,SUSPECTED_OUTLIER,VERY_LOW_PRICE_REVIEW,,,,,,
2699,19217352,TESLA,Model Y,Long Range,2021,฿1,2022 TESLA Model Y 0.0 Long Range 4WD SUV,https://www.one2car.com/en/for-sale/tesla-model-y-long-range-bangkok-metropolitan-pak-kret/19217352?auc=true,1.0,SUSPECTED_OUTLIER,VERY_LOW_PRICE_REVIEW,,,,,,
2701,19193797,DEEPAL,L07,,2024,฿1,2024 DEEPAL L07 0.0 (ปี 23-30) Sedan,https://www.one2car.com/en/for-sale/deepal-l07-bangkok-metropolitan-pak-kret/19193797?auc=true,1.0,SUSPECTED_OUTLIER,VERY_LOW_PRICE_REVIEW,,,,,,
2706,19193781,Nextem,Orca,Mini EV Truck,2026,฿1,2026 Nextem Orca 0.0 (ปี 23-28) Mini EV Truck Pickup,https://www.one2car.com/en/for-sale/nextem-orca-mini-ev-truck-bangkok-metropolitan-pak-kret/19193781?auc=true,1.0,SUSPECTED_OUTLIER,VERY_LOW_PRICE_REVIEW,,,,,,
2742,19338852,Aion,V,500 Premium,2026,฿1,2026 Aion V 0.0 (ปี 24-31) 500 Premium SUV,https://www.one2car.com/en/for-sale/aion-v-500-premium-bangkok-metropolitan-pak-kret/19338852?auc=true,1.0,SUSPECTED_OUTLIER,VERY_LOW_PRICE_REVIEW,,,,,,
2746,18860959,Porsche,911,Turbo S,2020,฿1,2021 Porsche 911 3.7 992 Turbo S Convertible,https://www.one2car.com/en/for-sale/porsche-911-turbo-s-bangkok-metropolitan-pattanakarn-rama-ix/18860959,1.0,SUSPECTED_OUTLIER,VERY_LOW_PRICE_REVIEW,,,,,,
2747,19338830,DEEPAL,S07,,2023,฿1,2024 DEEPAL S07 0.0 (ปี 23-30) SUV,https://www.one2car.com/en/for-sale/deepal-s07-bangkok-metropolitan-pak-kret/19338830?auc=true,1.0,SUSPECTED_OUTLIER,VERY_LOW_PRICE_REVIEW,,,,,,
2748,19080156,Volkswagen,ID. Buzz,,2024,฿1,2024 Volkswagen ID. Buzz 0.0 (ปี 22-30) Van,https://www.one2car.com/en/for-sale/volkswagen-id.-buzz-bangkok-metropolitan-kanchanaphisek/19080156,1.0,SUSPECTED_OUTLIER,VERY_LOW_PRICE_REVIEW,,,,,,
2750,19088474,Porsche,911,Turbo S,2023,฿1,2023 Porsche 911 3.7 992 Turbo S AWD Convertible,https://www.one2car.com/en/for-sale/porsche-911-turbo-s-bangkok-metropolitan-pattanakarn-rama-ix/19088474,1.0,SUSPECTED_OUTLIER,VERY_LOW_PRICE_REVIEW,,,,,,
2752,18710585,Lamborghini,Urus,Performante,2025,฿1,2025 Lamborghini Urus 4.0 (ปี 18-25) Performante AWD SUV,https://www.one2car.com/en/for-sale/lamborghini-urus-performante-bangkok-metropolitan-pattanakarn-rama-ix/18710585,1.0,SUSPECTED_OUTLIER,VERY_LOW_PRICE_REVIEW,,,,,,
2754,18921201,Mercedes-Benz,E43,AMG 4MATIC,2018,฿1,2018 Mercedes-Benz E43 3.0 W213 (ปี 16-23) AMG 4MATIC 4WD Wagon,https://www.one2car.com/en/for-sale/mercedes-benz-e43-amg-4matic-bangkok-metropolitan-pattanakarn-rama-ix/18921201,1.0,SUSPECTED_OUTLIER,VERY_LOW_PRICE_REVIEW,,,,,,
2756,19089581,Porsche,911,Dakar,2025,฿1,2025 Porsche 911 3.0 992 Dakar 4WD Coupe,https://www.one2car.com/en/for-sale/porsche-911-dakar-bangkok-metropolitan-pattanakarn-rama-ix/19089581,1.0,SUSPECTED_OUTLIER,VERY_LOW_PRICE_REVIEW,,,,,,
2758,18507270,Porsche,911,Carrera 2,1990,฿1,1990 Porsche 911 3.6 964 Carrera 2 Convertible,https://www.one2car.com/en/for-sale/porsche-911-carrera-2-bangkok-metropolitan-pattanakarn-rama-ix/18507270,1.0,SUSPECTED_OUTLIER,VERY_LOW_PRICE_REVIEW,,,,,,
2760,19086371,Porsche,911,GT3 RS,2025,฿1,2025 Porsche 911 4.0 992 GT3 RS Coupe,https://www.one2car.com/en/for-sale/porsche-911-gt3-rs-bangkok-metropolitan-pattanakarn-rama-ix/19086371,1.0,SUSPECTED_OUTLIER,VERY_LOW_PRICE_REVIEW,,,,,,
2762,18726978,Lamborghini,Urus,,2021,฿1,2021 Lamborghini Urus 4.0 (ปี 18-25) AWD SUV,https://www.one2car.com/en/for-sale/lamborghini-urus-bangkok-metropolitan-pattanakarn-rama-ix/18726978,1.0,SUSPECTED_OUTLIER,VERY_LOW_PRICE_REVIEW,,,,,,
2764,19137313,Porsche,911,Turbo S,2021,฿1,2021 Porsche 911 3.7 992 Turbo S AWD Coupe,https://www.one2car.com/en/for-sale/porsche-911-turbo-s-bangkok-metropolitan-pattanakarn-rama-ix/19137313,1.0,SUSPECTED_OUTLIER,VERY_LOW_PRICE_REVIEW,,,,,,
2773,19338500,Aion,V,602 Luxury,2024,฿1,2025 Aion V 0.0 (ปี 24-31) 602 Luxury SUV,https://www.one2car.com/en/for-sale/aion-v-602-luxury-bangkok-metropolitan-pak-kret/19338500?auc=true,1.0,SUSPECTED_OUTLIER,VERY_LOW_PRICE_REVIEW,,,,,,
2822,10720184,Lamborghini,HURACAN,LP610-4 Spyder,2016,฿1,2018 Lamborghini HURACAN 5.2 (ปี 14-24) LP610-4 Spyder Convertible,https://www.one2car.com/en/for-sale/lamborghini-huracan-lp610-4-spyder-bangkok-metropolitan-liab-duan-ram-inthra-kasetnawamin/10720184,1.0,SUSPECTED_OUTLIER,VERY_LOW_PRICE_REVIEW,,,,,,
2828,18693360,Lamborghini,HURACAN,EVO,2020,฿1,2020 Lamborghini HURACAN 5.2 (ปี 14-24) EVO Coupe,https://www.one2car.com/en/for-sale/lamborghini-huracan-evo-bangkok-metropolitan-liab-duan-ram-inthra-kasetnawamin/18693360,1.0,SUSPECTED_OUTLIER,VERY_LOW_PRICE_REVIEW,,,,,,
2867,18746509,Isuzu,ELF,NLR,2025,฿1,2025 Isuzu ELF 3.0 รวมทุกโฉม NLR Truck,https://www.one2car.com/en/for-sale/isuzu-elf-nlr-bangkok-metropolitan-bang-na-kingkaew-lat-krabang/18746509,1.0,SUSPECTED_OUTLIER,VERY_LOW_PRICE_REVIEW,,,,,,
3054,18756963,Porsche,911,Carrera S,2012,฿1,2012 Porsche 911 3.8 991 Carrera S Coupe,https://www.one2car.com/en/for-sale/porsche-911-carrera-s-bangkok-metropolitan-rama-iii-sathon-rama-iv/18756963,1.0,SUSPECTED_OUTLIER,VERY_LOW_PRICE_REVIEW,,,,,,
3496,19316948,Honda,ACCORD,Hybrid TECH,2014,฿1,2014 Honda ACCORD 2.0 (ปี 13-19) Hybrid TECH Sedan,https://www.one2car.com/en/for-sale/honda-accord-hybrid-tech-bangkok-metropolitan-kanchanaphisek/19316948,1.0,SUSPECTED_OUTLIER,VERY_LOW_PRICE_REVIEW,,,,,,
3656,18222468,Toyota,FORTUNER,Legender,2021,฿1,2021 Toyota FORTUNER 2.8 (ปี 15-25) Legender SUV,https://www.one2car.com/en/for-sale/toyota-fortuner-legender-eastern-region-bo-thong/18222468?auc=true,1.0,SUSPECTED_OUTLIER,VERY_LOW_PRICE_REVIEW,,,,,,
3775,19318269,Toyota,FORTUNER,Legender,2021,฿1,2021 Toyota FORTUNER 2.4 (ปี 15-25) Legender SUV,https://www.one2car.com/en/for-sale/toyota-fortuner-legender-eastern-region-phanat-nikhom/19318269?auc=true,1.0,SUSPECTED_OUTLIER,VERY_LOW_PRICE_REVIEW,,,,,,
5058,19328225,Mitsubishi,ATTRAGE,GLX,2018,"฿24,500,000",2018 Mitsubishi ATTRAGE 1.2 (ปี 13-18) GLX Sedan,https://www.one2car.com/en/for-sale/mitsubishi-attrage-glx-southern-region-mueang-phuket/19328225,24500000.0,SUSPECTED_OUTLIER,PRICE_HIGH_VS_PEERS,BRAND_MODEL_SUB_MODEL_YEAR,58,219000.00000000017,0.04673747785169091,111.87214611872155,31.818570717001563
5285,19237937,Toyota,HILUX REVO,Z Edition Mid Double Cab,2023,฿1,2023 Toyota HILUX REVO 2.4 Double Cab Z Edition Mid Pickup,https://www.one2car.com/en/for-sale/toyota-hilux-revo-z-edition-mid-double-cab-bangkok-metropolitan-bang-na-kingkaew-lat-krabang/19237937,1.0,SUSPECTED_OUTLIER,VERY_LOW_PRICE_REVIEW,,,,,,
5338,19324175,Toyota,FORTUNER,V,2006,฿1,2006 Toyota FORTUNER 3.0 (ปี 04-08) V 4WD SUV,https://www.one2car.com/en/for-sale/toyota-fortuner-v-bangkok-metropolitan-srinagarindra-thepharak/19324175,1.0,SUSPECTED_OUTLIER,VERY_LOW_PRICE_REVIEW,,,,,,
5364,18227556,Toyota,FORTUNER,Legender,2021,฿1,2021 Toyota FORTUNER 2.4 (ปี 15-25) Legender SUV,https://www.one2car.com/en/for-sale/toyota-fortuner-legender-eastern-region-phan-thong/18227556?auc=true,1.0,SUSPECTED_OUTLIER,VERY_LOW_PRICE_REVIEW,,,,,,
5440,19331985,Mercedes-Benz,E300,AMG Dynamic,2018,฿1,2018 Mercedes-Benz E300 2.0 W238 (ปี 17-24) AMG Dynamic Coupe,https://www.one2car.com/en/for-sale/mercedes-benz-e300-amg-dynamic-bangkok-metropolitan-kanchanaphisek/19331985,1.0,SUSPECTED_OUTLIER,VERY_LOW_PRICE_REVIEW,,,,,,
5544,18687318,Porsche,CAYENNE,,2021,฿1,2021 Porsche CAYENNE 3.0 (ปี 18-25) 4WD SUV,https://www.one2car.com/en/for-sale/porsche-cayenne-bangkok-metropolitan-pattanakarn-rama-ix/18687318,1.0,SUSPECTED_OUTLIER,VERY_LOW_PRICE_REVIEW,,,,,,
5546,17700206,Porsche,718,Boxster,2016,฿1,2016 Porsche 718 2.0 982 Boxster Convertible,https://www.one2car.com/en/for-sale/porsche-718-boxster-bangkok-metropolitan-pattanakarn-rama-ix/17700206,1.0,SUSPECTED_OUTLIER,VERY_LOW_PRICE_REVIEW,,,,,,
5547,19216970,Toyota,GR Yaris,,2026,฿1,2026 Toyota GR Yaris 1.6 (ปี 20-26) AWD Hatchback,https://www.one2car.com/en/for-sale/toyota-gr-yaris-bangkok-metropolitan-pattanakarn-rama-ix/19216970,1.0,SUSPECTED_OUTLIER,VERY_LOW_PRICE_REVIEW,,,,,,
5548,19195430,Porsche,PANAMERA,4 E-Hybrid Executive,2022,฿1,2022 Porsche PANAMERA 2.9 (ปี 16-20) 4 E-Hybrid Executive AWD Sedan,https://www.one2car.com/en/for-sale/porsche-panamera-4-e-hybrid-executive-bangkok-metropolitan-pattanakarn-rama-ix/19195430,1.0,SUSPECTED_OUTLIER,VERY_LOW_PRICE_REVIEW,,,,,,
5550,13200850,Porsche,CAYENNE,E-Hybrid Coupe,2020,฿100,2020 Porsche CAYENNE 3.0 (ปี 18-25) E-Hybrid Coupe 4WD SUV,https://www.one2car.com/en/for-sale/porsche-cayenne-e-hybrid-coupe-bangkok-metropolitan-pattanakarn-rama-ix/13200850,100.0,SUSPECTED_OUTLIER,VERY_LOW_PRICE_REVIEW,,,,,,
5551,19274779,Porsche,MACAN,,2023,฿1,2023 Porsche MACAN 2.0 (ปี 19-23) AWD SUV,https://www.one2car.com/en/for-sale/porsche-macan-bangkok-metropolitan-pattanakarn-rama-ix/19274779,1.0,SUSPECTED_OUTLIER,VERY_LOW_PRICE_REVIEW,,,,,,
5553,19325107,Porsche,911,Carrera,2016,฿1,2016 Porsche 911 3.0 991 Carrera Coupe,https://www.one2car.com/en/for-sale/porsche-911-carrera-bangkok-metropolitan-pattanakarn-rama-ix/19325107,1.0,SUSPECTED_OUTLIER,VERY_LOW_PRICE_REVIEW,,,,,,
5708,18807741,BMW,520d,Luxury,2017,฿1,2018 BMW 520d 2.0 G30 (ปี 17-22) Luxury Sedan,https://www.one2car.com/en/for-sale/bmw-520d-luxury-bangkok-metropolitan-srinagarindra-thepharak/18807741?auc=true,1.0,SUSPECTED_OUTLIER,VERY_LOW_PRICE_REVIEW,,,,,,
5983,19044845,BMW,520d,Luxury,2017,฿1,2018 BMW 520d 2.0 G30 (ปี 17-22) Luxury Sedan,https://www.one2car.com/en/for-sale/bmw-520d-luxury-bangkok-metropolitan-ratchadaphisek-huai-khwang-lat-phrao-phetchaburi/19044845?auc=true,1.0,SUSPECTED_OUTLIER,VERY_LOW_PRICE_REVIEW,,,,,,
5987,19324021,Toyota,Hilux Champ,Attractive Package,2024,฿1,2024 Toyota Hilux Champ 2.4 (ปี 23-30) Attractive Package Pickup,https://www.one2car.com/en/for-sale/toyota-hilux-champ-attractive-package-bangkok-metropolitan-bang-na-kingkaew-lat-krabang/19324021?auc=true,1.0,SUSPECTED_OUTLIER,VERY_LOW_PRICE_REVIEW,,,,,,
5988,19324038,Toyota,Corolla Altis,Hybrid Mid,2019,฿1,2019 Toyota Corolla Altis 1.8 (ปี 19-25) Hybrid Mid Sedan,https://www.one2car.com/en/for-sale/toyota-corolla-altis-hybrid-mid-bangkok-metropolitan-bang-na-kingkaew-lat-krabang/19324038?auc=true,1.0,SUSPECTED_OUTLIER,VERY_LOW_PRICE_REVIEW,,,,,,
6028,19247923,MCLAREN,720S,,2023,฿1,2023 MCLAREN 720S 4.0 (ปี 18-24) Coupe,https://www.one2car.com/en/for-sale/mclaren-720s-bangkok-metropolitan-liab-duan-ram-inthra-kasetnawamin/19247923,1.0,SUSPECTED_OUTLIER,VERY_LOW_PRICE_REVIEW,,,,,,
6031,19246976,Ferrari,599,GTB Fiorano F1,2008,฿1,2009 Ferrari 599 6.0 (ปี 06-13) GTB Fiorano F1 Coupe,https://www.one2car.com/en/for-sale/ferrari-599-gtb-fiorano-f1-bangkok-metropolitan-liab-duan-ram-inthra-kasetnawamin/19246976,1.0,SUSPECTED_OUTLIER,VERY_LOW_PRICE_REVIEW,,,,,,
7142,18719474,Lexus,LS500,Executive,2018,฿1,2018 Lexus LS500 3.4 (ปี 17-26) Executive Sedan,https://www.one2car.com/en/for-sale/lexus-ls500-executive-bangkok-metropolitan-rarm-intra-sukhaphiban5/18719474,1.0,SUSPECTED_OUTLIER,VERY_LOW_PRICE_REVIEW,,,,,,
7270,14109710,Honda,CIVIC,Type R,2020,฿1,2022 Honda CIVIC 2.0 FK8 (ปี 17-21) Type R Hatchback,https://www.one2car.com/en/for-sale/honda-civic-type-r-bangkok-metropolitan-rarm-intra-sukhaphiban5/14109710,1.0,SUSPECTED_OUTLIER,VERY_LOW_PRICE_REVIEW,,,,,,
7539,16675563,Isuzu,D-MAX,Z Cab-4,2020,฿1,2020 Isuzu D-Max 1.9 Cab-4 (ปี 19-26) Z Pickup,https://www.one2car.com/en/for-sale/isuzu-d-max-z-cab-4-eastern-region-si-racha/16675563,1.0,SUSPECTED_OUTLIER,VERY_LOW_PRICE_REVIEW,,,,,,
7573,19162443,Toyota,ESTIMA,G,2009,฿1,2009 Toyota ESTIMA 2.4 (ปี 06-21) G Wagon,https://www.one2car.com/en/for-sale/toyota-estima-g-bangkok-metropolitan-kanchanaphisek/19162443,1.0,SUSPECTED_OUTLIER,VERY_LOW_PRICE_REVIEW,,,,,,
7637,9925987,Porsche,911,Carrera S,2020,฿1,2021 Porsche 911 3.0 991 Carrera S Coupe,https://www.one2car.com/en/for-sale/porsche-911-carrera-s-bangkok-metropolitan-pattanakarn-rama-ix/9925987,1.0,SUSPECTED_OUTLIER,VERY_LOW_PRICE_REVIEW,,,,,,
7955,19227018,Mercedes-Benz,C300,Blue TEC Hybrid AMG Dynamic,2016,฿1,2016 Mercedes-Benz C300 2.1 W205 (ปี 14-22) Blue TEC Hybrid AMG Dynamic Sedan,https://www.one2car.com/en/for-sale/mercedes-benz-c300-blue-tec-hybrid-amg-dynamic-bangkok-metropolitan-kanchanaphisek/19227018,1.0,SUSPECTED_OUTLIER,VERY_LOW_PRICE_REVIEW,,,,,,
7957,19165645,Toyota,ALPHARD,S C-Package,2023,฿1,2023 Toyota ALPHARD 2.5 (ปี 15-23) S C-Package Van,https://www.one2car.com/en/for-sale/toyota-alphard-s-c-package-bangkok-metropolitan-kanchanaphisek/19165645,1.0,SUSPECTED_OUTLIER,VERY_LOW_PRICE_REVIEW,,,,,,
8171,19109198,Porsche,911,Carrera 2,1990,฿1,1990 Porsche 911 3.6 964 Carrera 2 Convertible,https://www.one2car.com/en/for-sale/porsche-911-carrera-2-bangkok-metropolitan-pattanakarn-rama-ix/19109198,1.0,SUSPECTED_OUTLIER,VERY_LOW_PRICE_REVIEW,,,,,,
8593,19076443,Honda,CIVIC,EL,2019,฿1,2019 Honda CIVIC 1.8 FC (ปี 16-20) EL Sedan,https://www.one2car.com/en/for-sale/honda-civic-el-eastern-region-mueang-chonburi/19076443,1.0,SUSPECTED_OUTLIER,VERY_LOW_PRICE_REVIEW,,,,,,
8666,18765802,Isuzu,D-MAX,Vcross Z-Prestige Cab-4,2016,฿1,2016 Isuzu D-MAX 3.0 Cab-4 (ปี 11-17) Vcross Z-Prestige 4WD Pickup,https://www.one2car.com/en/for-sale/isuzu-d-max-vcross-z-prestige-cab-4-southern-region-mueang-nakhon-si-thammarat/18765802,1.0,SUSPECTED_OUTLIER,VERY_LOW_PRICE_REVIEW,,,,,,
8667,18766133,Toyota,FORTUNER,TRD Sportivo,2018,฿1,2018 Toyota FORTUNER 2.8 (ปี 15-25) TRD Sportivo SUV,https://www.one2car.com/en/for-sale/toyota-fortuner-trd-sportivo-southern-region-mueang-nakhon-si-thammarat/18766133,1.0,SUSPECTED_OUTLIER,VERY_LOW_PRICE_REVIEW,,,,,,
8668,18766189,Toyota,HILUX REVO,Mid Smart Cab,2020,฿1,2020 Toyota HILUX REVO 2.4 Smart Cab Mid 4WD Pickup,https://www.one2car.com/en/for-sale/toyota-hilux-revo-mid-smart-cab-southern-region-mueang-nakhon-si-thammarat/18766189,1.0,SUSPECTED_OUTLIER,VERY_LOW_PRICE_REVIEW,,,,,,
8669,18775301,Toyota,FORTUNER,G,2019,฿1,2019 Toyota FORTUNER 2.4 (ปี 15-25) G SUV,https://www.one2car.com/en/for-sale/toyota-fortuner-g-southern-region-mueang-nakhon-si-thammarat/18775301,1.0,SUSPECTED_OUTLIER,VERY_LOW_PRICE_REVIEW,,,,,,
8670,18766211,Honda,HR-V,e:HEV E,2023,฿1,2023 Honda HR-V 1.5 (ปี 22-28) e:HEV E SUV,https://www.one2car.com/en/for-sale/honda-hr-v-e-hev-e-southern-region-mueang-nakhon-si-thammarat/18766211,1.0,SUSPECTED_OUTLIER,VERY_LOW_PRICE_REVIEW,,,,,,
8768,13582346,Toyota,ALPHARD,Z,2023,฿1,2026 Toyota ALPHARD 2.5 (ปี 23-32) Z Van,https://www.one2car.com/en/for-sale/toyota-alphard-z-bangkok-metropolitan-rama-iii-sathon-rama-iv/13582346,1.0,SUSPECTED_OUTLIER,VERY_LOW_PRICE_REVIEW,,,,,,
9005,19309224,Mercedes-Benz,C200,CGI Avantgarde BlueEFFICIENCY,2011,฿1,2011 Mercedes-Benz C200 1.8 W204 (ปี 08-14) CGI Avantgarde BlueEFFICIENCY Sedan,https://www.one2car.com/en/for-sale/mercedes-benz-c200-cgi-avantgarde-blueefficiency-bangkok-metropolitan-liab-duan-ram-inthra-kasetnawamin/19309224,1.0,SUSPECTED_OUTLIER,VERY_LOW_PRICE_REVIEW,,,,,,
9105,19282666,Honda,CR-V,S,2013,฿1,2014 Honda CR-V 2.0 (ปี 12-16) S SUV,https://www.one2car.com/en/for-sale/honda-cr-v-s-bangkok-metropolitan-srinagarindra-thepharak/19282666?auc=true,1.0,SUSPECTED_OUTLIER,VERY_LOW_PRICE_REVIEW,,,,,,
9149,12183587,Porsche,911,GT2 RS Weissach Package,2019,฿1,2019 Porsche 911 3.8 991 GT2 RS Weissach Package Coupe,https://www.one2car.com/en/for-sale/porsche-911-gt2-rs-weissach-package-bangkok-metropolitan-pattanakarn-rama-ix/12183587,1.0,SUSPECTED_OUTLIER,VERY_LOW_PRICE_REVIEW,,,,,,
9413,19304840,Mini,Countryman,Cooper S Entry,2022,฿1,2022 Mini Countryman 2.0 F60 Cooper S Entry Hatchback,https://www.one2car.com/en/for-sale/mini-countryman-cooper-s-entry-bangkok-metropolitan-liab-duan-ram-inthra-kasetnawamin/19304840,1.0,SUSPECTED_OUTLIER,VERY_LOW_PRICE_REVIEW,,,,,,
9634,19162719,Toyota,ALPHARD,Z,2025,฿1,2025 Toyota ALPHARD 2.5 (ปี 23-32) Z Van,https://www.one2car.com/en/for-sale/toyota-alphard-z-bangkok-metropolitan-liab-duan-ram-inthra-kasetnawamin/19162719,1.0,SUSPECTED_OUTLIER,VERY_LOW_PRICE_REVIEW,,,,,,
9792,19185103,Isuzu,MU-X,DVD,2017,฿1,2017 Isuzu MU-X 3.0 (ปี 13-19) DVD SUV,https://www.one2car.com/en/for-sale/isuzu-mu-x-dvd-bangkok-metropolitan-ratchadaphisek-huai-khwang-lat-phrao-phetchaburi/19185103?auc=true,1.0,SUSPECTED_OUTLIER,VERY_LOW_PRICE_REVIEW,,,,,,
9843,19238248,Toyota,VELLFIRE,ZG Edition,2015,฿1,2015 Toyota VELLFIRE 2.5 (ปี 15-23) ZG Edition Van,https://www.one2car.com/en/for-sale/toyota-vellfire-zg-edition-bangkok-metropolitan-ratchadaphisek-huai-khwang-lat-phrao-phetchaburi/19238248?auc=true,1.0,SUSPECTED_OUTLIER,VERY_LOW_PRICE_REVIEW,,,,,,
9850,19212050,Toyota,bZ4X,Dual Motor Long Range,2025,฿1,2025 Toyota bZ4X 0.0 (ปี 22-28) Dual Motor Long Range AWD SUV,https://www.one2car.com/en/for-sale/toyota-bz4x-dual-motor-long-range-bangkok-metropolitan-ratchadaphisek-huai-khwang-lat-phrao-phetchaburi/19212050?auc=true,1.0,SUSPECTED_OUTLIER,VERY_LOW_PRICE_REVIEW,,,,,,
9860,19238268,Toyota,CAMRY,Hybrid,2011,฿1,2011 Toyota CAMRY 2.4 (ปี 06-12) Hybrid Sedan,https://www.one2car.com/en/for-sale/toyota-camry-hybrid-bangkok-metropolitan-ratchadaphisek-huai-khwang-lat-phrao-phetchaburi/19238268?auc=true,1.0,SUSPECTED_OUTLIER,VERY_LOW_PRICE_REVIEW,,,,,,
9861,19285627,Mitsubishi,Xpander,GLS-LTD,2018,฿1,2018 Mitsubishi Xpander 1.5 (ปี 18-22) GLS-LTD Wagon,https://www.one2car.com/en/for-sale/mitsubishi-xpander-gls-ltd-bangkok-metropolitan-ratchadaphisek-huai-khwang-lat-phrao-phetchaburi/19285627?auc=true,1.0,SUSPECTED_OUTLIER,VERY_LOW_PRICE_REVIEW,,,,,,
9867,19262547,Toyota,Yaris Cross,HEV Premium Luxury,2023,฿1,2023 Toyota Yaris Cross 1.5 (ปี 23-29) HEV Premium Luxury SUV,https://www.one2car.com/en/for-sale/toyota-yaris-cross-hev-premium-luxury-bangkok-metropolitan-ratchadaphisek-huai-khwang-lat-phrao-phetchaburi/19262547?auc=true,1.0,SUSPECTED_OUTLIER,VERY_LOW_PRICE_REVIEW,,,,,,
9868,19262159,Toyota,VIOS,E,2012,฿1,2012 Toyota VIOS 1.5 (ปี 07-13) E Sedan,https://www.one2car.com/en/for-sale/toyota-vios-e-bangkok-metropolitan-ratchadaphisek-huai-khwang-lat-phrao-phetchaburi/19262159?auc=true,1.0,SUSPECTED_OUTLIER,VERY_LOW_PRICE_REVIEW,,,,,,
9870,19262532,Toyota,Yaris Ativ,Premium,2023,฿1,2023 Toyota Yaris Ativ 1.2 (ปี 22-28) Premium Sedan,https://www.one2car.com/en/for-sale/toyota-yaris-ativ-premium-bangkok-metropolitan-ratchadaphisek-huai-khwang-lat-phrao-phetchaburi/19262532?auc=true,1.0,SUSPECTED_OUTLIER,VERY_LOW_PRICE_REVIEW,,,,,,
9878,19262507,Nissan,JUKE,E,2014,฿1,2014 Nissan JUKE 1.6 (ปี 10-16) E SUV,https://www.one2car.com/en/for-sale/nissan-juke-e-bangkok-metropolitan-ratchadaphisek-huai-khwang-lat-phrao-phetchaburi/19262507?auc=true,1.0,SUSPECTED_OUTLIER,VERY_LOW_PRICE_REVIEW,,,,,,
9880,19262490,Honda,CIVIC,E Navi,2013,฿1,2013 Honda CIVIC 1.8 FB (ปี 12-16) E Navi Sedan,https://www.one2car.com/en/for-sale/honda-civic-e-navi-bangkok-metropolitan-ratchadaphisek-huai-khwang-lat-phrao-phetchaburi/19262490?auc=true,1.0,SUSPECTED_OUTLIER,VERY_LOW_PRICE_REVIEW,,,,,,
10056,19035727,Toyota,ALPHARD,HV,2021,฿1,2021 Toyota ALPHARD 2.5 (ปี 15-23) HV 4WD Van,https://www.one2car.com/en/for-sale/toyota-alphard-hv-bangkok-metropolitan-liab-duan-ram-inthra-kasetnawamin/19035727,1.0,SUSPECTED_OUTLIER,VERY_LOW_PRICE_REVIEW,,,,,,
10286,19296254,Mitsubishi,ATTRAGE,GLS LTD,2013,฿1,2013 Mitsubishi ATTRAGE 1.2 (ปี 13-18) GLS LTD Sedan,https://www.one2car.com/en/for-sale/mitsubishi-attrage-gls-ltd-bangkok-metropolitan-kanchanaphisek/19296254?auc=true,1.0,SUSPECTED_OUTLIER,VERY_LOW_PRICE_REVIEW,,,,,,
10313,18808759,Porsche,911,GT3 RS,2016,฿1,2016 Porsche 911 4.0 991 GT3 RS Coupe,https://www.one2car.com/en/for-sale/porsche-911-gt3-rs-bangkok-metropolitan-pattanakarn-rama-ix/18808759,1.0,SUSPECTED_OUTLIER,VERY_LOW_PRICE_REVIEW,,,,,,
10314,19195383,Porsche,911,Carrera S,2019,฿1,2020 Porsche 911 3.0 992 Carrera S Coupe,https://www.one2car.com/en/for-sale/porsche-911-carrera-s-bangkok-metropolitan-pattanakarn-rama-ix/19195383,1.0,SUSPECTED_OUTLIER,VERY_LOW_PRICE_REVIEW,,,,,,
10315,19147772,Porsche,911,Carrera,2016,฿1,2016 Porsche 911 3.0 991 Carrera Coupe,https://www.one2car.com/en/for-sale/porsche-911-carrera-bangkok-metropolitan-pattanakarn-rama-ix/19147772,1.0,SUSPECTED_OUTLIER,VERY_LOW_PRICE_REVIEW,,,,,,
10316,18691391,Mercedes-Benz,G400,d AMG Line Premium Plus,2023,฿1,2023 Mercedes-Benz G400 2.9 W463 d AMG Line Premium Plus 4WD SUV,https://www.one2car.com/en/for-sale/mercedes-benz-g400-d-amg-line-premium-plus-bangkok-metropolitan-pattanakarn-rama-ix/18691391,1.0,SUSPECTED_OUTLIER,VERY_LOW_PRICE_REVIEW,,,,,,
10450,18803042,Toyota,CAMRY,G,2020,฿1,2020 Toyota CAMRY 2.5 (ปี 18-24) G Sedan,https://www.one2car.com/en/for-sale/toyota-camry-g-bangkok-metropolitan-kanchanaphisek/18803042?auc=true,1.0,SUSPECTED_OUTLIER,VERY_LOW_PRICE_REVIEW,,,,,,
10533,18517861,Mini,Countryman,Cooper S Hightrim,2019,฿1,2019 Mini Countryman 2.0 F60 Cooper S Hightrim Hatchback,https://www.one2car.com/en/for-sale/mini-countryman-cooper-s-hightrim-bangkok-metropolitan-kanchanaphisek/18517861,1.0,SUSPECTED_OUTLIER,VERY_LOW_PRICE_REVIEW,,,,,,
10534,18880074,BMW,X7,xDrive30d M Sport,2022,฿1,2022 BMW X7 3.0 G07 (ปี 19-26) xDrive30d M Sport 4WD SUV,https://www.one2car.com/en/for-sale/bmw-x7-xdrive30d-m-sport-bangkok-metropolitan-kanchanaphisek/18880074,1.0,SUSPECTED_OUTLIER,VERY_LOW_PRICE_REVIEW,,,,,,
10809,18143984,Porsche,911,Carrera S,2016,฿1,2016 Porsche 911 3.0 991 Carrera S Coupe,https://www.one2car.com/en/for-sale/porsche-911-carrera-s-bangkok-metropolitan-kanchanaphisek/18143984?auc=true,1.0,SUSPECTED_OUTLIER,VERY_LOW_PRICE_REVIEW,,,,,,
10819,11850643,Mercedes-Benz,G350,d Sport,2015,฿1,2017 Mercedes-Benz G350 3.0 W463 d Sport 4WD SUV,https://www.one2car.com/en/for-sale/mercedes-benz-g350-d-sport-bangkok-metropolitan-kanchanaphisek/11850643?auc=true,1.0,SUSPECTED_OUTLIER,VERY_LOW_PRICE_REVIEW,,,,,,
10824,18583480,Mercedes-Benz,GLE53,AMG 4MATIC+,2022,฿1,2022 Mercedes-Benz GLE53 3.0 W292 (ปี 15-21) AMG 4MATIC+ 4WD SUV,https://www.one2car.com/en/for-sale/mercedes-benz-gle53-amg-4matic-plus-bangkok-metropolitan-kanchanaphisek/18583480?auc=true,1.0,SUSPECTED_OUTLIER,VERY_LOW_PRICE_REVIEW,,,,,,
10825,15978782,Mercedes-Benz,SL43,AMG,2023,฿1,2024 Mercedes-Benz SL43 2.0 R232 (ปี 22-32) AMG Convertible,https://www.one2car.com/en/for-sale/mercedes-benz-sl43-amg-bangkok-metropolitan-kanchanaphisek/15978782?auc=true,1.0,SUSPECTED_OUTLIER,VERY_LOW_PRICE_REVIEW,,,,,,
11074,18539917,Porsche,911,Carrera 4S,2003,฿1,2003 Porsche 911 3.6 996 Carrera 4S 4WD Coupe,https://www.one2car.com/en/for-sale/porsche-911-carrera-4s-bangkok-metropolitan-phaholyothin-bang-sue-chatuchak/18539917,1.0,SUSPECTED_OUTLIER,VERY_LOW_PRICE_REVIEW,,,,,,
11169,19273516,Toyota,FORTUNER,V,2011,฿1,2011 Toyota FORTUNER 3.0 (ปี 08-11) V SUV,https://www.one2car.com/en/for-sale/toyota-fortuner-v-bangkok-metropolitan-thapra-wongwian-yai-rama-ii/19273516,1.0,SUSPECTED_OUTLIER,VERY_LOW_PRICE_REVIEW,,,,,,
11804,19143269,Porsche,911,Targa 4,2024,฿1,2024 Porsche 911 3.0 992 Targa 4 4WD Convertible,https://www.one2car.com/en/for-sale/porsche-911-targa-4-bangkok-metropolitan-pattanakarn-rama-ix/19143269,1.0,SUSPECTED_OUTLIER,VERY_LOW_PRICE_REVIEW,,,,,,
12046,18701282,Mercedes-Benz,GLA250,AMG Dynamic,2017,฿1,2017 Mercedes-Benz GLA250 2.0 W156 (ปี 14-20) AMG Dynamic SUV,https://www.one2car.com/en/for-sale/mercedes-benz-gla250-amg-dynamic-bangkok-metropolitan-kanchanaphisek/18701282,1.0,SUSPECTED_OUTLIER,VERY_LOW_PRICE_REVIEW,,,,,,
12094,18694112,Porsche,PANAMERA,4 E-Hybrid,2023,฿1,2023 Porsche PANAMERA 2.9 (ปี 16-20) 4 E-Hybrid 4WD Sedan,https://www.one2car.com/en/for-sale/porsche-panamera-4-e-hybrid-bangkok-metropolitan-liab-duan-ram-inthra-kasetnawamin/18694112,1.0,SUSPECTED_OUTLIER,VERY_LOW_PRICE_REVIEW,,,,,,
12095,19219325,Porsche,718,Cayman,2018,฿1,2018 Porsche 718 2.0 982 Cayman Coupe,https://www.one2car.com/en/for-sale/porsche-718-cayman-bangkok-metropolitan-liab-duan-ram-inthra-kasetnawamin/19219325,1.0,SUSPECTED_OUTLIER,VERY_LOW_PRICE_REVIEW,,,,,,
12096,19258012,Porsche,911,Carrera S,2021,฿1,2021 Porsche 911 3.0 992 Carrera S Coupe,https://www.one2car.com/en/for-sale/porsche-911-carrera-s-bangkok-metropolitan-liab-duan-ram-inthra-kasetnawamin/19258012,1.0,SUSPECTED_OUTLIER,VERY_LOW_PRICE_REVIEW,,,,,,
12145,15216597,Porsche,MACAN,,2019,฿1,2020 Porsche MACAN 2.0 (ปี 19-23) SUV,https://www.one2car.com/en/for-sale/porsche-macan-bangkok-metropolitan-kanchanaphisek/15216597?auc=true,1.0,SUSPECTED_OUTLIER,VERY_LOW_PRICE_REVIEW,,,,,,
12152,11306001,Bentley,Bentayga,,2017,฿1,2018 Bentley Bentayga 6.0 (ปี 16-20) SUV,https://www.one2car.com/en/for-sale/bentley-bentayga-bangkok-metropolitan-kanchanaphisek/11306001?auc=true,1.0,SUSPECTED_OUTLIER,VERY_LOW_PRICE_REVIEW,,,,,,
12196,19144761,Lamborghini,HURACAN,EVO,2021,฿1,2021 Lamborghini HURACAN 5.2 (ปี 14-24) EVO AWD Coupe,https://www.one2car.com/en/for-sale/lamborghini-huracan-evo-southern-region-mueang-songkhla/19144761?auc=true,1.0,SUSPECTED_OUTLIER,VERY_LOW_PRICE_REVIEW,,,,,,
12414,18932542,Toyota,FORTUNER,Legender,2021,฿1,2021 Toyota FORTUNER 2.8 (ปี 15-25) Legender SUV,https://www.one2car.com/en/for-sale/toyota-fortuner-legender-eastern-region-sattahip/18932542?auc=true,1.0,SUSPECTED_OUTLIER,VERY_LOW_PRICE_REVIEW,,,,,,
12765,7434780,Mercedes-Benz,C230 Kompressor,Sports,2002,฿1,2002 Mercedes-Benz C230 Kompressor 2.3 W203 (ปี 01-07) Sports Coupe,https://www.one2car.com/en/for-sale/mercedes-benz-c230-kompressor-sports-bangkok-metropolitan-kanchanaphisek/7434780,1.0,SUSPECTED_OUTLIER,VERY_LOW_PRICE_REVIEW,,,,,,
12766,7434938,BMW,X5,,2002,฿1,2002 BMW X5 4.4 E53 (ปี 99-06) SUV,https://www.one2car.com/en/for-sale/bmw-x5-bangkok-metropolitan-kanchanaphisek/7434938,1.0,SUSPECTED_OUTLIER,VERY_LOW_PRICE_REVIEW,,,,,,
12767,7434943,BMW,X3,xDrive20d Highline,2013,฿1,2013 BMW X3 2.0 F25 (ปี 10-17) xDrive20d Highline SUV,https://www.one2car.com/en/for-sale/bmw-x3-xdrive20d-highline-bangkok-metropolitan-kanchanaphisek/7434943,1.0,SUSPECTED_OUTLIER,VERY_LOW_PRICE_REVIEW,,,,,,
12768,7434878,BMW,523i,Sport,2004,฿1,2004 BMW 523i 2.4 E39 (ปี 95-04) Sport Sedan,https://www.one2car.com/en/for-sale/bmw-523i-sport-bangkok-metropolitan-kanchanaphisek/7434878,1.0,SUSPECTED_OUTLIER,VERY_LOW_PRICE_REVIEW,,,,,,
12769,7434842,Mercedes-Benz,E250,Avantgarde BlueEFFICIENCY,2011,฿1,2011 Mercedes-Benz E250 1.8 W207 (ปี 10-16) Avantgarde BlueEFFICIENCY Coupe,https://www.one2car.com/en/for-sale/mercedes-benz-e250-avantgarde-blueefficiency-bangkok-metropolitan-kanchanaphisek/7434842,1.0,SUSPECTED_OUTLIER,VERY_LOW_PRICE_REVIEW,,,,,,
12770,7434803,Mercedes-Benz,C230 Kompressor,Sports,2002,฿1,2002 Mercedes-Benz C230 Kompressor 2.3 W203 (ปี 01-07) Sports Coupe,https://www.one2car.com/en/for-sale/mercedes-benz-c230-kompressor-sports-bangkok-metropolitan-kanchanaphisek/7434803,1.0,SUSPECTED_OUTLIER,VERY_LOW_PRICE_REVIEW,,,,,,
12771,7434859,BMW,520i,Touring Sport,2012,฿1,2016 BMW 520i 2.0 F11 (ปี 10-16) Touring Sport Wagon,https://www.one2car.com/en/for-sale/bmw-520i-touring-sport-bangkok-metropolitan-kanchanaphisek/7434859,1.0,SUSPECTED_OUTLIER,VERY_LOW_PRICE_REVIEW,,,,,,
12772,7434794,BMW,523i,,1998,฿1,1998 BMW 523i 2.4 E39 (ปี 95-04) Sedan,https://www.one2car.com/en/for-sale/bmw-523i-bangkok-metropolitan-kanchanaphisek/7434794,1.0,SUSPECTED_OUTLIER,VERY_LOW_PRICE_REVIEW,,,,,,
12929,7757022,Honda,CIVIC,Turbo RS,2016,฿1,2016 Honda CIVIC 1.5 FC (ปี 16-20) Turbo RS Sedan,https://www.one2car.com/en/for-sale/honda-civic-turbo-rs-bangkok-metropolitan-nakhon-pathom/7757022,1.0,SUSPECTED_OUTLIER,VERY_LOW_PRICE_REVIEW,,,,,,
13513,15451168,Toyota,VIOS,G,2013,฿1,2013 Toyota VIOS 1.5 (ปี 07-13) G Sedan,https://www.one2car.com/en/for-sale/toyota-vios-g-bangkok-metropolitan-ratchadaphisek-huai-khwang-lat-phrao-phetchaburi/15451168?auc=true,1.0,SUSPECTED_OUTLIER,VERY_LOW_PRICE_REVIEW,,,,,,
13521,16878232,Ford,EVEREST,Titanium Sport,2020,฿1,2020 Ford EVEREST 2.0 (ปี 15-22) Titanium Sport SUV,https://www.one2car.com/en/for-sale/ford-everest-titanium-sport-bangkok-metropolitan-ratchadaphisek-huai-khwang-lat-phrao-phetchaburi/16878232?auc=true,1.0,SUSPECTED_OUTLIER,VERY_LOW_PRICE_REVIEW,,,,,,
13522,17105538,Toyota,FORTUNER,V,2015,฿1,2015 Toyota FORTUNER 2.8 (ปี 15-25) V 4WD SUV,https://www.one2car.com/en/for-sale/toyota-fortuner-v-bangkok-metropolitan-ratchadaphisek-huai-khwang-lat-phrao-phetchaburi/17105538?auc=true,1.0,SUSPECTED_OUTLIER,VERY_LOW_PRICE_REVIEW,,,,,,
13710,13849968,Porsche,911,Speedster,2019,฿1,2019 Porsche 911 4.0 991 Speedster Convertible,https://www.one2car.com/en/for-sale/porsche-911-speedster-bangkok-metropolitan-lak-si-saphan-mai-chaeng-wattana/13849968,1.0,SUSPECTED_OUTLIER,VERY_LOW_PRICE_REVIEW,,,,,,
13723,18625786,Mercedes-Benz,Maybach S580,e Premium,2023,฿1,2023 Mercedes-Benz Maybach S580 3.0 W223 (ปี 21-28) e Premium Sedan,https://www.one2car.com/en/for-sale/mercedes-benz-maybach-s580-e-premium-bangkok-metropolitan-liab-duan-ram-inthra-kasetnawamin/18625786,1.0,SUSPECTED_OUTLIER,VERY_LOW_PRICE_REVIEW,,,,,,
13724,18385739,Porsche,Taycan,4S,2021,฿1,2021 Porsche Taycan 0.0 (ปี 20-26) 4S 4WD Sedan,https://www.one2car.com/en/for-sale/porsche-taycan-4s-bangkok-metropolitan-liab-duan-ram-inthra-kasetnawamin/18385739,1.0,SUSPECTED_OUTLIER,VERY_LOW_PRICE_REVIEW,,,,,,
13795,18766644,Toyota,SIENTA,G,2017,฿1,2017 Toyota SIENTA 1.5 (ปี 16-23) G Wagon,https://www.one2car.com/en/for-sale/toyota-sienta-g-southern-region-mueang-nakhon-si-thammarat/18766644,1.0,SUSPECTED_OUTLIER,VERY_LOW_PRICE_REVIEW,,,,,,
13796,18766836,Honda,HR-V,RS,2019,฿1,2019 Honda HR-V 1.8 (ปี 14-18) RS SUV,https://www.one2car.com/en/for-sale/honda-hr-v-rs-southern-region-mueang-nakhon-si-thammarat/18766836,1.0,SUSPECTED_OUTLIER,VERY_LOW_PRICE_REVIEW,,,,,,
13797,18766795,Toyota,HILUX REVO,Z Edition Entry Double Cab,2021,฿1,2021 Toyota HILUX REVO 2.4 Double Cab Z Edition Entry Pickup,https://www.one2car.com/en/for-sale/toyota-hilux-revo-z-edition-entry-double-cab-southern-region-mueang-nakhon-si-thammarat/18766795,1.0,SUSPECTED_OUTLIER,VERY_LOW_PRICE_REVIEW,,,,,,
13798,18766728,Mitsubishi,Xpander,GT,2019,฿1,2019 Mitsubishi Xpander 1.5 (ปี 18-22) GT Wagon,https://www.one2car.com/en/for-sale/mitsubishi-xpander-gt-southern-region-mueang-nakhon-si-thammarat/18766728,1.0,SUSPECTED_OUTLIER,VERY_LOW_PRICE_REVIEW,,,,,,
13880,19256763,Honda,CIVIC,EL,2021,฿1,2021 Honda CIVIC 1.8 FC (ปี 16-20) EL Sedan,https://www.one2car.com/en/for-sale/honda-civic-el-bangkok-metropolitan-kanchanaphisek/19256763,1.0,SUSPECTED_OUTLIER,VERY_LOW_PRICE_REVIEW,,,,,,
13886,19024006,Mercedes-Benz,G500,Squared,2017,฿1,2026 Mercedes-Benz G500 4.0 W463 Squared 4WD SUV,https://www.one2car.com/en/for-sale/mercedes-benz-g500-squared-bangkok-metropolitan-ratchadaphisek-huai-khwang-lat-phrao-phetchaburi/19024006,1.0,SUSPECTED_OUTLIER,VERY_LOW_PRICE_REVIEW,,,,,,
14049,19212978,Mercedes-Benz,E350,e AMG Dynamic,2025,฿1,2025 Mercedes-Benz E350 2.0 W214 (ปี 24-31) e AMG Dynamic Sedan,https://www.one2car.com/en/for-sale/mercedes-benz-e350-e-amg-dynamic-bangkok-metropolitan-on-nut/19212978?auc=true,1.0,SUSPECTED_OUTLIER,VERY_LOW_PRICE_REVIEW,,,,,,
14141,17389567,Porsche,718,Cayman,2018,฿1,2018 Porsche 718 2.0 982 Cayman Coupe,https://www.one2car.com/en/for-sale/porsche-718-cayman-bangkok-metropolitan-ratchadaphisek-huai-khwang-lat-phrao-phetchaburi/17389567,1.0,SUSPECTED_OUTLIER,VERY_LOW_PRICE_REVIEW,,,,,,
14142,19184569,BMW,320i,Luxury,2013,฿1,2013 BMW 320i 2.0 F30 (ปี 11-16) Luxury Sedan,https://www.one2car.com/en/for-sale/bmw-320i-luxury-bangkok-metropolitan-ratchadaphisek-huai-khwang-lat-phrao-phetchaburi/19184569,1.0,SUSPECTED_OUTLIER,VERY_LOW_PRICE_REVIEW,,,,,,
14202,19206707,BMW,X5,xDrive30d M Sport,2019,฿1,2019 BMW X5 3.0 G05 (ปี 19-25) xDrive30d M Sport AWD SUV,https://www.one2car.com/en/for-sale/bmw-x5-xdrive30d-m-sport-eastern-region-bang-lamung/19206707,1.0,SUSPECTED_OUTLIER,VERY_LOW_PRICE_REVIEW,,,,,,
14250,3640380,Porsche,MACAN,,2016,฿1,2016 Porsche MACAN 2.0 (ปี 14-17) SUV,https://www.one2car.com/en/for-sale/porsche-macan-bangkok-metropolitan-pattanakarn-rama-ix/3640380,1.0,SUSPECTED_OUTLIER,VERY_LOW_PRICE_REVIEW,,,,,,
14323,19186521,Lamborghini,HURACAN,EVO,2020,฿1,2020 Lamborghini HURACAN 5.2 (ปี 14-24) EVO AWD Coupe,https://www.one2car.com/en/for-sale/lamborghini-huracan-evo-bangkok-metropolitan-phaholyothin-bang-sue-chatuchak/19186521,1.0,SUSPECTED_OUTLIER,VERY_LOW_PRICE_REVIEW,,,,,,
14324,19045143,Lamborghini,HURACAN,Sterrato,2024,฿1,2024 Lamborghini HURACAN 5.2 (ปี 14-24) Sterrato 4WD Coupe,https://www.one2car.com/en/for-sale/lamborghini-huracan-sterrato-bangkok-metropolitan-phaholyothin-bang-sue-chatuchak/19045143,1.0,SUSPECTED_OUTLIER,VERY_LOW_PRICE_REVIEW,,,,,,
14325,19186692,Lamborghini,HURACAN,EVO,2023,฿1,2023 Lamborghini HURACAN 5.2 (ปี 14-24) EVO Coupe,https://www.one2car.com/en/for-sale/lamborghini-huracan-evo-bangkok-metropolitan-phaholyothin-bang-sue-chatuchak/19186692,1.0,SUSPECTED_OUTLIER,VERY_LOW_PRICE_REVIEW,,,,,,
14327,19157506,Lamborghini,HURACAN,EVO,2022,฿1,2022 Lamborghini HURACAN 5.2 (ปี 14-24) EVO AWD Coupe,https://www.one2car.com/en/for-sale/lamborghini-huracan-evo-bangkok-metropolitan-phaholyothin-bang-sue-chatuchak/19157506,1.0,SUSPECTED_OUTLIER,VERY_LOW_PRICE_REVIEW,,,,,,
14328,18950080,Lamborghini,Urus,,2020,฿1,2020 Lamborghini Urus 4.0 (ปี 18-25) SUV,https://www.one2car.com/en/for-sale/lamborghini-urus-bangkok-metropolitan-phaholyothin-bang-sue-chatuchak/18950080,1.0,SUSPECTED_OUTLIER,VERY_LOW_PRICE_REVIEW,,,,,,
14341,18489126,BMW,530e,Elite,2019,฿1,2022 BMW 530e 2.0 G30 (ปี 17-22) Elite Sedan,https://www.one2car.com/en/for-sale/bmw-530e-elite-bangkok-metropolitan-lam-luk-ka/18489126,1.0,SUSPECTED_OUTLIER,VERY_LOW_PRICE_REVIEW,,,,,,
14359,13238620,Porsche,911,Turbo S,2008,฿1,2009 Porsche 911 3.8 997 Turbo S Coupe,https://www.one2car.com/en/for-sale/porsche-911-turbo-s-bangkok-metropolitan-phaholyothin-bang-sue-chatuchak/13238620,1.0,SUSPECTED_OUTLIER,VERY_LOW_PRICE_REVIEW,,,,,,
14360,16366714,Porsche,911,Carrera GTS,2022,฿1,2023 Porsche 911 3.0 992 Carrera GTS Coupe,https://www.one2car.com/en/for-sale/porsche-911-carrera-gts-bangkok-metropolitan-phaholyothin-bang-sue-chatuchak/16366714,1.0,SUSPECTED_OUTLIER,VERY_LOW_PRICE_REVIEW,,,,,,
14361,18279288,Porsche,911,Carrera,2017,฿1,2017 Porsche 911 3.0 991 Carrera Coupe,https://www.one2car.com/en/for-sale/porsche-911-carrera-bangkok-metropolitan-phaholyothin-bang-sue-chatuchak/18279288,1.0,SUSPECTED_OUTLIER,VERY_LOW_PRICE_REVIEW,,,,,,
14362,19042441,Porsche,911,Carrera S,2021,฿1,2021 Porsche 911 3.0 992 Carrera S Coupe,https://www.one2car.com/en/for-sale/porsche-911-carrera-s-bangkok-metropolitan-phaholyothin-bang-sue-chatuchak/19042441,1.0,SUSPECTED_OUTLIER,VERY_LOW_PRICE_REVIEW,,,,,,
14363,19077253,Porsche,911,Carrera,1996,฿1,1996 Porsche 911 3.6 993 Carrera Convertible,https://www.one2car.com/en/for-sale/porsche-911-carrera-bangkok-metropolitan-phaholyothin-bang-sue-chatuchak/19077253,1.0,SUSPECTED_OUTLIER,VERY_LOW_PRICE_REVIEW,,,,,,
14390,19229234,Toyota,HILUX REVO,Entry Single Cab,2025,"฿2,650,000",2025 Toyota HILUX REVO 2.8 Single Cab Entry 4WD Pickup,https://www.one2car.com/en/for-sale/toyota-hilux-revo-entry-single-cab-bangkok-metropolitan-kanchanaphisek/19229234?auc=true,2650000.0,SUSPECTED_OUTLIER,PRICE_HIGH_VS_PEERS,BRAND_MODEL_YEAR,42,688434.4558489209,0.1941651361704375,3.849313434976521,4.682380488628801
14410,19188821,Volvo,XC40,Recharge Pure Electric,2022,฿1,2022 Volvo XC40 0.0 (ปี 18-24) Recharge Pure Electric AWD SUV,https://www.one2car.com/en/for-sale/volvo-xc40-recharge-pure-electric-bangkok-metropolitan-ratchadaphisek-huai-khwang-lat-phrao-phetchaburi/19188821,1.0,SUSPECTED_OUTLIER,VERY_LOW_PRICE_REVIEW,,,,,,
14413,19003673,Hyundai,Ioniq 5,Premium,2023,฿1,2023 Hyundai Ioniq 5 0.0 (ปี 23-29) Premium Wagon,https://www.one2car.com/en/for-sale/hyundai-ioniq-5-premium-bangkok-metropolitan-ratchadaphisek-huai-khwang-lat-phrao-phetchaburi/19003673,1.0,SUSPECTED_OUTLIER,VERY_LOW_PRICE_REVIEW,,,,,,
14528,14523127,BMW,Z4,sDrive20i M Sport Package,2013,฿1,2013 BMW Z4 2.0 E89 (ปี 09-16) sDrive20i M Sport Package Convertible,https://www.one2car.com/en/for-sale/bmw-z4-sdrive20i-m-sport-package-bangkok-metropolitan-liab-duan-ram-inthra-kasetnawamin/14523127,1.0,SUSPECTED_OUTLIER,VERY_LOW_PRICE_REVIEW,,,,,,
14529,18837173,Toyota,ESTIMA,G,2007,฿1,2007 Toyota ESTIMA 2.4 (ปี 06-21) G Wagon,https://www.one2car.com/en/for-sale/toyota-estima-g-bangkok-metropolitan-liab-duan-ram-inthra-kasetnawamin/18837173,1.0,SUSPECTED_OUTLIER,VERY_LOW_PRICE_REVIEW,,,,,,
14533,18837169,Toyota,ESTIMA,Hybrid E-Four,2006,฿1,2006 Toyota ESTIMA 2.4 (ปี 06-21) Hybrid E-Four 4WD Wagon,https://www.one2car.com/en/for-sale/toyota-estima-hybrid-e-four-bangkok-metropolitan-liab-duan-ram-inthra-kasetnawamin/18837169,1.0,SUSPECTED_OUTLIER,VERY_LOW_PRICE_REVIEW,,,,,,
14541,19079956,Bentley,Flying Spur,Mulliner Hybrid,2023,฿1,2024 Bentley Flying Spur 2.9 (ปี 20-26) Mulliner Hybrid AWD Sedan,https://www.one2car.com/en/for-sale/bentley-flying-spur-mulliner-hybrid-bangkok-metropolitan-pattanakarn-rama-ix/19079956,1.0,SUSPECTED_OUTLIER,VERY_LOW_PRICE_REVIEW,,,,,,
14542,6657896,Bentley,CONTINENTAL,Flying Spur Speed,2009,฿1,2009 Bentley CONTINENTAL 6.0 (ปี 03-15) Flying Spur Speed Sedan,https://www.one2car.com/en/for-sale/bentley-continental-flying-spur-speed-bangkok-metropolitan-pattanakarn-rama-ix/6657896,1.0,SUSPECTED_OUTLIER,VERY_LOW_PRICE_REVIEW,,,,,,
14543,19089543,Mercedes-Benz,Maybach S560,Premium,2021,฿1,2021 Mercedes-Benz Maybach S560 4.0 W222 (ปี 13-21) Premium Sedan,https://www.one2car.com/en/for-sale/mercedes-benz-maybach-s560-premium-bangkok-metropolitan-pattanakarn-rama-ix/19089543,1.0,SUSPECTED_OUTLIER,VERY_LOW_PRICE_REVIEW,,,,,,
14546,17003435,Ferrari,SF90 Stradale,,2023,฿1,2023 Ferrari SF90 Stradale 4.0 (ปี 20-27) Coupe,https://www.one2car.com/en/for-sale/ferrari-sf90-stradale-bangkok-metropolitan-liab-duan-ram-inthra-kasetnawamin/17003435,1.0,SUSPECTED_OUTLIER,VERY_LOW_PRICE_REVIEW,,,,,,
14548,13974054,BMW,M4,GTS,2016,฿1,2022 BMW M4 3.0 F82 (ปี 13-17) GTS Coupe,https://www.one2car.com/en/for-sale/bmw-m4-gts-bangkok-metropolitan-liab-duan-ram-inthra-kasetnawamin/13974054,1.0,SUSPECTED_OUTLIER,VERY_LOW_PRICE_REVIEW,,,,,,
14603,15138329,Toyota,Corolla Cross,Hybrid Premium Safety GR Sport,2022,฿1,2022 Toyota Corolla Cross 1.8 (ปี 20-26) Hybrid Premium Safety GR Sport SUV,https://www.one2car.com/en/for-sale/toyota-corolla-cross-hybrid-premium-safety-gr-sport-bangkok-metropolitan-liab-duan-ram-inthra-kasetnawamin/15138329,1.0,SUSPECTED_OUTLIER,VERY_LOW_PRICE_REVIEW,,,,,,
14605,16173943,Honda,CIVIC,e:HEV RS,2022,฿1,2022 Honda CIVIC 2.0 FE (ปี 21-26) e:HEV RS Sedan,https://www.one2car.com/en/for-sale/honda-civic-e-hev-rs-bangkok-metropolitan-liab-duan-ram-inthra-kasetnawamin/16173943,1.0,SUSPECTED_OUTLIER,VERY_LOW_PRICE_REVIEW,,,,,,
14606,14939254,Mitsubishi,PAJERO SPORT,GT Premium Elite Edition,2021,฿1,2021 Mitsubishi PAJERO SPORT 2.4 (ปี 19-25) GT Premium Elite Edition 4WD SUV,https://www.one2car.com/en/for-sale/mitsubishi-pajero-sport-gt-premium-elite-edition-bangkok-metropolitan-liab-duan-ram-inthra-kasetnawamin/14939254,1.0,SUSPECTED_OUTLIER,VERY_LOW_PRICE_REVIEW,,,,,,
14607,13937397,Ford,RANGER,Raptor Double Cab,2022,฿1,2022 Ford RANGER 3.0 Double Cab (ปี 22-28) Raptor Pickup,https://www.one2car.com/en/for-sale/ford-ranger-raptor-double-cab-bangkok-metropolitan-liab-duan-ram-inthra-kasetnawamin/13937397,1.0,SUSPECTED_OUTLIER,VERY_LOW_PRICE_REVIEW,,,,,,
14610,16804377,Honda,City,RS,2021,฿1,2021 Honda City 1.0 (ปี 20-25) RS Hatchback,https://www.one2car.com/en/for-sale/honda-city-rs-bangkok-metropolitan-liab-duan-ram-inthra-kasetnawamin/16804377,1.0,SUSPECTED_OUTLIER,VERY_LOW_PRICE_REVIEW,,,,,,
14611,13826918,Toyota,C-HR,HV Mid,2019,฿1,2019 Toyota C-HR 1.8 (ปี 17-23) HV Mid SUV,https://www.one2car.com/en/for-sale/toyota-c-hr-hv-mid-bangkok-metropolitan-liab-duan-ram-inthra-kasetnawamin/13826918,1.0,SUSPECTED_OUTLIER,VERY_LOW_PRICE_REVIEW,,,,,,
14627,19217597,Isuzu,D-MAX,S Space Cab,2021,฿1,2021 Isuzu D-MAX 1.9 Space Cab (ปี 19-26) S Pickup,https://www.one2car.com/en/for-sale/isuzu-d-max-s-space-cab-bangkok-metropolitan-sukhaphiban1-2-3/19217597,1.0,SUSPECTED_OUTLIER,VERY_LOW_PRICE_REVIEW,,,,,,
14628,19217615,Toyota,YARIS,Sport,2021,฿1,2021 Toyota YARIS 1.2 (ปี 17-25) Sport Hatchback,https://www.one2car.com/en/for-sale/toyota-yaris-sport-bangkok-metropolitan-sukhaphiban1-2-3/19217615,1.0,SUSPECTED_OUTLIER,VERY_LOW_PRICE_REVIEW,,,,,,
14629,19217636,Nissan,Terra,VL,2022,฿1,2022 Nissan Terra 2.3 (ปี 18-26) VL SUV,https://www.one2car.com/en/for-sale/nissan-terra-vl-bangkok-metropolitan-sukhaphiban1-2-3/19217636,1.0,SUSPECTED_OUTLIER,VERY_LOW_PRICE_REVIEW,,,,,,
14630,19217660,Toyota,CAMRY,Hybrid,2020,฿1,2020 Toyota CAMRY 2.5 (ปี 18-24) Hybrid Sedan,https://www.one2car.com/en/for-sale/toyota-camry-hybrid-bangkok-metropolitan-sukhaphiban1-2-3/19217660,1.0,SUSPECTED_OUTLIER,VERY_LOW_PRICE_REVIEW,,,,,,
14631,19217669,Toyota,CAMRY,Hybrid,2020,฿1,2020 Toyota CAMRY 2.5 (ปี 18-24) Hybrid Sedan,https://www.one2car.com/en/for-sale/toyota-camry-hybrid-bangkok-metropolitan-sukhaphiban1-2-3/19217669,1.0,SUSPECTED_OUTLIER,VERY_LOW_PRICE_REVIEW,,,,,,
14632,19217698,Mazda,CX-30,SP,2020,฿1,2021 Mazda CX-30 2.0 (ปี 20-26) SP SUV,https://www.one2car.com/en/for-sale/mazda-cx-30-sp-bangkok-metropolitan-sukhaphiban1-2-3/19217698,1.0,SUSPECTED_OUTLIER,VERY_LOW_PRICE_REVIEW,,,,,,
14633,19251525,Toyota,Corolla Altis,G,2020,฿1,2020 Toyota Corolla Altis 1.6 (ปี 19-25) G Sedan,https://www.one2car.com/en/for-sale/toyota-corolla-altis-g-bangkok-metropolitan-sukhaphiban1-2-3/19251525,1.0,SUSPECTED_OUTLIER,VERY_LOW_PRICE_REVIEW,,,,,,
14634,19251528,Toyota,CAMRY,G,2019,฿1,2020 Toyota CAMRY 2.0 (ปี 18-24) G Sedan,https://www.one2car.com/en/for-sale/toyota-camry-g-bangkok-metropolitan-sukhaphiban1-2-3/19251528,1.0,SUSPECTED_OUTLIER,VERY_LOW_PRICE_REVIEW,,,,,,
14753,14626390,MCLAREN,720S,,2022,฿1,2022 MCLAREN 720S 4.0 (ปี 18-24) Coupe,https://www.one2car.com/en/for-sale/mclaren-720s-bangkok-metropolitan-pattanakarn-rama-ix/14626390,1.0,SUSPECTED_OUTLIER,VERY_LOW_PRICE_REVIEW,,,,,,
14754,17017329,MCLAREN,600LT,,2020,฿1,2020 MCLAREN 600LT 3.8 (ปี 18-23) Convertible,https://www.one2car.com/en/for-sale/mclaren-600lt-bangkok-metropolitan-srinagarindra-thepharak/17017329,1.0,SUSPECTED_OUTLIER,VERY_LOW_PRICE_REVIEW,,,,,,
14755,11676622,MCLAREN,GT,,2021,฿1,2022 MCLAREN GT 4.0 (ปี 19-26) Coupe,https://www.one2car.com/en/for-sale/mclaren-gt-bangkok-metropolitan-pattanakarn-rama-ix/11676622,1.0,SUSPECTED_OUTLIER,VERY_LOW_PRICE_REVIEW,,,,,,
14756,14208875,Lotus,ELISE,Club Racer,2012,฿1,2012 Lotus ELISE 1.8 (ปี 06-15) Club Racer Convertible,https://www.one2car.com/en/for-sale/lotus-elise-club-racer-bangkok-metropolitan-pattanakarn-rama-ix/14208875,1.0,SUSPECTED_OUTLIER,VERY_LOW_PRICE_REVIEW,,,,,,
14757,13182309,MCLAREN,720S,,2023,฿1,2023 MCLAREN 720S 4.0 (ปี 18-24) Coupe,https://www.one2car.com/en/for-sale/mclaren-720s-bangkok-metropolitan-pattanakarn-rama-ix/13182309,1.0,SUSPECTED_OUTLIER,VERY_LOW_PRICE_REVIEW,,,,,,
14758,12819298,MCLAREN,720S,Spider,2019,฿1,2021 MCLAREN 720S 4.0 (ปี 18-24) Spider Convertible,https://www.one2car.com/en/for-sale/mclaren-720s-spider-bangkok-metropolitan-pattanakarn-rama-ix/12819298,1.0,SUSPECTED_OUTLIER,VERY_LOW_PRICE_REVIEW,,,,,,
15202,19208500,Toyota,Corolla Altis,G,2016,฿1,2016 Toyota Corolla Altis 1.6 (ปี 14-18) G Sedan,https://www.one2car.com/en/for-sale/toyota-corolla-altis-g-bangkok-metropolitan-srinagarindra-thepharak/19208500?auc=true,1.0,SUSPECTED_OUTLIER,VERY_LOW_PRICE_REVIEW,,,,,,
15204,19080551,Mitsubishi,PAJERO SPORT,GT,2017,฿1,2018 Mitsubishi PAJERO SPORT 2.4 (ปี 15-18) GT SUV,https://www.one2car.com/en/for-sale/mitsubishi-pajero-sport-gt-bangkok-metropolitan-srinagarindra-thepharak/19080551?auc=true,1.0,SUSPECTED_OUTLIER,VERY_LOW_PRICE_REVIEW,,,,,,
15208,19234787,Honda,City,SV,2024,฿1,2024 Honda City 1.0 (ปี 20-26) SV Hatchback,https://www.one2car.com/en/for-sale/honda-city-sv-bangkok-metropolitan-srinagarindra-thepharak/19234787?auc=true,1.0,SUSPECTED_OUTLIER,VERY_LOW_PRICE_REVIEW,,,,,,
15213,16888990,Porsche,MACAN,,2021,฿1,2021 Porsche MACAN 2.0 (ปี 19-23) AWD SUV,https://www.one2car.com/en/for-sale/porsche-macan-bangkok-metropolitan-pattanakarn-rama-ix/16888990,1.0,SUSPECTED_OUTLIER,VERY_LOW_PRICE_REVIEW,,,,,,
15214,11631996,Porsche,MACAN,,2022,฿1,2022 Porsche MACAN 2.0 (ปี 19-23) SUV,https://www.one2car.com/en/for-sale/porsche-macan-bangkok-metropolitan-pattanakarn-rama-ix/11631996,1.0,SUSPECTED_OUTLIER,VERY_LOW_PRICE_REVIEW,,,,,,
15235,18808430,Honda,JAZZ,RS+,2020,฿1,2020 Honda JAZZ 1.5 (ปี 14-22) RS+ Hatchback,https://www.one2car.com/en/for-sale/honda-jazz-rs-plus-bangkok-metropolitan-liab-duan-ram-inthra-kasetnawamin/18808430,1.0,SUSPECTED_OUTLIER,VERY_LOW_PRICE_REVIEW,,,,,,
15315,19105147,Mazda,3,SP Sports,2021,฿1,2021 Mazda 3 2.0 (ปี 19-25) SP Sports Hatchback,https://www.one2car.com/en/for-sale/mazda-3-sp-sports-bangkok-metropolitan-kanchanaphisek/19105147?auc=true,1.0,SUSPECTED_OUTLIER,VERY_LOW_PRICE_REVIEW,,,,,,
15902,19173718,Mercedes-Benz,Maybach S580,4MATIC Premium,2025,฿1,2025 Mercedes-Benz Maybach S580 4.0 W223 (ปี 21-28) 4MATIC Premium AWD Sedan,https://www.one2car.com/en/for-sale/mercedes-benz-maybach-s580-4matic-premium-bangkok-metropolitan-pattanakarn-rama-ix/19173718,1.0,SUSPECTED_OUTLIER,VERY_LOW_PRICE_REVIEW,,,,,,
16103,19142342,Toyota,Yaris Ativ,Sport,2025,฿1,2025 Toyota Yaris Ativ 1.2 (ปี 22-28) Sport Sedan,https://www.one2car.com/en/for-sale/toyota-yaris-ativ-sport-bangkok-metropolitan-kanchanaphisek/19142342?auc=true,1.0,SUSPECTED_OUTLIER,VERY_LOW_PRICE_REVIEW,,,,,,
16115,19225138,Toyota,HIACE,Eco,2022,฿1,2022 Toyota HIACE 2.8 (ปี 19-30) Eco Van,https://www.one2car.com/en/for-sale/toyota-hiace-eco-bangkok-metropolitan-kanchanaphisek/19225138?auc=true,1.0,SUSPECTED_OUTLIER,VERY_LOW_PRICE_REVIEW,,,,,,
16147,18466523,Mercedes-Benz,GLC250,d 4MATIC AMG Dynamic,2017,฿1,2017 Mercedes-Benz GLC250 2.1 W253 (ปี 15-22) d 4MATIC AMG Dynamic 4WD SUV,https://www.one2car.com/en/for-sale/mercedes-benz-glc250-d-4matic-amg-dynamic-bangkok-metropolitan-kanchanaphisek/18466523,1.0,SUSPECTED_OUTLIER,VERY_LOW_PRICE_REVIEW,,,,,,
16270,17351388,Porsche,CAYENNE,E-Hybrid Coupe,2020,฿1,2020 Porsche CAYENNE 3.0 (ปี 18-25) E-Hybrid Coupe SUV,https://www.one2car.com/en/for-sale/porsche-cayenne-e-hybrid-coupe-bangkok-metropolitan-kanchanaphisek/17351388?auc=true,1.0,SUSPECTED_OUTLIER,VERY_LOW_PRICE_REVIEW,,,,,,
16619,19209319,Isuzu,D-MAX,B Spark,2023,฿1,2023 Isuzu D-MAX 1.9 Spark (ปี 19-26) B Pickup,https://www.one2car.com/en/for-sale/isuzu-d-max-b-spark-bangkok-metropolitan-kanchanaphisek/19209319?auc=true,1.0,SUSPECTED_OUTLIER,VERY_LOW_PRICE_REVIEW,,,,,,
16873,19201367,TESLA,Model Y,Long Range,2025,฿1,2026 TESLA Model Y 0.0 Long Range AWD SUV,https://www.one2car.com/en/for-sale/tesla-model-y-long-range-bangkok-metropolitan-kanchanaphisek/19201367,1.0,SUSPECTED_OUTLIER,VERY_LOW_PRICE_REVIEW,,,,,,
16877,19180647,Mercedes-Benz,G63,AMG,2019,฿1,2021 Mercedes-Benz G63 4.0 W463 AMG 4WD SUV,https://www.one2car.com/en/for-sale/mercedes-benz-g63-amg-bangkok-metropolitan-pattanakarn-rama-ix/19180647,1.0,SUSPECTED_OUTLIER,VERY_LOW_PRICE_REVIEW,,,,,,
17212,19088750,Mercedes-Benz,E200 Kompressor,Elegance,2008,฿1,2008 Mercedes-Benz E200 Kompressor 1.8 W211 (ปี 03-09) Elegance Sedan,https://www.one2car.com/en/for-sale/mercedes-benz-e200-kompressor-elegance-bangkok-metropolitan-kanchanaphisek/19088750,1.0,SUSPECTED_OUTLIER,VERY_LOW_PRICE_REVIEW,,,,,,
17213,18524886,Mercedes-Benz,CLS250,AMG CDI,2017,฿1,2017 Mercedes-Benz CLS250 2.1 W218 (ปี 11-16) AMG CDI Coupe,https://www.one2car.com/en/for-sale/mercedes-benz-cls250-amg-cdi-bangkok-metropolitan-kanchanaphisek/18524886,1.0,SUSPECTED_OUTLIER,VERY_LOW_PRICE_REVIEW,,,,,,
17243,19076398,Honda,City,S+,2020,฿1,2022 Honda City 1.0 (ปี 19-24) SV Sedan,https://www.one2car.com/en/for-sale/honda-city-s-plus-eastern-region-mueang-chonburi/19076398,1.0,SUSPECTED_OUTLIER,VERY_LOW_PRICE_REVIEW,,,,,,
17728,19162596,Toyota,HARRIER,HV Z Leather Package,2023,฿1,2026 Toyota HARRIER 2.5 (ปี 21-28) HV Z Leather Package SUV,https://www.one2car.com/en/for-sale/toyota-harrier-hv-z-leather-package-bangkok-metropolitan-pattanakarn-rama-ix/19162596,1.0,SUSPECTED_OUTLIER,VERY_LOW_PRICE_REVIEW,,,,,,
17908,18635228,Porsche,911,Carrera S,2019,฿1,2019 Porsche 911 3.0 991 Carrera S Coupe,https://www.one2car.com/en/for-sale/porsche-911-carrera-s-bangkok-metropolitan-rama-iii-sathon-rama-iv/18635228,1.0,SUSPECTED_OUTLIER,VERY_LOW_PRICE_REVIEW,,,,,,
17925,18551200,Mazda,2,S Leather,2020,฿1,2020 Mazda 2 1.3 (ปี 15-25) S Leather Sedan,https://www.one2car.com/en/for-sale/mazda-2-s-leather-bangkok-metropolitan-kanchanaphisek/18551200?auc=true,1.0,SUSPECTED_OUTLIER,VERY_LOW_PRICE_REVIEW,,,,,,
17977,19163755,Mini,COOPER,S Look 2,2009,฿1,2009 Mini COOPER 1.6 R56 S Look 2 Hatchback,https://www.one2car.com/en/for-sale/mini-cooper-s-look-2-central-region-mueang-phra-nakhon-si-ayutthaya/19163755,1.0,SUSPECTED_OUTLIER,VERY_LOW_PRICE_REVIEW,,,,,,
18128,18801150,Toyota,VELLFIRE,Z Premier,2024,฿1,2024 Toyota VELLFIRE 2.4 (ปี 23-32) Z Premier Van,https://www.one2car.com/en/for-sale/toyota-vellfire-z-premier-bangkok-metropolitan-pattanakarn-rama-ix/18801150,1.0,SUSPECTED_OUTLIER,VERY_LOW_PRICE_REVIEW,,,,,,
18129,18754835,Toyota,VELLFIRE,Z Premier,2024,฿1,2024 Toyota VELLFIRE 2.4 (ปี 23-32) Z Premier Van,https://www.one2car.com/en/for-sale/toyota-vellfire-z-premier-bangkok-metropolitan-pattanakarn-rama-ix/18754835,1.0,SUSPECTED_OUTLIER,VERY_LOW_PRICE_REVIEW,,,,,,
18131,12789957,Porsche,911,Carrera 4 GTS,2023,฿1,2023 Porsche 911 3.0 992 Carrera 4 GTS Coupe,https://www.one2car.com/en/for-sale/porsche-911-carrera-4-gts-bangkok-metropolitan-pattanakarn-rama-ix/12789957,1.0,SUSPECTED_OUTLIER,VERY_LOW_PRICE_REVIEW,,,,,,
18132,18077763,Mercedes-Benz,G400,d AMG Line Premium Plus,2024,฿1,2026 Mercedes-Benz G400 2.9 W463 d AMG Line Premium Plus 4WD SUV,https://www.one2car.com/en/for-sale/mercedes-benz-g400-d-amg-line-premium-plus-bangkok-metropolitan-pattanakarn-rama-ix/18077763,1.0,SUSPECTED_OUTLIER,VERY_LOW_PRICE_REVIEW,,,,,,
18133,18629958,Porsche,CAYENNE,E-Hybrid Coupe,2020,฿1,2020 Porsche CAYENNE 3.0 (ปี 18-25) E-Hybrid Coupe 4WD SUV,https://www.one2car.com/en/for-sale/porsche-cayenne-e-hybrid-coupe-bangkok-metropolitan-pattanakarn-rama-ix/18629958,1.0,SUSPECTED_OUTLIER,VERY_LOW_PRICE_REVIEW,,,,,,
18134,18815783,Land Rover,RANGE ROVER,Autobiography P400e,2019,฿1,2019 Land Rover RANGE ROVER 2.0 (ปี 17-25) Autobiography P400e SUV,https://www.one2car.com/en/for-sale/land-rover-range-rover-autobiography-p400e-bangkok-metropolitan-pattanakarn-rama-ix/18815783,1.0,SUSPECTED_OUTLIER,VERY_LOW_PRICE_REVIEW,,,,,,
18305,18718238,Honda,HR-V,EL,2020,฿1,2020 Honda HR-V 1.8 (ปี 14-18) EL SUV,https://www.one2car.com/en/for-sale/honda-hr-v-el-bangkok-metropolitan-kanchanaphisek/18718238,1.0,SUSPECTED_OUTLIER,VERY_LOW_PRICE_REVIEW,,,,,,
18306,18690941,Toyota,VIOS,G,2018,฿1,2018 Toyota VIOS 1.5 (ปี 17-22) G Sedan,https://www.one2car.com/en/for-sale/toyota-vios-g-bangkok-metropolitan-kanchanaphisek/18690941,1.0,SUSPECTED_OUTLIER,VERY_LOW_PRICE_REVIEW,,,,,,
18307,18450108,Toyota,YARIS,G,2015,฿1,2015 Toyota YARIS 1.2 (ปี 13-17) G Hatchback,https://www.one2car.com/en/for-sale/toyota-yaris-g-bangkok-metropolitan-kanchanaphisek/18450108,1.0,SUSPECTED_OUTLIER,VERY_LOW_PRICE_REVIEW,,,,,,
18308,18596990,Honda,CIVIC,EL,2016,฿1,2016 Honda CIVIC 1.8 FC (ปี 16-20) EL Sedan,https://www.one2car.com/en/for-sale/honda-civic-el-bangkok-metropolitan-kanchanaphisek/18596990,1.0,SUSPECTED_OUTLIER,VERY_LOW_PRICE_REVIEW,,,,,,
18309,18964377,Honda,CIVIC,EL,2019,฿1,2019 Honda CIVIC 1.8 FC (ปี 16-20) EL Sedan,https://www.one2car.com/en/for-sale/honda-civic-el-bangkok-metropolitan-kanchanaphisek/18964377,1.0,SUSPECTED_OUTLIER,VERY_LOW_PRICE_REVIEW,,,,,,
18310,18579668,Honda,CIVIC,EL,2017,฿1,2017 Honda CIVIC 1.8 FC (ปี 16-20) EL Sedan,https://www.one2car.com/en/for-sale/honda-civic-el-bangkok-metropolitan-kanchanaphisek/18579668,1.0,SUSPECTED_OUTLIER,VERY_LOW_PRICE_REVIEW,,,,,,
18311,18853812,Honda,CIVIC,EL,2017,฿1,2017 Honda CIVIC 1.8 FC (ปี 16-20) EL Sedan,https://www.one2car.com/en/for-sale/honda-civic-el-bangkok-metropolitan-kanchanaphisek/18853812,1.0,SUSPECTED_OUTLIER,VERY_LOW_PRICE_REVIEW,,,,,,
18312,18935694,Toyota,ALPHARD,V,2014,฿1,2014 Toyota ALPHARD 2.4 (ปี 08-14) V Van,https://www.one2car.com/en/for-sale/toyota-alphard-v-bangkok-metropolitan-kanchanaphisek/18935694,1.0,SUSPECTED_OUTLIER,VERY_LOW_PRICE_REVIEW,,,,,,
18313,18853802,Honda,CIVIC,EL,2016,฿1,2016 Honda CIVIC 1.8 FC (ปี 16-20) EL Sedan,https://www.one2car.com/en/for-sale/honda-civic-el-bangkok-metropolitan-kanchanaphisek/18853802,1.0,SUSPECTED_OUTLIER,VERY_LOW_PRICE_REVIEW,,,,,,
18314,18510761,Honda,CIVIC,EL,2021,฿1,2021 Honda CIVIC 1.8 FC (ปี 16-20) EL Sedan,https://www.one2car.com/en/for-sale/honda-civic-el-bangkok-metropolitan-kanchanaphisek/18510761,1.0,SUSPECTED_OUTLIER,VERY_LOW_PRICE_REVIEW,,,,,,
18508,18727889,Porsche,911,Carrera S,1997,฿1,1997 Porsche 911 3.6 993 Carrera S Coupe,https://www.one2car.com/en/for-sale/porsche-911-carrera-s-bangkok-metropolitan-pattanakarn-rama-ix/18727889,1.0,SUSPECTED_OUTLIER,VERY_LOW_PRICE_REVIEW,,,,,,
18559,18348152,Mercedes-Benz,E250,Avantgarde CDI BlueEFFICIENCY,2011,"฿1,590,000",2011 Mercedes-Benz E250 2.1 W212 (ปี 10-16) Avantgarde CDI BlueEFFICIENCY Wagon,https://www.one2car.com/en/for-sale/mercedes-benz-e250-avantgarde-cdi-blueefficiency-bangkok-metropolitan-ratchadaphisek-huai-khwang-lat-phrao-phetchaburi/18348152,1590000.0,SUSPECTED_OUTLIER,PRICE_HIGH_VS_PEERS,BRAND_MODEL_YEAR,37,497999.9999999998,0.15070240054834194,3.1927710843373536,5.195801625055915
18673,19040287,Toyota,HILUX VIGO,Champ J Single Cab,2013,฿1,2013 Toyota HILUX VIGO 2.5 Champ Single Cab (ปี 11-15) J Pickup,https://www.one2car.com/en/for-sale/toyota-hilux-vigo-champ-j-single-cab-bangkok-metropolitan-pak-kret/19040287?auc=true,1.0,SUSPECTED_OUTLIER,VERY_LOW_PRICE_REVIEW,,,,,,
18679,19112795,Volvo,EX30,Ultra Extended Range,2024,฿1,2025 Volvo EX30 0.0 (ปี 24-29) Ultra Extended Range SUV,https://www.one2car.com/en/for-sale/volvo-ex30-ultra-extended-range-bangkok-metropolitan-pak-kret/19112795?auc=true,1.0,SUSPECTED_OUTLIER,VERY_LOW_PRICE_REVIEW,,,,,,
18773,18073404,Lamborghini,Urus,Performante,2023,฿1,2023 Lamborghini Urus 4.0 (ปี 18-24) Performante SUV,https://www.one2car.com/en/for-sale/lamborghini-urus-performante-bangkok-metropolitan-phaholyothin-bang-sue-chatuchak/18073404,1.0,SUSPECTED_OUTLIER,VERY_LOW_PRICE_REVIEW,,,,,,
18774,19103094,Lamborghini,HURACAN,EVO,2020,฿1,2020 Lamborghini HURACAN 5.2 (ปี 14-24) EVO AWD Coupe,https://www.one2car.com/en/for-sale/lamborghini-huracan-evo-bangkok-metropolitan-phaholyothin-bang-sue-chatuchak/19103094,1.0,SUSPECTED_OUTLIER,VERY_LOW_PRICE_REVIEW,,,,,,
18775,18994804,Lamborghini,HURACAN,EVO,2021,฿1,2021 Lamborghini HURACAN 5.2 (ปี 14-24) EVO AWD Coupe,https://www.one2car.com/en/for-sale/lamborghini-huracan-evo-bangkok-metropolitan-phaholyothin-bang-sue-chatuchak/18994804,1.0,SUSPECTED_OUTLIER,VERY_LOW_PRICE_REVIEW,,,,,,
18776,18545230,Lamborghini,Urus,,2021,฿1,2021 Lamborghini Urus 4.0 (ปี 18-25) SUV,https://www.one2car.com/en/for-sale/lamborghini-urus-bangkok-metropolitan-phaholyothin-bang-sue-chatuchak/18545230,1.0,SUSPECTED_OUTLIER,VERY_LOW_PRICE_REVIEW,,,,,,
18790,18859510,Mercedes-Benz,GLA200,AMG Dynamic,2022,฿1,2023 Mercedes-Benz GLA200 1.3 W247 (ปี 20-27) AMG Dynamic SUV,https://www.one2car.com/en/for-sale/mercedes-benz-gla200-amg-dynamic-bangkok-metropolitan-lam-luk-ka/18859510,1.0,SUSPECTED_OUTLIER,VERY_LOW_PRICE_REVIEW,,,,,,
18791,18009411,Ford,EVEREST,Titanium Sport,2020,฿1,2020 Ford EVEREST 2.0 (ปี 15-22) Titanium Sport SUV,https://www.one2car.com/en/for-sale/ford-everest-titanium-sport-bangkok-metropolitan-lam-luk-ka/18009411,1.0,SUSPECTED_OUTLIER,VERY_LOW_PRICE_REVIEW,,,,,,
18862,19117340,Mazda,3,SP Sports,2021,฿1,2021 Mazda 3 2.0 (ปี 19-25) SP Sports Hatchback,https://www.one2car.com/en/for-sale/mazda-3-sp-sports-bangkok-metropolitan-kanchanaphisek/19117340?auc=true,1.0,SUSPECTED_OUTLIER,VERY_LOW_PRICE_REVIEW,,,,,,
19097,18795519,Rolls-Royce,GHOST,Black Badge,2023,฿1,2023 Rolls-Royce GHOST 6.7 (ปี 20-30) Black Badge Sedan,https://www.one2car.com/en/for-sale/rolls-royce-ghost-black-badge-bangkok-metropolitan-pattanakarn-rama-ix/18795519,1.0,SUSPECTED_OUTLIER,VERY_LOW_PRICE_REVIEW,,,,,,
19098,18322705,Aston Martin,VANTAGE,,2025,฿1,2025 Aston Martin VANTAGE 4.0 (ปี 18-26) Coupe,https://www.one2car.com/en/for-sale/aston-martin-vantage-bangkok-metropolitan-pattanakarn-rama-ix/18322705,1.0,SUSPECTED_OUTLIER,VERY_LOW_PRICE_REVIEW,,,,,,
19099,19080061,Bentley,Continental GT,Azure,2024,฿1,2024 Bentley Continental GT 4.0 (ปี 18-25) Azure AWD Coupe,https://www.one2car.com/en/for-sale/bentley-continental-gt-azure-bangkok-metropolitan-pattanakarn-rama-ix/19080061,1.0,SUSPECTED_OUTLIER,VERY_LOW_PRICE_REVIEW,,,,,,
19100,19086328,MCLAREN,720S,,2021,฿1,2021 MCLAREN 720S 4.0 (ปี 18-24) Coupe,https://www.one2car.com/en/for-sale/mclaren-720s-bangkok-metropolitan-pattanakarn-rama-ix/19086328,1.0,SUSPECTED_OUTLIER,VERY_LOW_PRICE_REVIEW,,,,,,
19153,17759562,Toyota,HILUX REVO,Entry Single Cab,2022,฿1,2022 Toyota HILUX REVO 2.4 Single Cab Entry Pickup,https://www.one2car.com/en/for-sale/toyota-hilux-revo-entry-single-cab-bangkok-metropolitan-pak-kret/17759562?auc=true,1.0,SUSPECTED_OUTLIER,VERY_LOW_PRICE_REVIEW,,,,,,
19269,19076384,Honda,HR-V,EL,2019,฿1,2019 Honda HR-V 1.8 (ปี 14-18) EL SUV,https://www.one2car.com/en/for-sale/honda-hr-v-el-eastern-region-mueang-chonburi/19076384,1.0,SUSPECTED_OUTLIER,VERY_LOW_PRICE_REVIEW,,,,,,
19407,19039574,Isuzu,MU-X,Phantom Collection Ultimate,2023,฿1,2023 Isuzu MU-X 3.0 (ปี 20-26) Phantom Collection Ultimate 4WD SUV,https://www.one2car.com/en/for-sale/isuzu-mu-x-phantom-collection-ultimate-bangkok-metropolitan-srinagarindra-thepharak/19039574,1.0,SUSPECTED_OUTLIER,VERY_LOW_PRICE_REVIEW,,,,,,
19411,17976060,Ferrari,FF,,2012,฿1,2012 Ferrari FF 6.3 (ปี 11-16) Coupe,https://www.one2car.com/en/for-sale/ferrari-ff-bangkok-metropolitan-liab-duan-ram-inthra-kasetnawamin/17976060,1.0,SUSPECTED_OUTLIER,VERY_LOW_PRICE_REVIEW,,,,,,
19415,18818927,Ferrari,488,Spider,2017,฿1,2017 Ferrari 488 3.9 (ปี 15-18) Spider Convertible,https://www.one2car.com/en/for-sale/ferrari-488-spider-bangkok-metropolitan-ratchadaphisek-huai-khwang-lat-phrao-phetchaburi/18818927,1.0,SUSPECTED_OUTLIER,VERY_LOW_PRICE_REVIEW,,,,,,
19416,15978797,Ferrari,CALIFORNIA,T,2016,฿1,2016 Ferrari CALIFORNIA 3.9 (ปี 08-16) T Convertible,https://www.one2car.com/en/for-sale/ferrari-california-t-bangkok-metropolitan-ratchadaphisek-huai-khwang-lat-phrao-phetchaburi/15978797,1.0,SUSPECTED_OUTLIER,VERY_LOW_PRICE_REVIEW,,,,,,
19417,18537762,Ferrari,488,GTB,2018,฿1,2018 Ferrari 488 3.9 (ปี 15-18) GTB Coupe,https://www.one2car.com/en/for-sale/ferrari-488-gtb-bangkok-metropolitan-ratchadaphisek-huai-khwang-lat-phrao-phetchaburi/18537762,1.0,SUSPECTED_OUTLIER,VERY_LOW_PRICE_REVIEW,,,,,,
19418,18590753,Ferrari,488,Pista,2019,฿1,2020 Ferrari 488 3.9 (ปี 15-18) Pista Coupe,https://www.one2car.com/en/for-sale/ferrari-488-pista-bangkok-metropolitan-ratchadaphisek-huai-khwang-lat-phrao-phetchaburi/18590753,1.0,SUSPECTED_OUTLIER,VERY_LOW_PRICE_REVIEW,,,,,,
19430,19062021,BMW,330Li,M Sport,2022,฿1,2022 BMW 330Li 2.0 G28 (ปี 21-26) M Sport Sedan,https://www.one2car.com/en/for-sale/bmw-330li-m-sport-bangkok-metropolitan-kanchanaphisek/19062021,1.0,SUSPECTED_OUTLIER,VERY_LOW_PRICE_REVIEW,,,,,,
19566,18881923,Hyundai,VELOSTER,,2014,฿1,2014 Hyundai VELOSTER 1.6 (ปี 13-16) Hatchback,https://www.one2car.com/en/for-sale/hyundai-veloster-bangkok-metropolitan-liab-duan-ram-inthra-kasetnawamin/18881923,1.0,SUSPECTED_OUTLIER,VERY_LOW_PRICE_REVIEW,,,,,,
19698,19109253,Isuzu,D-MAX,Hi-Lander Z-Prestige Cab-4 (DVD) (Navi),2015,฿1,2015 Isuzu D-MAX 3.0 Cab-4 (ปี 11-17) Hi-Lander Z-Prestige (DVD) (Navi) Pickup,https://www.one2car.com/en/for-sale/isuzu-d-max-hi-lander-z-prestige-cab-4-dvd-navi-eastern-region-laem-sing/19109253,1.0,SUSPECTED_OUTLIER,VERY_LOW_PRICE_REVIEW,,,,,,
19699,19109246,Isuzu,D-MAX,L Space Cab,2025,฿1,2025 Isuzu D-MAX 2.2 Space Cab (ปี 19-26) L Pickup,https://www.one2car.com/en/for-sale/isuzu-d-max-l-space-cab-eastern-region-laem-sing/19109246,1.0,SUSPECTED_OUTLIER,VERY_LOW_PRICE_REVIEW,,,,,,
19700,19109242,Isuzu,D-MAX,S Space Cab,2023,฿1,2023 Isuzu D-MAX 1.9 Space Cab (ปี 19-26) S Pickup,https://www.one2car.com/en/for-sale/isuzu-d-max-s-space-cab-eastern-region-laem-sing/19109242,1.0,SUSPECTED_OUTLIER,VERY_LOW_PRICE_REVIEW,,,,,,
19701,19109235,Toyota,HILUX REVO,Z Edition J Plus Smart Cab,2019,฿1,2019 Toyota HILUX REVO 2.4 Smart Cab Z Edition J Plus Pickup,https://www.one2car.com/en/for-sale/toyota-hilux-revo-z-edition-j-plus-smart-cab-eastern-region-laem-sing/19109235,1.0,SUSPECTED_OUTLIER,VERY_LOW_PRICE_REVIEW,,,,,,
19702,19109226,Isuzu,D-MAX,S Space Cab,2021,฿1,2021 Isuzu D-MAX 1.9 Space Cab (ปี 19-26) S Pickup,https://www.one2car.com/en/for-sale/isuzu-d-max-s-space-cab-eastern-region-laem-sing/19109226,1.0,SUSPECTED_OUTLIER,VERY_LOW_PRICE_REVIEW,,,,,,
19710,19102192,Honda,CIVIC,RS,2022,฿1,2023 Honda CIVIC 1.5 FE (ปี 21-26) RS Sedan,https://www.one2car.com/en/for-sale/honda-civic-rs-bangkok-metropolitan-kanchanaphisek/19102192,1.0,SUSPECTED_OUTLIER,VERY_LOW_PRICE_REVIEW,,,,,,
19771,19076577,Volvo,XC90,T8 Momentum,2017,฿1,2017 Volvo XC90 2.0 (ปี 16-26) T8 Momentum SUV,https://www.one2car.com/en/for-sale/volvo-xc90-t8-momentum-bangkok-metropolitan-srinagarindra-thepharak/19076577,1.0,SUSPECTED_OUTLIER,VERY_LOW_PRICE_REVIEW,,,,,,
19799,18733425,Toyota,LAND CRUISER,AX,2026,฿1,2026 Toyota LAND CRUISER 2.8 70 AX 4WD SUV,https://www.one2car.com/en/for-sale/toyota-land-cruiser-ax-bangkok-metropolitan-kanchanaphisek/18733425?auc=true,1.0,SUSPECTED_OUTLIER,VERY_LOW_PRICE_REVIEW,,,,,,
19800,14970884,Porsche,Taycan,4S,2020,฿1,2020 Porsche Taycan 0.0 (ปี 20-26) 4S Sedan,https://www.one2car.com/en/for-sale/porsche-taycan-4s-bangkok-metropolitan-kanchanaphisek/14970884?auc=true,1.0,SUSPECTED_OUTLIER,VERY_LOW_PRICE_REVIEW,,,,,,
19801,14971277,Lexus,LM300h,Executive,2020,฿1,2020 Lexus LM300h 2.5 (ปี 20-26) Executive AWD Van,https://www.one2car.com/en/for-sale/lexus-lm300h-executive-bangkok-metropolitan-kanchanaphisek/14971277?auc=true,1.0,SUSPECTED_OUTLIER,VERY_LOW_PRICE_REVIEW,,,,,,
19828,19024072,Ferrari,F430,Scuderia,2009,฿1,2009 Ferrari F430 4.3 (ปี 04-10) Scuderia Coupe,https://www.one2car.com/en/for-sale/ferrari-f430-scuderia-bangkok-metropolitan-pattanakarn-rama-ix/19024072,1.0,SUSPECTED_OUTLIER,VERY_LOW_PRICE_REVIEW,,,,,,
19829,18688423,Porsche,911,Carrera,2020,฿1,2020 Porsche 911 3.0 992 Carrera Coupe,https://www.one2car.com/en/for-sale/porsche-911-carrera-bangkok-metropolitan-liab-duan-ram-inthra-kasetnawamin/18688423,1.0,SUSPECTED_OUTLIER,VERY_LOW_PRICE_REVIEW,,,,,,
19831,18668511,Porsche,911,Carrera,2020,฿1,2020 Porsche 911 3.0 992 Carrera Coupe,https://www.one2car.com/en/for-sale/porsche-911-carrera-bangkok-metropolitan-pattanakarn-rama-ix/18668511,1.0,SUSPECTED_OUTLIER,VERY_LOW_PRICE_REVIEW,,,,,,
20005,19088762,Honda,CIVIC,E,2017,฿1,2017 Honda CIVIC 1.8 FC (ปี 16-20) E Sedan,https://www.one2car.com/en/for-sale/honda-civic-e-bangkok-metropolitan-kanchanaphisek/19088762,1.0,SUSPECTED_OUTLIER,VERY_LOW_PRICE_REVIEW,,,,,,
20119,14498502,Lamborghini,HURACAN,STO,2023,฿1,2023 Lamborghini HURACAN 5.2 (ปี 14-24) STO Coupe,https://www.one2car.com/en/for-sale/lamborghini-huracan-sto-bangkok-metropolitan-pattanakarn-rama-ix/14498502,1.0,SUSPECTED_OUTLIER,VERY_LOW_PRICE_REVIEW,,,,,,
20242,17606467,Isuzu,MU-X,The Onyx,2019,฿1,2020 Isuzu MU-X 3.0 (ปี 13-19) The Onyx SUV,https://www.one2car.com/en/for-sale/isuzu-mu-x-the-onyx-bangkok-metropolitan-kanchanaphisek/17606467?auc=true,1.0,SUSPECTED_OUTLIER,VERY_LOW_PRICE_REVIEW,,,,,,
20264,18271423,Porsche,MACAN,,2021,฿1,2022 Porsche MACAN 2.0 (ปี 19-23) AWD SUV,https://www.one2car.com/en/for-sale/porsche-macan-bangkok-metropolitan-pattanakarn-rama-ix/18271423,1.0,SUSPECTED_OUTLIER,VERY_LOW_PRICE_REVIEW,,,,,,
20265,18413439,Mercedes-Benz,SLK200,AMG Dynamic BlueEFFICIENCY,2013,฿1,2013 Mercedes-Benz SLK200 1.8 R172 (ปี 11-16) AMG Dynamic BlueEFFICIENCY Convertible,https://www.one2car.com/en/for-sale/mercedes-benz-slk200-amg-dynamic-blueefficiency-bangkok-metropolitan-pattanakarn-rama-ix/18413439,1.0,SUSPECTED_OUTLIER,VERY_LOW_PRICE_REVIEW,,,,,,
20268,18976444,Porsche,911,Carrera 4 GTS,2023,฿1,2023 Porsche 911 3.0 992 Carrera 4 GTS AWD Coupe,https://www.one2car.com/en/for-sale/porsche-911-carrera-4-gts-bangkok-metropolitan-pattanakarn-rama-ix/18976444,1.0,SUSPECTED_OUTLIER,VERY_LOW_PRICE_REVIEW,,,,,,
20490,18756704,Lamborghini,Urus,,2023,฿1,2026 Lamborghini Urus 4.0 (ปี 18-25) SUV,https://www.one2car.com/en/for-sale/lamborghini-urus-bangkok-metropolitan-rama-iii-sathon-rama-iv/18756704,1.0,SUSPECTED_OUTLIER,VERY_LOW_PRICE_REVIEW,,,,,,
20676,18826361,Ferrari,296,GTB,2023,฿1,2023 Ferrari 296 3.0 (ปี 22-32) GTB Coupe,https://www.one2car.com/en/for-sale/ferrari-296-gtb-bangkok-metropolitan-pattanakarn-rama-ix/18826361,1.0,SUSPECTED_OUTLIER,VERY_LOW_PRICE_REVIEW,,,,,,
20677,18362004,Bentley,Bentayga,Hybrid,2020,฿1,2020 Bentley Bentayga 3.0 (ปี 16-20) Hybrid 4WD SUV,https://www.one2car.com/en/for-sale/bentley-bentayga-hybrid-bangkok-metropolitan-pattanakarn-rama-ix/18362004,1.0,SUSPECTED_OUTLIER,VERY_LOW_PRICE_REVIEW,,,,,,
20678,18873847,MCLAREN,720S,,2021,฿1,2021 MCLAREN 720S 4.0 (ปี 18-24) Coupe,https://www.one2car.com/en/for-sale/mclaren-720s-bangkok-metropolitan-pattanakarn-rama-ix/18873847,1.0,SUSPECTED_OUTLIER,VERY_LOW_PRICE_REVIEW,,,,,,
20765,19048505,Mazda,CX-30,SP,2021,฿1,2021 Mazda CX-30 2.0 (ปี 20-26) SP SUV,https://www.one2car.com/en/for-sale/mazda-cx-30-sp-bangkok-metropolitan-kanchanaphisek/19048505?auc=true,1.0,SUSPECTED_OUTLIER,VERY_LOW_PRICE_REVIEW,,,,,,
20861,18728103,Porsche,911,Carrera 2,1990,฿1,1990 Porsche 911 3.6 964 Carrera 2 Convertible,https://www.one2car.com/en/for-sale/porsche-911-carrera-2-bangkok-metropolitan-pattanakarn-rama-ix/18728103,1.0,SUSPECTED_OUTLIER,VERY_LOW_PRICE_REVIEW,,,,,,
20897,18756881,Nissan,GT-R,T-Spec,2022,฿1,2023 Nissan GT-R 3.8 (ปี 08-25) T-Spec 4WD Coupe,https://www.one2car.com/en/for-sale/nissan-gt-r-t-spec-bangkok-metropolitan-rama-iii-sathon-rama-iv/18756881,1.0,SUSPECTED_OUTLIER,VERY_LOW_PRICE_REVIEW,,,,,,
21039,19040398,Mazda,CX-30,100th Anniversary Edition,2021,฿1,2021 Mazda CX-30 2.0 (ปี 20-26) 100th Anniversary Edition SUV,https://www.one2car.com/en/for-sale/mazda-cx-30-100th-anniversary-edition-bangkok-metropolitan-kanchanaphisek/19040398?auc=true,1.0,SUSPECTED_OUTLIER,VERY_LOW_PRICE_REVIEW,,,,,,
21140,18942708,Mazda,CX-30,Carbon Edition,2023,฿1,2023 Mazda CX-30 2.0 (ปี 20-26) Carbon Edition SUV,https://www.one2car.com/en/for-sale/mazda-cx-30-carbon-edition-bangkok-metropolitan-kanchanaphisek/18942708?auc=true,1.0,SUSPECTED_OUTLIER,VERY_LOW_PRICE_REVIEW,,,,,,
21150,18114768,Mazda,CX-3,SP,2018,฿1,2019 Mazda CX-3 2.0 (ปี 15-26) SP SUV,https://www.one2car.com/en/for-sale/mazda-cx-3-sp-bangkok-metropolitan-kanchanaphisek/18114768?auc=true,1.0,SUSPECTED_OUTLIER,VERY_LOW_PRICE_REVIEW,,,,,,
21224,18968830,DEEPAL,S07,,2023,฿1,2024 DEEPAL S07 0.0 (ปี 23-30) SUV,https://www.one2car.com/en/for-sale/deepal-s07-bangkok-metropolitan-pak-kret/18968830?auc=true,1.0,SUSPECTED_OUTLIER,VERY_LOW_PRICE_REVIEW,,,,,,
21284,18960326,BMW,M760e,xDrive,2024,฿1,2024 BMW M760e 3.0 G70 (ปี 22-30) xDrive Sedan,https://www.one2car.com/en/for-sale/bmw-m760e-xdrive-eastern-region-bang-lamung/18960326,1.0,SUSPECTED_OUTLIER,VERY_LOW_PRICE_REVIEW,,,,,,
21301,14017612,Porsche,Taycan,4S,2020,฿1,2021 Porsche Taycan 0.0 (ปี 20-26) 4S Sedan,https://www.one2car.com/en/for-sale/porsche-taycan-4s-bangkok-metropolitan-kanchanaphisek/14017612?auc=true,1.0,SUSPECTED_OUTLIER,VERY_LOW_PRICE_REVIEW,,,,,,
21504,18946535,Mazda,CX-30,Carbon Edition,2023,฿1,2023 Mazda CX-30 2.0 (ปี 20-26) Carbon Edition SUV,https://www.one2car.com/en/for-sale/mazda-cx-30-carbon-edition-bangkok-metropolitan-kanchanaphisek/18946535?auc=true,1.0,SUSPECTED_OUTLIER,VERY_LOW_PRICE_REVIEW,,,,,,
21570,12311068,Mercedes-Benz,E200,,2006,฿1,2006 Mercedes-Benz E200 1.8 W211 (ปี 03-09) Sedan,https://www.one2car.com/en/for-sale/mercedes-benz-e200-bangkok-metropolitan-kanchanaphisek/12311068,1.0,SUSPECTED_OUTLIER,VERY_LOW_PRICE_REVIEW,,,,,,
21668,14009843,Porsche,CAYENNE,E-Hybrid Coupe,2021,฿1,2021 Porsche CAYENNE 3.0 (ปี 18-25) E-Hybrid Coupe SUV,https://www.one2car.com/en/for-sale/porsche-cayenne-e-hybrid-coupe-bangkok-metropolitan-pattanakarn-rama-ix/14009843,1.0,SUSPECTED_OUTLIER,VERY_LOW_PRICE_REVIEW,,,,,,
21676,18614972,Mercedes-Benz,E300,AMG Dynamic Blue TEC Hybrid,2014,฿1,2014 Mercedes-Benz E300 2.1 W212 (ปี 10-16) AMG Dynamic Blue TEC Hybrid Sedan,https://www.one2car.com/en/for-sale/mercedes-benz-e300-amg-dynamic-blue-tec-hybrid-bangkok-metropolitan-kanchanaphisek/18614972,1.0,SUSPECTED_OUTLIER,VERY_LOW_PRICE_REVIEW,,,,,,
22022,18908957,Isuzu,MU-X,DVD Navi DA,2019,฿1,2019 Isuzu MU-X 1.9 (ปี 13-19) DVD Navi DA SUV,https://www.one2car.com/en/for-sale/isuzu-mu-x-dvd-navi-da-bangkok-metropolitan-kanchanaphisek/18908957?auc=true,1.0,SUSPECTED_OUTLIER,VERY_LOW_PRICE_REVIEW,,,,,,
22023,14134279,Toyota,CAMRY,G,2019,฿1,2019 Toyota CAMRY 2.5 (ปี 18-24) G Sedan,https://www.one2car.com/en/for-sale/toyota-camry-g-bangkok-metropolitan-kanchanaphisek/14134279?auc=true,1.0,SUSPECTED_OUTLIER,VERY_LOW_PRICE_REVIEW,,,,,,
22089,16512719,Rolls-Royce,PHANTOM,Extended,2019,฿1,2019 Rolls-Royce PHANTOM 6.7 (ปี 18-28) Extended Sedan,https://www.one2car.com/en/for-sale/rolls-royce-phantom-extended-bangkok-metropolitan-rama-iii-sathon-rama-iv/16512719,1.0,SUSPECTED_OUTLIER,VERY_LOW_PRICE_REVIEW,,,,,,
22151,18688409,Porsche,CAYENNE,E-Hybrid Coupe,2021,฿1,2021 Porsche CAYENNE 3.0 (ปี 18-25) E-Hybrid Coupe 4WD SUV,https://www.one2car.com/en/for-sale/porsche-cayenne-e-hybrid-coupe-bangkok-metropolitan-pattanakarn-rama-ix/18688409,1.0,SUSPECTED_OUTLIER,VERY_LOW_PRICE_REVIEW,,,,,,
22244,17040022,Mercedes-Benz,GLC250,d 4MATIC,2018,฿1,2018 Mercedes-Benz GLC250 2.1 W253 (ปี 15-22) d 4MATIC SUV,https://www.one2car.com/en/for-sale/mercedes-benz-glc250-d-4matic-bangkok-metropolitan-kanchanaphisek/17040022,1.0,SUSPECTED_OUTLIER,VERY_LOW_PRICE_REVIEW,,,,,,
22299,18928062,ORA,07,Performance,2025,฿1,2025 ORA 07 (ปี 23-29) Performance Sedan,https://www.one2car.com/en/for-sale/ora-07-performance-bangkok-metropolitan-pak-kret/18928062?auc=true,1.0,SUSPECTED_OUTLIER,VERY_LOW_PRICE_REVIEW,,,,,,
22369,18711264,Volvo,XC40,Recharge T5 R-Design,2022,฿1,2022 Volvo XC40 1.5 (ปี 18-24) Recharge T5 R-Design SUV,https://www.one2car.com/en/for-sale/volvo-xc40-recharge-t5-r-design-bangkok-metropolitan-srinagarindra-thepharak/18711264,1.0,SUSPECTED_OUTLIER,VERY_LOW_PRICE_REVIEW,,,,,,
22370,18222183,Porsche,718,Spyder,2021,฿1,2022 Porsche 718 4.0 982 Spyder Convertible,https://www.one2car.com/en/for-sale/porsche-718-spyder-bangkok-metropolitan-ratchadaphisek-huai-khwang-lat-phrao-phetchaburi/18222183,1.0,SUSPECTED_OUTLIER,VERY_LOW_PRICE_REVIEW,,,,,,
22371,7388011,Bentley,Continental GT,,2013,฿1,2013 Bentley Continental GT 6.0 (ปี 03-15) Coupe,https://www.one2car.com/en/for-sale/bentley-continental-gt-bangkok-metropolitan-liab-duan-ram-inthra-kasetnawamin/7388011,1.0,SUSPECTED_OUTLIER,VERY_LOW_PRICE_REVIEW,,,,,,
22387,15239270,Porsche,911,Turbo,2000,฿1,2001 Porsche 911 3.6 996 Turbo Coupe,https://www.one2car.com/en/for-sale/porsche-911-turbo-bangkok-metropolitan-pattanakarn-rama-ix/15239270,1.0,SUSPECTED_OUTLIER,VERY_LOW_PRICE_REVIEW,,,,,,
22468,18365176,Porsche,911,Turbo S,2024,฿1,2025 Porsche 911 3.7 992 Turbo S 4WD Convertible,https://www.one2car.com/en/for-sale/porsche-911-turbo-s-bangkok-metropolitan-rama-iii-sathon-rama-iv/18365176,1.0,SUSPECTED_OUTLIER,VERY_LOW_PRICE_REVIEW,,,,,,
22469,17387112,Mercedes-Benz,G63,AMG,2022,฿1,2022 Mercedes-Benz G63 4.0 W463 AMG SUV,https://www.one2car.com/en/for-sale/mercedes-benz-g63-amg-bangkok-metropolitan-rama-iii-sathon-rama-iv/17387112,1.0,SUSPECTED_OUTLIER,VERY_LOW_PRICE_REVIEW,,,,,,
22510,17997985,Isuzu,MU-X,The Onyx,2019,฿1,2020 Isuzu MU-X 3.0 (ปี 13-19) The Onyx SUV,https://www.one2car.com/en/for-sale/isuzu-mu-x-the-onyx-bangkok-metropolitan-kanchanaphisek/17997985?auc=true,1.0,SUSPECTED_OUTLIER,VERY_LOW_PRICE_REVIEW,,,,,,
22557,18933014,Ford,MUSTANG,,1964,฿1,1973 Ford MUSTANG 3.3 (ปี 64-66) Coupe,https://www.one2car.com/en/for-sale/ford-mustang-bangkok-metropolitan-on-nut/18933014,1.0,SUSPECTED_OUTLIER,VERY_LOW_PRICE_REVIEW,,,,,,
22666,18917175,Mazda,2,S,2023,฿1,2023 Mazda 2 1.3 (ปี 15-25) S Sedan,https://www.one2car.com/en/for-sale/mazda-2-s-bangkok-metropolitan-kanchanaphisek/18917175?auc=true,1.0,SUSPECTED_OUTLIER,VERY_LOW_PRICE_REVIEW,,,,,,
22710,18424945,Toyota,FORTUNER,V,2016,฿1,2016 Toyota FORTUNER 2.8 (ปี 15-25) V SUV,https://www.one2car.com/en/for-sale/toyota-fortuner-v-bangkok-metropolitan-nakhon-pathom/18424945,1.0,SUSPECTED_OUTLIER,VERY_LOW_PRICE_REVIEW,,,,,,
22712,18424939,Mitsubishi,Xpander Cross,,2020,฿1,2020 Mitsubishi Xpander Cross 1.5 (ปี 20-23) Wagon,https://www.one2car.com/en/for-sale/mitsubishi-xpander-cross-bangkok-metropolitan-nakhon-pathom/18424939,1.0,SUSPECTED_OUTLIER,VERY_LOW_PRICE_REVIEW,,,,,,
22752,18614941,Ferrari,488,Spider,2017,฿1,2017 Ferrari 488 3.9 (ปี 15-18) Spider Convertible,https://www.one2car.com/en/for-sale/ferrari-488-spider-bangkok-metropolitan-pattanakarn-rama-ix/18614941,1.0,SUSPECTED_OUTLIER,VERY_LOW_PRICE_REVIEW,,,,,,
23068,16104934,Porsche,718,Boxster 25th Anniversary,2021,฿1,2022 Porsche 718 4.0 982 Boxster 25th Anniversary Convertible,https://www.one2car.com/en/for-sale/porsche-718-boxster-25th-anniversary-bangkok-metropolitan-rama-iii-sathon-rama-iv/16104934,1.0,SUSPECTED_OUTLIER,VERY_LOW_PRICE_REVIEW,,,,,,
23119,11711992,Bentley,Bentayga,Hybrid,2020,฿1,2020 Bentley Bentayga 3.0 (ปี 16-20) Hybrid SUV,https://www.one2car.com/en/for-sale/bentley-bentayga-hybrid-bangkok-metropolitan-pattanakarn-rama-ix/11711992,1.0,SUSPECTED_OUTLIER,VERY_LOW_PRICE_REVIEW,,,,,,
23120,8079531,Porsche,718,Boxster,2017,฿1,2017 Porsche 718 2.0 982 Boxster Convertible,https://www.one2car.com/en/for-sale/porsche-718-boxster-bangkok-metropolitan-pattanakarn-rama-ix/8079531,1.0,SUSPECTED_OUTLIER,VERY_LOW_PRICE_REVIEW,,,,,,
23121,18801141,Porsche,MACAN,,2022,฿1,2022 Porsche MACAN 2.0 (ปี 19-23) AWD SUV,https://www.one2car.com/en/for-sale/porsche-macan-bangkok-metropolitan-pattanakarn-rama-ix/18801141,1.0,SUSPECTED_OUTLIER,VERY_LOW_PRICE_REVIEW,,,,,,
23122,18827077,Audi,TT,S Quattro,2018,฿1,2018 Audi TT 2.0 (ปี 14-25) S Quattro Coupe,https://www.one2car.com/en/for-sale/audi-tt-s-quattro-bangkok-metropolitan-pattanakarn-rama-ix/18827077,1.0,SUSPECTED_OUTLIER,VERY_LOW_PRICE_REVIEW,,,,,,
23124,18828041,Jaecoo,6,Long Range,2024,฿1,2025 Jaecoo 6 0.0 (ปี 24-31) Long Range 4WD SUV,https://www.one2car.com/en/for-sale/jaecoo-6-long-range-bangkok-metropolitan-pak-kret/18828041?auc=true,1.0,SUSPECTED_OUTLIER,VERY_LOW_PRICE_REVIEW,,,,,,
23133,18573555,Rolls-Royce,Cullinan,Black Badge,2022,฿1,2022 Rolls-Royce Cullinan 6.7 (ปี 19-28) Black Badge 4WD SUV,https://www.one2car.com/en/for-sale/rolls-royce-cullinan-black-badge-bangkok-metropolitan-pattanakarn-rama-ix/18573555,1.0,SUSPECTED_OUTLIER,VERY_LOW_PRICE_REVIEW,,,,,,
23134,18410188,Ferrari,F8,Tributo,2022,฿1,2022 Ferrari F8 3.9 (ปี 20-27) Tributo Coupe,https://www.one2car.com/en/for-sale/ferrari-f8-tributo-bangkok-metropolitan-pattanakarn-rama-ix/18410188,1.0,SUSPECTED_OUTLIER,VERY_LOW_PRICE_REVIEW,,,,,,
23135,18413407,MCLAREN,765LT,,2022,฿1,2022 MCLAREN 765LT 4.0 (ปี 18-24) Coupe,https://www.one2car.com/en/for-sale/mclaren-765lt-bangkok-metropolitan-pattanakarn-rama-ix/18413407,1.0,SUSPECTED_OUTLIER,VERY_LOW_PRICE_REVIEW,,,,,,
23208,18560635,Mercedes-Benz,E220,Executive,1997,฿1,1997 Mercedes-Benz E220 2.2 W124 (ปี 85-96) Executive Sedan,https://www.one2car.com/en/for-sale/mercedes-benz-e220-executive-bangkok-metropolitan-pattanakarn-rama-ix/18560635,1.0,SUSPECTED_OUTLIER,VERY_LOW_PRICE_REVIEW,,,,,,
23213,18610978,Mercedes-Benz,E300,AMG Dynamic Blue TEC Hybrid,2014,฿1,2014 Mercedes-Benz E300 2.1 W212 (ปี 10-16) AMG Dynamic Blue TEC Hybrid Sedan,https://www.one2car.com/en/for-sale/mercedes-benz-e300-amg-dynamic-blue-tec-hybrid-bangkok-metropolitan-kanchanaphisek/18610978,1.0,SUSPECTED_OUTLIER,VERY_LOW_PRICE_REVIEW,,,,,,
23263,12737429,Mercedes-Benz,C180,,2012,฿1,2012 Mercedes-Benz C180 1.8 W204 (ปี 08-14) Coupe,https://www.one2car.com/en/for-sale/mercedes-benz-c180-bangkok-metropolitan-kanchanaphisek/12737429,1.0,SUSPECTED_OUTLIER,VERY_LOW_PRICE_REVIEW,,,,,,
23264,17195278,Honda,CIVIC,Turbo,2018,฿1,2018 Honda CIVIC 1.5 FK (ปี 17-21) Turbo Hatchback,https://www.one2car.com/en/for-sale/honda-civic-turbo-bangkok-metropolitan-kanchanaphisek/17195278,1.0,SUSPECTED_OUTLIER,VERY_LOW_PRICE_REVIEW,,,,,,
23265,16307271,Toyota,CAMRY,G Extremo,2018,฿1,2018 Toyota CAMRY 2.0 (ปี 12-18) G Extremo Sedan,https://www.one2car.com/en/for-sale/toyota-camry-g-extremo-bangkok-metropolitan-kanchanaphisek/16307271,1.0,SUSPECTED_OUTLIER,VERY_LOW_PRICE_REVIEW,,,,,,
23266,15853733,Honda,CIVIC,EL,2019,฿1,2019 Honda CIVIC 1.8 FC (ปี 16-20) EL Sedan,https://www.one2car.com/en/for-sale/honda-civic-el-bangkok-metropolitan-kanchanaphisek/15853733,1.0,SUSPECTED_OUTLIER,VERY_LOW_PRICE_REVIEW,,,,,,
23336,18279331,BMW Alpina,D3,S,2022,฿1,2022 BMW Alpina D3 3.0 G21 (ปี 19-26) S Wagon,https://www.one2car.com/en/for-sale/bmw-alpina-d3-s-bangkok-metropolitan-phaholyothin-bang-sue-chatuchak/18279331,1.0,SUSPECTED_OUTLIER,VERY_LOW_PRICE_REVIEW,,,,,,
23346,18837007,BYD,Sealion 7,Premium,2025,฿1,2025 BYD Sealion 7 0.0 (ปี 24-30) Premium SUV,https://www.one2car.com/en/for-sale/byd-sealion-7-premium-bangkok-metropolitan-kanchanaphisek/18837007?auc=true,1.0,SUSPECTED_OUTLIER,VERY_LOW_PRICE_REVIEW,,,,,,
23430,18722931,Toyota,Corolla Altis,J,2013,"฿49,000",2013 Toyota Corolla Altis 1.6 (ปี 08-13) J Sedan,https://www.one2car.com/en/for-sale/toyota-corolla-altis-j-bangkok-metropolitan-thapra-wongwian-yai-rama-ii/18722931,49000.0,SUSPECTED_OUTLIER,PRICE_LOW_VS_PEERS,BRAND_MODEL_YEAR,33,178999.99999999994,0.12479077281378714,0.27374301675977664,-7.002592541581132
23606,18816314,Mini,COOPER,S Look 2,2009,฿1,2009 Mini COOPER 1.6 R56 S Look 2 Hatchback,https://www.one2car.com/en/for-sale/mini-cooper-s-look-2-bangkok-metropolitan-kanchanaphisek/18816314,1.0,SUSPECTED_OUTLIER,VERY_LOW_PRICE_REVIEW,,,,,,
23616,16733316,Land Rover,DISCOVERY,V8i-XS,1996,฿1,1996 Land Rover DISCOVERY 3.9 (ปี 90-99) V8i-XS 4WD SUV,https://www.one2car.com/en/for-sale/land-rover-discovery-v8i-xs-bangkok-metropolitan-liab-duan-ram-inthra-kasetnawamin/16733316,1.0,SUSPECTED_OUTLIER,VERY_LOW_PRICE_REVIEW,,,,,,
23672,18808713,Porsche,MACAN,,2022,฿1,2022 Porsche MACAN 2.0 (ปี 19-23) AWD SUV,https://www.one2car.com/en/for-sale/porsche-macan-bangkok-metropolitan-pattanakarn-rama-ix/18808713,1.0,SUSPECTED_OUTLIER,VERY_LOW_PRICE_REVIEW,,,,,,
23908,16915189,Nissan,NP 300 Navara,Calibre EL Double Cab,2017,฿1,2017 Nissan NP 300 Navara 2.5 Double Cab Calibre EL Pickup,https://www.one2car.com/en/for-sale/nissan-np-300-navara-calibre-el-double-cab-bangkok-metropolitan-tiwanon-pathum-thani/16915189,1.0,SUSPECTED_OUTLIER,VERY_LOW_PRICE_REVIEW,,,,,,
23943,18589594,Ferrari,296,GTB,2023,฿1,2023 Ferrari 296 3.0 (ปี 22-32) GTB Coupe,https://www.one2car.com/en/for-sale/ferrari-296-gtb-bangkok-metropolitan-rama-iii-sathon-rama-iv/18589594,1.0,SUSPECTED_OUTLIER,VERY_LOW_PRICE_REVIEW,,,,,,
23946,18635007,Lexus,LM350h,Executive (7-Seater),2024,฿1,2024 Lexus LM350h 2.5 (ปี 23-29) Executive (7-Seater) Van,https://www.one2car.com/en/for-sale/lexus-lm350h-executive-7-seater-bangkok-metropolitan-rama-iii-sathon-rama-iv/18635007,1.0,SUSPECTED_OUTLIER,VERY_LOW_PRICE_REVIEW,,,,,,
23960,17387005,Porsche,911,Turbo S,2003,฿1,2003 Porsche 911 3.6 996 Turbo S Coupe,https://www.one2car.com/en/for-sale/porsche-911-turbo-s-bangkok-metropolitan-rama-iii-sathon-rama-iv/17387005,1.0,SUSPECTED_OUTLIER,VERY_LOW_PRICE_REVIEW,,,,,,
23998,18657614,Mazda,CX-5,S,2015,฿1,2015 Mazda CX-5 2.0 (ปี 13-16) S SUV,https://www.one2car.com/en/for-sale/mazda-cx-5-s-bangkok-metropolitan-kanchanaphisek/18657614,1.0,SUSPECTED_OUTLIER,VERY_LOW_PRICE_REVIEW,,,,,,
24050,10033489,Porsche,PANAMERA,4 E-Hybrid Executive,2017,฿1,2019 Porsche PANAMERA 2.9 (ปี 16-20) 4 E-Hybrid Executive Sedan,https://www.one2car.com/en/for-sale/porsche-panamera-4-e-hybrid-executive-bangkok-metropolitan-kanchanaphisek/10033489?auc=true,1.0,SUSPECTED_OUTLIER,VERY_LOW_PRICE_REVIEW,,,,,,
24130,16610233,Mitsubishi,PAJERO SPORT,GT Premium,2018,฿1,2018 Mitsubishi PAJERO SPORT 2.4 (ปี 15-18) GT Premium SUV,https://www.one2car.com/en/for-sale/mitsubishi-pajero-sport-gt-premium-bangkok-metropolitan-kanchanaphisek/16610233?auc=true,1.0,SUSPECTED_OUTLIER,VERY_LOW_PRICE_REVIEW,,,,,,
24136,16719738,Isuzu,D-MAX,S Space Cab,2021,฿1,2021 Isuzu D-MAX 3.0 Space Cab (ปี 19-26) S Pickup,https://www.one2car.com/en/for-sale/isuzu-d-max-s-space-cab-southern-region-mueang-nakhon-si-thammarat/16719738,1.0,SUSPECTED_OUTLIER,VERY_LOW_PRICE_REVIEW,,,,,,
24137,16912310,Toyota,FORTUNER,TRD Sportivo,2017,฿1,2017 Toyota FORTUNER 2.8 (ปี 15-25) TRD Sportivo SUV,https://www.one2car.com/en/for-sale/toyota-fortuner-trd-sportivo-southern-region-mueang-nakhon-si-thammarat/16912310,1.0,SUSPECTED_OUTLIER,VERY_LOW_PRICE_REVIEW,,,,,,
24138,17169826,Isuzu,D-MAX,S Cab-4,2021,฿1,2021 Isuzu D-MAX 1.9 Cab-4 (ปี 19-26) S Pickup,https://www.one2car.com/en/for-sale/isuzu-d-max-s-cab-4-southern-region-mueang-nakhon-si-thammarat/17169826,1.0,SUSPECTED_OUTLIER,VERY_LOW_PRICE_REVIEW,,,,,,
24206,14498590,Ferrari,F8,Tributo,2022,฿1,2022 Ferrari F8 3.9 (ปี 20-27) Tributo Coupe,https://www.one2car.com/en/for-sale/ferrari-f8-tributo-bangkok-metropolitan-pattanakarn-rama-ix/14498590,1.0,SUSPECTED_OUTLIER,VERY_LOW_PRICE_REVIEW,,,,,,
24234,18575111,Mazda,3,S Sports,2019,฿1,2019 Mazda 3 2.0 (ปี 14-18) S Sports Hatchback,https://www.one2car.com/en/for-sale/mazda-3-s-sports-bangkok-metropolitan-kanchanaphisek/18575111?auc=true,1.0,SUSPECTED_OUTLIER,VERY_LOW_PRICE_REVIEW,,,,,,
24333,18496707,Mazda,3,S,2020,฿1,2021 Mazda 3 2.0 (ปี 19-25) S Sedan,https://www.one2car.com/en/for-sale/mazda-3-s-bangkok-metropolitan-kanchanaphisek/18496707?auc=true,1.0,SUSPECTED_OUTLIER,VERY_LOW_PRICE_REVIEW,,,,,,
24355,12927123,Isuzu,D-MAX,B Spark,2018,฿1,2018 Isuzu D-MAX 1.9 Spark (ปี 11-17) B Pickup,https://www.one2car.com/en/for-sale/isuzu-d-max-b-spark-bangkok-metropolitan-kanchanaphisek/12927123?auc=true,1.0,SUSPECTED_OUTLIER,VERY_LOW_PRICE_REVIEW,,,,,,
24422,12356702,MCLAREN,765LT,,2021,฿1,2021 MCLAREN 765LT 4.0 (ปี 18-24) Coupe,https://www.one2car.com/en/for-sale/mclaren-765lt-bangkok-metropolitan-kanchanaphisek/12356702,1.0,SUSPECTED_OUTLIER,VERY_LOW_PRICE_REVIEW,,,,,,
24470,18543380,Toyota,CAMRY,G,2021,฿1,2021 Toyota CAMRY 2.0 (ปี 18-24) G Sedan,https://www.one2car.com/en/for-sale/toyota-camry-g-bangkok-metropolitan-kanchanaphisek/18543380?auc=true,1.0,SUSPECTED_OUTLIER,VERY_LOW_PRICE_REVIEW,,,,,,
24484,18637060,Porsche,CAYENNE,,2021,฿1,2021 Porsche CAYENNE 3.0 (ปี 18-25) 4WD SUV,https://www.one2car.com/en/for-sale/porsche-cayenne-bangkok-metropolitan-pattanakarn-rama-ix/18637060,1.0,SUSPECTED_OUTLIER,VERY_LOW_PRICE_REVIEW,,,,,,
24485,18593598,Lexus,LM350h,Executive,2023,฿1,2023 Lexus LM350h 2.5 (ปี 23-29) Executive Van,https://www.one2car.com/en/for-sale/lexus-lm350h-executive-bangkok-metropolitan-pattanakarn-rama-ix/18593598,1.0,SUSPECTED_OUTLIER,VERY_LOW_PRICE_REVIEW,,,,,,
24505,9295425,Bentley,Continental GTC,S,2017,฿1,2017 Bentley Continental GT 4.0 (ปี 03-15) S Convertible,https://www.one2car.com/en/for-sale/bentley-continental-gtc-s-bangkok-metropolitan-pattanakarn-rama-ix/9295425,1.0,SUSPECTED_OUTLIER,VERY_LOW_PRICE_REVIEW,,,,,,
24507,8197033,Porsche,911,Carrera,2019,฿1,2020 Porsche 911 3.0 992 Carrera Coupe,https://www.one2car.com/en/for-sale/porsche-911-carrera-bangkok-metropolitan-pattanakarn-rama-ix/8197033,1.0,SUSPECTED_OUTLIER,VERY_LOW_PRICE_REVIEW,,,,,,
24508,8134495,Porsche,911,Carrera S,2016,฿1,2016 Porsche 911 3.0 991 Carrera S Coupe,https://www.one2car.com/en/for-sale/porsche-911-carrera-s-bangkok-metropolitan-pattanakarn-rama-ix/8134495,1.0,SUSPECTED_OUTLIER,VERY_LOW_PRICE_REVIEW,,,,,,
24509,9130499,Porsche,MACAN,,2015,฿1,2015 Porsche MACAN 2.0 (ปี 14-17) SUV,https://www.one2car.com/en/for-sale/porsche-macan-bangkok-metropolitan-pattanakarn-rama-ix/9130499,1.0,SUSPECTED_OUTLIER,VERY_LOW_PRICE_REVIEW,,,,,,
24510,17968647,Porsche,Taycan,GTS,2024,฿1,2024 Porsche Taycan 0.0 (ปี 20-26) GTS 4WD Sedan,https://www.one2car.com/en/for-sale/porsche-taycan-gts-bangkok-metropolitan-pattanakarn-rama-ix/17968647,1.0,SUSPECTED_OUTLIER,VERY_LOW_PRICE_REVIEW,,,,,,
24512,18179061,Porsche,PANAMERA,4 E-Hybrid 10 Years Edition,2020,฿1,2020 Porsche PANAMERA 2.9 (ปี 16-20) 4 E-Hybrid 10 Years Edition 4WD Sedan,https://www.one2car.com/en/for-sale/porsche-panamera-4-e-hybrid-10-years-edition-bangkok-metropolitan-pattanakarn-rama-ix/18179061,1.0,SUSPECTED_OUTLIER,VERY_LOW_PRICE_REVIEW,,,,,,
24533,18637117,Lexus,LM300h,Executive (7-Seater),2020,฿1,2020 Lexus LM300h 2.5 (ปี 20-26) Executive (7-Seater) 4WD Van,https://www.one2car.com/en/for-sale/lexus-lm300h-executive-7-seater-bangkok-metropolitan-pattanakarn-rama-ix/18637117,1.0,SUSPECTED_OUTLIER,VERY_LOW_PRICE_REVIEW,,,,,,
24555,17759603,Toyota,HILUX REVO,Entry Single Cab,2022,฿1,2022 Toyota HILUX REVO 2.4 Single Cab Entry Pickup,https://www.one2car.com/en/for-sale/toyota-hilux-revo-entry-single-cab-bangkok-metropolitan-pak-kret/17759603?auc=true,1.0,SUSPECTED_OUTLIER,VERY_LOW_PRICE_REVIEW,,,,,,
24663,9644047,Porsche,PANAMERA,4 E-Hybrid Executive,2017,฿1,2019 Porsche PANAMERA 2.9 (ปี 16-20) 4 E-Hybrid Executive Sedan,https://www.one2car.com/en/for-sale/porsche-panamera-4-e-hybrid-executive-bangkok-metropolitan-kanchanaphisek/9644047?auc=true,1.0,SUSPECTED_OUTLIER,VERY_LOW_PRICE_REVIEW,,,,,,
24664,18631757,Toyota,CAMRY,Hybrid DVD,2011,฿1,2011 Toyota CAMRY 2.4 (ปี 06-12) Hybrid DVD Sedan NAVIGATOR,https://www.one2car.com/en/for-sale/toyota-camry-hybrid-dvd-bangkok-metropolitan-pak-kret/18631757?auc=true,1.0,SUSPECTED_OUTLIER,VERY_LOW_PRICE_REVIEW,,,,,,
24665,18424956,Toyota,VIOS,E,2017,฿1,2017 Toyota VIOS 1.5 (ปี 17-22) E Sedan,https://www.one2car.com/en/for-sale/toyota-vios-e-western-region-ban-pong/18424956,1.0,SUSPECTED_OUTLIER,VERY_LOW_PRICE_REVIEW,,,,,,
24667,13916904,Honda,JAZZ,S,2017,฿1,2017 Honda JAZZ 1.5 (ปี 14-22) S Hatchback,https://www.one2car.com/en/for-sale/honda-jazz-s-bangkok-metropolitan-tiwanon-pathum-thani/13916904,1.0,SUSPECTED_OUTLIER,VERY_LOW_PRICE_REVIEW,,,,,,
24771,18596921,Porsche,CAYMAN,S,2009,฿1,2009 Porsche CAYMAN 3.4 987 S Coupe,https://www.one2car.com/en/for-sale/porsche-cayman-s-bangkok-metropolitan-pattanakarn-rama-ix/18596921,1.0,SUSPECTED_OUTLIER,VERY_LOW_PRICE_REVIEW,,,,,,
24813,5002640,Ford,MUSTANG,EcoBoost,2017,฿1,2019 Ford MUSTANG 2.3 (ปี 15-25) EcoBoost Coupe,https://www.one2car.com/en/for-sale/ford-mustang-ecoboost-bangkok-metropolitan-pattanakarn-rama-ix/5002640,1.0,SUSPECTED_OUTLIER,VERY_LOW_PRICE_REVIEW,,,,,,
24815,8008745,Lexus,LM300h,Executive,2021,฿1,2021 Lexus LM300h 2.5 (ปี 20-26) Executive Van,https://www.one2car.com/en/for-sale/lexus-lm300h-executive-bangkok-metropolitan-pattanakarn-rama-ix/8008745,1.0,SUSPECTED_OUTLIER,VERY_LOW_PRICE_REVIEW,,,,,,
24816,10637487,Lexus,LM300h,Executive,2022,฿1,2022 Lexus LM300h 2.5 (ปี 20-26) Executive Van,https://www.one2car.com/en/for-sale/lexus-lm300h-executive-bangkok-metropolitan-pattanakarn-rama-ix/10637487,1.0,SUSPECTED_OUTLIER,VERY_LOW_PRICE_REVIEW,,,,,,
24817,18342378,Porsche,PANAMERA,4 E-Hybrid,2017,฿1,2017 Porsche PANAMERA 2.9 (ปี 16-20) 4 E-Hybrid 4WD Sedan,https://www.one2car.com/en/for-sale/porsche-panamera-4-e-hybrid-bangkok-metropolitan-pattanakarn-rama-ix/18342378,1.0,SUSPECTED_OUTLIER,VERY_LOW_PRICE_REVIEW,,,,,,
24818,17491206,Porsche,PANAMERA,4 E-Hybrid Sport Turismo,2018,฿1,2018 Porsche PANAMERA 2.9 (ปี 16-20) 4 E-Hybrid Sport Turismo Wagon,https://www.one2car.com/en/for-sale/porsche-panamera-4-e-hybrid-sport-turismo-bangkok-metropolitan-pattanakarn-rama-ix/17491206,1.0,SUSPECTED_OUTLIER,VERY_LOW_PRICE_REVIEW,,,,,,
24819,18452925,Porsche,PANAMERA,4 E-Hybrid Sport Turismo,2018,฿1,2018 Porsche PANAMERA 2.9 (ปี 16-20) 4 E-Hybrid Sport Turismo 4WD Wagon,https://www.one2car.com/en/for-sale/porsche-panamera-4-e-hybrid-sport-turismo-bangkok-metropolitan-pattanakarn-rama-ix/18452925,1.0,SUSPECTED_OUTLIER,VERY_LOW_PRICE_REVIEW,,,,,,
24870,12255410,Porsche,911,Carrera S,2022,฿1,2023 Porsche 911 3.0 992 Carrera S Coupe,https://www.one2car.com/en/for-sale/porsche-911-carrera-s-bangkok-metropolitan-pattanakarn-rama-ix/12255410,1.0,SUSPECTED_OUTLIER,VERY_LOW_PRICE_REVIEW,,,,,,
24924,18290028,Mercedes-Benz,C180,,2014,฿1,2014 Mercedes-Benz C180 1.6 W205 (ปี 14-22) Sedan,https://www.one2car.com/en/for-sale/mercedes-benz-c180-bangkok-metropolitan-kanchanaphisek/18290028,1.0,SUSPECTED_OUTLIER,VERY_LOW_PRICE_REVIEW,,,,,,
24928,18548772,ORA,Good Cat,500 Ultra,2024,฿1,2024 ORA Good Cat 0.0 (ปี 21-27) 500 Ultra Hatchback,https://www.one2car.com/en/for-sale/ora-good-cat-500-ultra-bangkok-metropolitan-pak-kret/18548772?auc=true,1.0,SUSPECTED_OUTLIER,VERY_LOW_PRICE_REVIEW,,,,,,
24951,18513151,Lamborghini,HURACAN,EVO,2021,฿1,2021 Lamborghini HURACAN 5.2 (ปี 14-24) EVO 4WD Coupe,https://www.one2car.com/en/for-sale/lamborghini-huracan-evo-bangkok-metropolitan-pattanakarn-rama-ix/18513151,1.0,SUSPECTED_OUTLIER,VERY_LOW_PRICE_REVIEW,,,,,,
24977,16688883,Maserati,MC20,,2022,฿1,2022 Maserati MC20 3.0 (ปี 21-30) Coupe,https://www.one2car.com/en/for-sale/maserati-mc20-bangkok-metropolitan-pattanakarn-rama-ix/16688883,1.0,SUSPECTED_OUTLIER,VERY_LOW_PRICE_REVIEW,,,,,,
25023,14924150,Lamborghini,HURACAN,STO,2021,฿1,2022 Lamborghini HURACAN 5.2 (ปี 14-24) STO Coupe,https://www.one2car.com/en/for-sale/lamborghini-huracan-sto-bangkok-metropolitan-rama-iii-sathon-rama-iv/14924150,1.0,SUSPECTED_OUTLIER,VERY_LOW_PRICE_REVIEW,,,,,,
25024,18365212,Bentley,Bentayga,Hybrid,2022,฿1,2022 Bentley Bentayga 3.0 (ปี 21-27) Hybrid 4WD SUV,https://www.one2car.com/en/for-sale/bentley-bentayga-hybrid-bangkok-metropolitan-rama-iii-sathon-rama-iv/18365212,1.0,SUSPECTED_OUTLIER,VERY_LOW_PRICE_REVIEW,,,,,,
25026,16433569,Lamborghini,HURACAN,EVO,2020,฿1,2021 Lamborghini HURACAN 5.2 (ปี 14-24) EVO Coupe,https://www.one2car.com/en/for-sale/lamborghini-huracan-evo-bangkok-metropolitan-rama-iii-sathon-rama-iv/16433569,1.0,SUSPECTED_OUTLIER,VERY_LOW_PRICE_REVIEW,,,,,,
25115,18041508,Mercedes-Benz,GLE53,AMG 4MATIC+,2022,฿1,2022 Mercedes-Benz GLE53 3.0 W292 (ปี 15-21) AMG 4MATIC+ AWD SUV,https://www.one2car.com/en/for-sale/mercedes-benz-gle53-amg-4matic-plus-bangkok-metropolitan-kanchanaphisek/18041508,1.0,SUSPECTED_OUTLIER,VERY_LOW_PRICE_REVIEW,,,,,,
25240,18501235,BMW,730Li,SE,2007,฿1,2007 BMW 730Li 3.0 E66 (ปี 02-09) SE Sedan,https://www.one2car.com/en/for-sale/bmw-730li-se-bangkok-metropolitan-kanchanaphisek/18501235,1.0,SUSPECTED_OUTLIER,VERY_LOW_PRICE_REVIEW,,,,,,
25322,18437983,Hyundai,H-1,Impressive,2020,฿1,2021 Hyundai H-1 2.5 (ปี 18-24) Impressive Van,https://www.one2car.com/en/for-sale/hyundai-h-1-impressive-bangkok-metropolitan-kanchanaphisek/18437983?auc=true,1.0,SUSPECTED_OUTLIER,VERY_LOW_PRICE_REVIEW,,,,,,
25334,17414763,Toyota,CAMRY,G,2019,฿1,2019 Toyota CAMRY 2.5 (ปี 18-24) G Sedan,https://www.one2car.com/en/for-sale/toyota-camry-g-bangkok-metropolitan-kanchanaphisek/17414763?auc=true,1.0,SUSPECTED_OUTLIER,VERY_LOW_PRICE_REVIEW,,,,,,
25391,13192141,Mercedes-Benz,G63,AMG,2021,฿1,2021 Mercedes-Benz G63 4.0 W463 AMG SUV,https://www.one2car.com/en/for-sale/mercedes-benz-g63-amg-bangkok-metropolitan-rama-iii-sathon-rama-iv/13192141,1.0,SUSPECTED_OUTLIER,VERY_LOW_PRICE_REVIEW,,,,,,
25393,11355159,Porsche,911,GT3,2022,฿1,2025 Porsche 911 4.0 992 GT3 Coupe,https://www.one2car.com/en/for-sale/porsche-911-gt3-bangkok-metropolitan-rama-iii-sathon-rama-iv/11355159,1.0,SUSPECTED_OUTLIER,VERY_LOW_PRICE_REVIEW,,,,,,
25412,18315063,Toyota,CROWN,Crosover RS Advanced Turbo,2023,฿1,2024 Toyota CROWN 2.4 (ปี 22-29) Crosover RS Advanced Turbo 4WD Sedan,https://www.one2car.com/en/for-sale/toyota-crown-crosover-rs-advanced-turbo-bangkok-metropolitan-kanchanaphisek/18315063?auc=true,1.0,SUSPECTED_OUTLIER,VERY_LOW_PRICE_REVIEW,,,,,,
25500,13192689,Mercedes-Benz,G400,d AMG Line Premium Plus,2023,฿1,2023 Mercedes-Benz G400 2.9 W463 d AMG Line Premium Plus SUV,https://www.one2car.com/en/for-sale/mercedes-benz-g400-d-amg-line-premium-plus-bangkok-metropolitan-rama-iii-sathon-rama-iv/13192689,1.0,SUSPECTED_OUTLIER,VERY_LOW_PRICE_REVIEW,,,,,,
25504,11339624,Nissan,GT-R,NISMO,2022,฿1,2022 Nissan GT-R 3.8 (ปี 08-25) NISMO Coupe,https://www.one2car.com/en/for-sale/nissan-gt-r-nismo-bangkok-metropolitan-rama-iii-sathon-rama-iv/11339624,1.0,SUSPECTED_OUTLIER,VERY_LOW_PRICE_REVIEW,,,,,,
25545,12688910,MCLAREN,720S,,2023,฿1,2023 MCLAREN 720S 4.0 (ปี 18-24) Coupe,https://www.one2car.com/en/for-sale/mclaren-720s-bangkok-metropolitan-pattanakarn-rama-ix/12688910,1.0,SUSPECTED_OUTLIER,VERY_LOW_PRICE_REVIEW,,,,,,
25546,11443241,Audi,e-tron GT,Quattro,2022,฿1,2022 Audi e-tron GT 0.0 (ปี 21-27) Quattro 4WD Sedan,https://www.one2car.com/en/for-sale/audi-e-tron-gt-quattro-bangkok-metropolitan-pattanakarn-rama-ix/11443241,1.0,SUSPECTED_OUTLIER,VERY_LOW_PRICE_REVIEW,,,,,,
25558,16683925,Honda,ACCORD,EL,2018,฿1,2018 Honda ACCORD 2.4 (ปี 13-19) EL Sedan,https://www.one2car.com/en/for-sale/honda-accord-el-bangkok-metropolitan-tiwanon-pathum-thani/16683925,1.0,SUSPECTED_OUTLIER,VERY_LOW_PRICE_REVIEW,,,,,,
25571,18024511,Toyota,FORTUNER,V,2016,฿1,2016 Toyota FORTUNER 2.8 (ปี 15-25) V 4WD SUV,https://www.one2car.com/en/for-sale/toyota-fortuner-v-northern-region-san-sai/18024511?auc=true,1.0,SUSPECTED_OUTLIER,VERY_LOW_PRICE_REVIEW,,,,,,
25583,13445817,Mazda,CX-30,SP,2021,฿1,2021 Mazda CX-30 2.0 (ปี 20-26) SP SUV,https://www.one2car.com/en/for-sale/mazda-cx-30-sp-bangkok-metropolitan-kanchanaphisek/13445817?auc=true,1.0,SUSPECTED_OUTLIER,VERY_LOW_PRICE_REVIEW,,,,,,
25704,17008106,Mazda,CX-3,SP,2019,฿1,2019 Mazda CX-3 2.0 (ปี 15-26) SP SUV,https://www.one2car.com/en/for-sale/mazda-cx-3-sp-bangkok-metropolitan-kanchanaphisek/17008106?auc=true,1.0,SUSPECTED_OUTLIER,VERY_LOW_PRICE_REVIEW,,,,,,
25718,11444057,Bentley,Bentayga,,2019,฿1,2019 Bentley Bentayga 4.0 (ปี 16-20) SUV,https://www.one2car.com/en/for-sale/bentley-bentayga-bangkok-metropolitan-pattanakarn-rama-ix/11444057,1.0,SUSPECTED_OUTLIER,VERY_LOW_PRICE_REVIEW,,,,,,
25726,16733549,Isuzu,MU-X,DVD,2014,฿1,2014 Isuzu MU-X 2.5 (ปี 13-19) DVD SUV,https://www.one2car.com/en/for-sale/isuzu-mu-x-dvd-bangkok-metropolitan-tiwanon-pathum-thani/16733549,1.0,SUSPECTED_OUTLIER,VERY_LOW_PRICE_REVIEW,,,,,,
25742,14807260,Bentley,Bentayga,Hybrid,2021,฿1,2021 Bentley Bentayga 3.0 (ปี 16-20) Hybrid SUV,https://www.one2car.com/en/for-sale/bentley-bentayga-hybrid-bangkok-metropolitan-phaholyothin-bang-sue-chatuchak/14807260,1.0,SUSPECTED_OUTLIER,VERY_LOW_PRICE_REVIEW,,,,,,
25758,16460711,Volvo,XC90,T8 Momentum,2017,฿1,2017 Volvo XC90 2.0 (ปี 16-26) T8 Momentum SUV,https://www.one2car.com/en/for-sale/volvo-xc90-t8-momentum-bangkok-metropolitan-pak-kret/16460711?auc=true,1.0,SUSPECTED_OUTLIER,VERY_LOW_PRICE_REVIEW,,,,,,
25781,16692186,Porsche,718,Cayman,2016,฿1,2016 Porsche 718 2.0 982 Cayman Coupe,https://www.one2car.com/en/for-sale/porsche-718-cayman-bangkok-metropolitan-kanchanaphisek/16692186,1.0,SUSPECTED_OUTLIER,VERY_LOW_PRICE_REVIEW,,,,,,
25790,16281216,Mazda,CX-5,SP,2018,฿1,2019 Mazda CX-5 2.0 (ปี 17-26) SP SUV,https://www.one2car.com/en/for-sale/mazda-cx-5-sp-bangkok-metropolitan-pak-kret/16281216?auc=true,1.0,SUSPECTED_OUTLIER,VERY_LOW_PRICE_REVIEW,,,,,,
25833,13728869,Porsche,718,Cayman,2017,฿1,2017 Porsche 718 2.0 982 Cayman Coupe,https://www.one2car.com/en/for-sale/porsche-718-cayman-bangkok-metropolitan-pattanakarn-rama-ix/13728869,1.0,SUSPECTED_OUTLIER,VERY_LOW_PRICE_REVIEW,,,,,,
25845,15845228,BMW,X3,xDrive30e M Sport,2021,฿1,2021 BMW X3 2.0 G01 (ปี 18-23) xDrive30e M Sport SUV,https://www.one2car.com/en/for-sale/bmw-x3-xdrive30e-m-sport-bangkok-metropolitan-srinagarindra-thepharak/15845228,1.0,SUSPECTED_OUTLIER,VERY_LOW_PRICE_REVIEW,,,,,,
25931,10527926,Volvo,S60,DRIVe,2013,฿1,2013 Volvo S60 1.6 (ปี 11-15) DRIVe Sedan,https://www.one2car.com/en/for-sale/volvo-s60-drive-bangkok-metropolitan-pak-kret/10527926?auc=true,1.0,SUSPECTED_OUTLIER,VERY_LOW_PRICE_REVIEW,,,,,,
25967,12230033,Bentley,CONTINENTAL,Supersports,2012,฿1,2012 Bentley CONTINENTAL 6.0 (ปี 03-15) Supersports Convertible,https://www.one2car.com/en/for-sale/bentley-continental-supersports-bangkok-metropolitan-pattanakarn-rama-ix/12230033,1.0,SUSPECTED_OUTLIER,VERY_LOW_PRICE_REVIEW,,,,,,
26014,7940325,Mercedes-Benz,E250,Avantgarde CGI BlueEFFICIENCY,2010,"฿1,768,000",2010 Mercedes-Benz E250 1.8 W207 (ปี 10-16) Avantgarde CGI BlueEFFICIENCY Convertible,https://www.one2car.com/en/for-sale/mercedes-benz-e250-avantgarde-cgi-blueefficiency-bangkok-metropolitan-kanchanaphisek/7940325,1768000.0,SUSPECTED_OUTLIER,PRICE_HIGH_VS_PEERS,BRAND_MODEL_YEAR,19,459000.00000000035,0.1953087523207646,3.851851851851851,4.657239803862236
26023,6371429,BMW,730Ld,,2012,฿1,2012 BMW 730Ld 3.0 F02 (ปี 08-16) Sedan,https://www.one2car.com/en/for-sale/bmw-730ld-bangkok-metropolitan-liab-duan-ram-inthra-kasetnawamin/6371429,1.0,SUSPECTED_OUTLIER,VERY_LOW_PRICE_REVIEW,,,,,,
26032,9597994,Mitsubishi,MIRAGE,GLS LTD,2020,฿1,2020 Mitsubishi MIRAGE 1.2 (ปี 19-26) GLS LTD Hatchback,https://www.one2car.com/en/for-sale/mitsubishi-mirage-gls-ltd-bangkok-metropolitan-tiwanon-pathum-thani/9597994,1.0,SUSPECTED_OUTLIER,VERY_LOW_PRICE_REVIEW,,,,,,
26058,6717891,Honda,CR-V,DT EL,2017,฿1,2017 Honda CR-V 1.6 (ปี 17-21) DT EL SUV,https://www.one2car.com/en/for-sale/honda-cr-v-dt-el-bangkok-metropolitan-kanchanaphisek/6717891?auc=true,1.0,SUSPECTED_OUTLIER,VERY_LOW_PRICE_REVIEW,,,,,,
26246,19339801,BMW,Z4,sDrive20i M Sport Package,2016,฿1,2016 BMW Z4 2.0 E89 (ปี 09-16) sDrive20i M Sport Package Convertible,https://www.one2car.com/en/for-sale/bmw-z4-sdrive20i-m-sport-package-bangkok-metropolitan-kanchanaphisek/19339801,1.0,SUSPECTED_OUTLIER,VERY_LOW_PRICE_REVIEW,,,,,,
26327,19339027,Mercedes-Benz,C300,Blue TEC Hybrid AMG Dynamic,2016,฿1,2016 Mercedes-Benz C300 2.1 W205 (ปี 14-22) Blue TEC Hybrid AMG Dynamic Sedan,https://www.one2car.com/en/for-sale/mercedes-benz-c300-blue-tec-hybrid-amg-dynamic-bangkok-metropolitan-thapra-wongwian-yai-rama-ii/19339027,1.0,SUSPECTED_OUTLIER,VERY_LOW_PRICE_REVIEW,,,,,,
26330,19338992,Land Rover,RANGE ROVER,Evoque SD4 Dynamic,2013,฿1,2013 Land Rover RANGE ROVER 2.2 (ปี 11-15) Evoque SD4 Dynamic AWD SUV,https://www.one2car.com/en/for-sale/land-rover-range-rover-evoque-sd4-dynamic-bangkok-metropolitan-thapra-wongwian-yai-rama-ii/19338992,1.0,SUSPECTED_OUTLIER,VERY_LOW_PRICE_REVIEW,,,,,,
26334,19045822,Audi,RS7,Sportback Quattro,2022,฿1,2022 Audi RS7 4.0 (ปี 18-24) Sportback Quattro AWD Hatchback,https://www.one2car.com/en/for-sale/audi-rs7-sportback-quattro-bangkok-metropolitan-phaholyothin-bang-sue-chatuchak/19045822,1.0,SUSPECTED_OUTLIER,VERY_LOW_PRICE_REVIEW,,,,,,
26353,19326397,TESLA,Model Y,Standard Range,2023,฿1,2023 TESLA Model Y 0.0 Standard Range SUV,https://www.one2car.com/en/for-sale/tesla-model-y-standard-range-bangkok-metropolitan-kanchanaphisek/19326397,1.0,SUSPECTED_OUTLIER,VERY_LOW_PRICE_REVIEW,,,,,,
26575,19336057,Ford,EVEREST,Titanium+,2018,฿1,2020 Ford EVEREST 2.0 (ปี 15-22) Titanium+ SUV,https://www.one2car.com/en/for-sale/ford-everest-titanium-plus-bangkok-metropolitan-srinagarindra-thepharak/19336057?auc=true,1.0,SUSPECTED_OUTLIER,VERY_LOW_PRICE_REVIEW,,,,,,
26576,19336049,Ford,EVEREST,Titanium+,2018,฿1,2020 Ford EVEREST 2.0 (ปี 15-22) Titanium+ SUV,https://www.one2car.com/en/for-sale/ford-everest-titanium-plus-bangkok-metropolitan-srinagarindra-thepharak/19336049?auc=true,1.0,SUSPECTED_OUTLIER,VERY_LOW_PRICE_REVIEW,,,,,,
26597,19335874,BMW,Z4,sDrive20i,2013,฿1,2013 BMW Z4 2.0 E89 (ปี 09-16) sDrive20i Convertible,https://www.one2car.com/en/for-sale/bmw-z4-sdrive20i-bangkok-metropolitan-rarm-intra-sukhaphiban5/19335874?auc=true,1.0,SUSPECTED_OUTLIER,VERY_LOW_PRICE_REVIEW,,,,,,
26653,19335092,Mercedes-Benz,GLE350,de 4MATIC Exclusive,2023,฿1,2023 Mercedes-Benz GLE350 2.0 W167 (ปี 19-26) de 4MATIC Exclusive 4WD SUV,https://www.one2car.com/en/for-sale/mercedes-benz-gle350-de-4matic-exclusive-bangkok-metropolitan-kanchanaphisek/19335092,1.0,SUSPECTED_OUTLIER,VERY_LOW_PRICE_REVIEW,,,,,,
26656,19335071,Mercedes-Benz,GLE350,de 4MATIC Exclusive,2023,฿1,2023 Mercedes-Benz GLE350 2.0 W167 (ปี 19-26) de 4MATIC Exclusive 4WD SUV,https://www.one2car.com/en/for-sale/mercedes-benz-gle350-de-4matic-exclusive-bangkok-metropolitan-kanchanaphisek/19335071,1.0,SUSPECTED_OUTLIER,VERY_LOW_PRICE_REVIEW,,,,,,
26864,19331951,Honda,CIVIC,S,2004,฿1,2004 Honda CIVIC 1.7 Dimension (ปี 04-06) S Sedan,https://www.one2car.com/en/for-sale/honda-civic-s-bangkok-metropolitan-ratchadaphisek-huai-khwang-lat-phrao-phetchaburi/19331951?auc=true,1.0,SUSPECTED_OUTLIER,VERY_LOW_PRICE_REVIEW,,,,,,
26865,19331889,Toyota,SOLUNA,GLi S-Series,2000,฿1,2000 Toyota SOLUNA 1.5 AL50 ไฟท้ายหยดน้ำ (ปี 00-03) GLi S-Series Sedan,https://www.one2car.com/en/for-sale/toyota-soluna-gli-s-series-bangkok-metropolitan-ratchadaphisek-huai-khwang-lat-phrao-phetchaburi/19331889?auc=true,1.0,SUSPECTED_OUTLIER,VERY_LOW_PRICE_REVIEW,,,,,,
26867,19331871,Mazda,2,XD,2017,฿1,2017 Mazda 2 1.5 (ปี 15-25) XD Sedan,https://www.one2car.com/en/for-sale/mazda-2-xd-bangkok-metropolitan-min-buri/19331871,1.0,SUSPECTED_OUTLIER,VERY_LOW_PRICE_REVIEW,,,,,,
26871,19331859,BMW,X1,sDrive18i M Sport,2015,฿1,2015 BMW X1 2.0 E84 (ปี 09-15) sDrive18i M Sport SUV,https://www.one2car.com/en/for-sale/bmw-x1-sdrive18i-m-sport-bangkok-metropolitan-min-buri/19331859,1.0,SUSPECTED_OUTLIER,VERY_LOW_PRICE_REVIEW,,,,,,
26873,19331839,Nissan,ALMERA,V,2012,฿1,2012 Nissan ALMERA 1.2 (ปี 11-19) V Sedan,https://www.one2car.com/en/for-sale/nissan-almera-v-bangkok-metropolitan-ratchadaphisek-huai-khwang-lat-phrao-phetchaburi/19331839?auc=true,1.0,SUSPECTED_OUTLIER,VERY_LOW_PRICE_REVIEW,,,,,,
26901,19331622,Mazda,2,Sports High Connect,2019,฿1,2019 Mazda 2 1.3 (ปี 15-25) Sports High Connect Hatchback,https://www.one2car.com/en/for-sale/mazda-2-sports-high-connect-bangkok-metropolitan-bang-phli/19331622,1.0,SUSPECTED_OUTLIER,VERY_LOW_PRICE_REVIEW,,,,,,
26926,19201961,TESLA,Model Y,Performance,2023,฿1,2023 TESLA Model Y 0.0 Performance 4WD SUV,https://www.one2car.com/en/for-sale/tesla-model-y-performance-bangkok-metropolitan-kanchanaphisek/19201961,1.0,SUSPECTED_OUTLIER,VERY_LOW_PRICE_REVIEW,,,,,,
27150,19327923,Toyota,HILUX REVO,Z Edition Entry Double Cab,2020,฿1,2020 Toyota HILUX REVO 2.4 Double Cab Z Edition Entry Pickup,https://www.one2car.com/en/for-sale/toyota-hilux-revo-z-edition-entry-double-cab-bangkok-metropolitan-sukhaphiban1-2-3/19327923?auc=true,1.0,SUSPECTED_OUTLIER,VERY_LOW_PRICE_REVIEW,,,,,,
27155,19327869,Honda,CIVIC,E,2021,฿1,2021 Honda CIVIC 1.8 FC (ปี 16-20) E Sedan,https://www.one2car.com/en/for-sale/honda-civic-e-bangkok-metropolitan-mueang-samut-prakan/19327869?auc=true,1.0,SUSPECTED_OUTLIER,VERY_LOW_PRICE_REVIEW,,,,,,
27166,19327669,Nissan,Kicks,Autech,2024,฿1,2024 Nissan Kicks 1.2 (ปี 20-26) Autech SUV,https://www.one2car.com/en/for-sale/nissan-kicks-autech-bangkok-metropolitan-kanchanaphisek/19327669,1.0,SUSPECTED_OUTLIER,VERY_LOW_PRICE_REVIEW,,,,,,
27167,19327664,Toyota,CAMRY,HEV Premium Luxury,2024,฿1,2024 Toyota CAMRY 2.5 (ปี 18-24) HEV Premium Luxury Sedan,https://www.one2car.com/en/for-sale/toyota-camry-hev-premium-luxury-bangkok-metropolitan-kanchanaphisek/19327664,1.0,SUSPECTED_OUTLIER,VERY_LOW_PRICE_REVIEW,,,,,,
27171,19327528,Honda,CR-V,DT EL,2018,฿1,2018 Honda CR-V 1.6 (ปี 17-21) DT EL AWD SUV,https://www.one2car.com/en/for-sale/honda-cr-v-dt-el-bangkok-metropolitan-kanchanaphisek/19327528,1.0,SUSPECTED_OUTLIER,VERY_LOW_PRICE_REVIEW,,,,,,
27185,19327426,Mazda,2,E,2020,฿1,2020 Mazda 2 1.3 (ปี 15-25) E Sedan,https://www.one2car.com/en/for-sale/mazda-2-e-bangkok-metropolitan-kanchanaphisek/19327426,1.0,SUSPECTED_OUTLIER,VERY_LOW_PRICE_REVIEW,,,,,,
27186,19327416,Mazda,2,E,2020,฿1,2020 Mazda 2 1.3 (ปี 15-25) E Sedan,https://www.one2car.com/en/for-sale/mazda-2-e-bangkok-metropolitan-kanchanaphisek/19327416,1.0,SUSPECTED_OUTLIER,VERY_LOW_PRICE_REVIEW,,,,,,
27248,19326406,BMW,330e,M Sport,2023,฿1,2024 BMW 330e 2.0 G20 (ปี 19-26) M Sport Sedan,https://www.one2car.com/en/for-sale/bmw-330e-m-sport-bangkok-metropolitan-lam-luk-ka/19326406,1.0,SUSPECTED_OUTLIER,VERY_LOW_PRICE_REVIEW,,,,,,
27637,19321873,Audi,Q7,TFSI Quattro S line Black Edition,2019,฿1,2019 Audi Q7 3.0 (ปี 16-25) TFSI Quattro S line Black Edition AWD SUV,https://www.one2car.com/en/for-sale/audi-q7-tfsi-quattro-s-line-black-edition-bangkok-metropolitan-liab-duan-ram-inthra-kasetnawamin/19321873,1.0,SUSPECTED_OUTLIER,VERY_LOW_PRICE_REVIEW,,,,,,
27716,19319704,Toyota,VOXY,ZS,2018,฿1,2020 Toyota VOXY 2.0 (ปี 14-17) ZS Van,https://www.one2car.com/en/for-sale/toyota-voxy-zs-bangkok-metropolitan-liab-duan-ram-inthra-kasetnawamin/19319704?auc=true,1.0,SUSPECTED_OUTLIER,VERY_LOW_PRICE_REVIEW,,,,,,
27808,19316430,Chevrolet,CORVETTE,Stingray 3LT,2022,฿1,2022 Chevrolet CORVETTE 6.2 (ปี 20-26) Stingray 3LT Coupe,https://www.one2car.com/en/for-sale/chevrolet-corvette-stingray-3lt-bangkok-metropolitan-rarm-intra-sukhaphiban5/19316430?auc=true,1.0,SUSPECTED_OUTLIER,VERY_LOW_PRICE_REVIEW,,,,,,
27967,19312876,Hyundai,GRAND STAREX,VIP,2018,฿1,2018 Hyundai GRAND STAREX 2.5 (ปี 10-17) VIP Wagon,https://www.one2car.com/en/for-sale/hyundai-grand-starex-vip-bangkok-metropolitan-kanchanaphisek/19312876,1.0,SUSPECTED_OUTLIER,VERY_LOW_PRICE_REVIEW,,,,,,
27969,19312811,Ford,RANGER,WildTrak Double Cab,2018,฿1,2018 Ford RANGER 3.2 Double Cab (ปี 15-21) WildTrak 4WD Pickup,https://www.one2car.com/en/for-sale/ford-ranger-wildtrak-double-cab-bangkok-metropolitan-kanchanaphisek/19312811,1.0,SUSPECTED_OUTLIER,VERY_LOW_PRICE_REVIEW,,,,,,
27975,19312770,Mitsubishi,PAJERO SPORT,GT Premium,2016,฿1,2016 Mitsubishi PAJERO SPORT 2.4 (ปี 15-18) GT Premium 4WD SUV,https://www.one2car.com/en/for-sale/mitsubishi-pajero-sport-gt-premium-bangkok-metropolitan-kanchanaphisek/19312770,1.0,SUSPECTED_OUTLIER,VERY_LOW_PRICE_REVIEW,,,,,,
28125,19309900,Honda,CR-V,E,2014,฿1,2014 Honda CR-V 2.0 (ปี 12-16) E AWD SUV,https://www.one2car.com/en/for-sale/honda-cr-v-e-northern-region-mueang-chiang-mai/19309900,1.0,SUSPECTED_OUTLIER,VERY_LOW_PRICE_REVIEW,,,,,,
28212,19308347,Honda,City,SV,2020,฿1,2020 Honda City 1.0 (ปี 19-26) SV Sedan,https://www.one2car.com/en/for-sale/honda-city-sv-eastern-region-mueang-rayong/19308347,1.0,SUSPECTED_OUTLIER,VERY_LOW_PRICE_REVIEW,,,,,,
28213,19308320,Suzuki,SWIFT,GLX,2024,฿1,2024 Suzuki SWIFT 1.2 (ปี 18-25) GLX Hatchback,https://www.one2car.com/en/for-sale/suzuki-swift-glx-eastern-region-mueang-rayong/19308320,1.0,SUSPECTED_OUTLIER,VERY_LOW_PRICE_REVIEW,,,,,,
28282,19268486,Honda,City,S,2018,฿1,2018 Honda City 1.5 (ปี 14-18) S Sedan,https://www.one2car.com/en/for-sale/honda-city-s-eastern-region-mueang-chonburi/19268486,1.0,SUSPECTED_OUTLIER,VERY_LOW_PRICE_REVIEW,,,,,,
28304,19304880,Honda,City,S CNG,2016,฿1,2016 Honda City 1.5 (ปี 14-18) S CNG Sedan,https://www.one2car.com/en/for-sale/honda-city-s-cng-bangkok-metropolitan-kanchanaphisek/19304880,1.0,SUSPECTED_OUTLIER,VERY_LOW_PRICE_REVIEW,,,,,,
28305,19304878,Isuzu,MU-7,Primo,2008,฿1,2008 Isuzu MU-7 3.0 (ปี 07-13) Primo SUV,https://www.one2car.com/en/for-sale/isuzu-mu-7-primo-bangkok-metropolitan-kanchanaphisek/19304878,1.0,SUSPECTED_OUTLIER,VERY_LOW_PRICE_REVIEW,,,,,,
28306,19304884,Honda,City,S CNG,2016,฿1,2016 Honda City 1.5 (ปี 14-18) S CNG Sedan,https://www.one2car.com/en/for-sale/honda-city-s-cng-bangkok-metropolitan-kanchanaphisek/19304884,1.0,SUSPECTED_OUTLIER,VERY_LOW_PRICE_REVIEW,,,,,,
28307,19304875,Isuzu,MU-7,Primo,2008,฿1,2008 Isuzu MU-7 3.0 (ปี 07-13) Primo SUV,https://www.one2car.com/en/for-sale/isuzu-mu-7-primo-bangkok-metropolitan-kanchanaphisek/19304875,1.0,SUSPECTED_OUTLIER,VERY_LOW_PRICE_REVIEW,,,,,,
28308,19304864,Toyota,HILUX VIGO,Champ E Prerunner Smart Cab ABS,2013,฿1,2013 Toyota HILUX VIGO 2.5 Champ Smart Cab (ปี 11-15) E Prerunner ABS Pickup,https://www.one2car.com/en/for-sale/toyota-hilux-vigo-champ-e-prerunner-smart-cab-abs-bangkok-metropolitan-kanchanaphisek/19304864,1.0,SUSPECTED_OUTLIER,VERY_LOW_PRICE_REVIEW,,,,,,
28309,19304869,Toyota,HILUX VIGO,Champ E Prerunner Smart Cab ABS,2013,฿1,2013 Toyota HILUX VIGO 2.5 Champ Smart Cab (ปี 11-15) E Prerunner ABS Pickup,https://www.one2car.com/en/for-sale/toyota-hilux-vigo-champ-e-prerunner-smart-cab-abs-bangkok-metropolitan-kanchanaphisek/19304869,1.0,SUSPECTED_OUTLIER,VERY_LOW_PRICE_REVIEW,,,,,,
28450,19301456,Toyota,FORTUNER,Legender,2023,฿1,2023 Toyota FORTUNER 2.4 (ปี 15-25) Legender 4WD SUV,https://www.one2car.com/en/for-sale/toyota-fortuner-legender-bangkok-metropolitan-bang-na-kingkaew-lat-krabang/19301456?auc=true,1.0,SUSPECTED_OUTLIER,VERY_LOW_PRICE_REVIEW,,,,,,
28578,19120430,BYD,Sealion 7,Performance,2025,฿1,2025 BYD Sealion 7 0.0 (ปี 24-30) Performance AWD SUV,https://www.one2car.com/en/for-sale/byd-sealion-7-performance-bangkok-metropolitan-kanchanaphisek/19120430,1.0,SUSPECTED_OUTLIER,VERY_LOW_PRICE_REVIEW,,,,,,
28695,19267765,Toyota,FORTUNER,Leader V,2023,฿1,2023 Toyota FORTUNER 2.4 (ปี 15-25) Leader V SUV,https://www.one2car.com/en/for-sale/toyota-fortuner-leader-v-bangkok-metropolitan-srinagarindra-thepharak/19267765?auc=true,1.0,SUSPECTED_OUTLIER,VERY_LOW_PRICE_REVIEW,,,,,,
28888,19290036,Maserati,GRANCABRIO,,2017,฿1,2022 Maserati GRANCABRIO 4.7 (ปี 10-16) Convertible,https://www.one2car.com/en/for-sale/maserati-grancabrio-bangkok-metropolitan-thapra-wongwian-yai-rama-ii/19290036,1.0,SUSPECTED_OUTLIER,VERY_LOW_PRICE_REVIEW,,,,,,
29026,19076487,Honda,HR-V,E Limited,2016,฿1,2017 Honda HR-V 1.8 (ปี 14-18) E Limited SUV,https://www.one2car.com/en/for-sale/honda-hr-v-e-limited-eastern-region-mueang-chonburi/19076487,1.0,SUSPECTED_OUTLIER,VERY_LOW_PRICE_REVIEW,,,,,,
29115,18491873,Mazda,3,S,2021,฿1,2021 Mazda 3 2.0 (ปี 19-25) S Sedan,https://www.one2car.com/en/for-sale/mazda-3-s-bangkok-metropolitan-kanchanaphisek/18491873?auc=true,1.0,SUSPECTED_OUTLIER,VERY_LOW_PRICE_REVIEW,,,,,,
29182,18380607,Mercedes-Benz,GLE250,d 4MATIC AMG Dynamic,2016,฿1,2016 Mercedes-Benz GLE250 2.1 W166 (ปี 12-19) d 4MATIC AMG Dynamic 4WD SUV,https://www.one2car.com/en/for-sale/mercedes-benz-gle250-d-4matic-amg-dynamic-bangkok-metropolitan-nonthaburi-rattanathibet/18380607?auc=true,1.0,SUSPECTED_OUTLIER,VERY_LOW_PRICE_REVIEW,,,,,,
29223,19286103,Bentley,CONTINENTAL,Supersports,2010,฿1,2011 Bentley CONTINENTAL 6.0 (ปี 03-15) Supersports 4WD Coupe,https://www.one2car.com/en/for-sale/bentley-continental-supersports-bangkok-metropolitan-lam-luk-ka/19286103,1.0,SUSPECTED_OUTLIER,VERY_LOW_PRICE_REVIEW,,,,,,
29367,19267757,Mazda,2,High Connect,2019,฿1,2019 Mazda 2 1.3 (ปี 15-25) High Connect Sedan,https://www.one2car.com/en/for-sale/mazda-2-high-connect-bangkok-metropolitan-srinagarindra-thepharak/19267757?auc=true,1.0,SUSPECTED_OUTLIER,VERY_LOW_PRICE_REVIEW,,,,,,
29411,19280722,Honda,Brio,Amaze V,2013,฿1,2013 Honda Brio 1.2 (ปี 11-16) Amaze V Sedan,https://www.one2car.com/en/for-sale/honda-brio-amaze-v-bangkok-metropolitan-kanchanaphisek/19280722,1.0,SUSPECTED_OUTLIER,VERY_LOW_PRICE_REVIEW,,,,,,
29412,19280704,Honda,Brio,Amaze V,2013,฿1,2013 Honda Brio 1.2 (ปี 11-16) Amaze V Sedan,https://www.one2car.com/en/for-sale/honda-brio-amaze-v-bangkok-metropolitan-kanchanaphisek/19280704,1.0,SUSPECTED_OUTLIER,VERY_LOW_PRICE_REVIEW,,,,,,
29484,19279336,Honda,ACCORD,EL,2018,฿1,2018 Honda ACCORD 2.0 (ปี 13-19) EL Sedan,https://www.one2car.com/en/for-sale/honda-accord-el-bangkok-metropolitan-rarm-intra-sukhaphiban5/19279336?auc=true,1.0,SUSPECTED_OUTLIER,VERY_LOW_PRICE_REVIEW,,,,,,
29650,19118701,Toyota,Landcruiser Prado,D4D,2015,฿1,2015 Toyota Landcruiser Prado 3.0 150 D4D 4WD SUV,https://www.one2car.com/en/for-sale/toyota-landcruiser-prado-d4d-eastern-region-mueang-chonburi/19118701,1.0,SUSPECTED_OUTLIER,VERY_LOW_PRICE_REVIEW,,,,,,
29673,19234410,Ferrari,348,Spider,1994,฿1,1994 Ferrari 348 3.4 (ปี 89-95) Spider Convertible,https://www.one2car.com/en/for-sale/ferrari-348-spider-bangkok-metropolitan-liab-duan-ram-inthra-kasetnawamin/19234410,1.0,SUSPECTED_OUTLIER,VERY_LOW_PRICE_REVIEW,,,,,,
29750,18183692,Toyota,HARRIER,300G,2000,฿1,2000 Toyota HARRIER 3.0 (ปี 97-03) 300G SUV,https://www.one2car.com/en/for-sale/toyota-harrier-300g-bangkok-metropolitan-kanchanaphisek/18183692,1.0,SUSPECTED_OUTLIER,VERY_LOW_PRICE_REVIEW,,,,,,
29751,19216098,Mercedes-Benz,C180 Kompressor,Sport Edition,2007,฿1,2007 Mercedes-Benz C180 Kompressor 1.8 W203 (ปี 01-07) Sport Edition Sedan,https://www.one2car.com/en/for-sale/mercedes-benz-c180-kompressor-sport-edition-bangkok-metropolitan-kanchanaphisek/19216098,1.0,SUSPECTED_OUTLIER,VERY_LOW_PRICE_REVIEW,,,,,,
29796,18717404,Honda,HR-V,E,2017,฿1,2017 Honda HR-V 1.8 (ปี 14-18) E SUV,https://www.one2car.com/en/for-sale/honda-hr-v-e-bangkok-metropolitan-srinagarindra-thepharak/18717404,1.0,SUSPECTED_OUTLIER,VERY_LOW_PRICE_REVIEW,,,,,,
29888,19268189,Volkswagen,CARAVELLE,TDi,2012,฿1,2012 Volkswagen CARAVELLE 2.0 (ปี 04-16) TDi Van,https://www.one2car.com/en/for-sale/volkswagen-caravelle-tdi-bangkok-metropolitan-kanchanaphisek/19268189,1.0,SUSPECTED_OUTLIER,VERY_LOW_PRICE_REVIEW,,,,,,
29889,19268520,Volkswagen,CARAVELLE,Prestige,2008,฿1,2008 Volkswagen CARAVELLE 2.5 (ปี 04-16) Prestige Van,https://www.one2car.com/en/for-sale/volkswagen-caravelle-prestige-bangkok-metropolitan-kanchanaphisek/19268520,1.0,SUSPECTED_OUTLIER,VERY_LOW_PRICE_REVIEW,,,,,,
29901,19267768,Volkswagen,CARAVELLE,TDi,2012,฿1,2012 Volkswagen CARAVELLE 2.0 (ปี 04-16) TDi Van,https://www.one2car.com/en/for-sale/volkswagen-caravelle-tdi-bangkok-metropolitan-kanchanaphisek/19267768,1.0,SUSPECTED_OUTLIER,VERY_LOW_PRICE_REVIEW,,,,,,
30012,19264357,Mercedes-Benz,C220,d Avantgarde,2022,฿1,2022 Mercedes-Benz C220 2.0 W205 (ปี 14-22) d Avantgarde Sedan,https://www.one2car.com/en/for-sale/mercedes-benz-c220-d-avantgarde-bangkok-metropolitan-kanchanaphisek/19264357,1.0,SUSPECTED_OUTLIER,VERY_LOW_PRICE_REVIEW,,,,,,
30013,19264314,Toyota,Corolla Cross,Hybrid Premium Safety,2022,฿1,2022 Toyota Corolla Cross 1.8 (ปี 20-26) Hybrid Premium Safety SUV,https://www.one2car.com/en/for-sale/toyota-corolla-cross-hybrid-premium-safety-bangkok-metropolitan-kanchanaphisek/19264314,1.0,SUSPECTED_OUTLIER,VERY_LOW_PRICE_REVIEW,,,,,,
30046,18596111,Porsche,911,Turbo S,2023,฿1,2023 Porsche 911 3.7 992 Turbo S 4WD Coupe,https://www.one2car.com/en/for-sale/porsche-911-turbo-s-bangkok-metropolitan-mueang-nonthaburi/18596111,1.0,SUSPECTED_OUTLIER,VERY_LOW_PRICE_REVIEW,,,,,,
30063,19261742,Isuzu,D-MAX,X-Series Speed Space Cab,2018,฿1,2019 Isuzu D-MAX 1.9 Space Cab (ปี 11-17) X-Series Speed Pickup,https://www.one2car.com/en/for-sale/isuzu-d-max-x-series-speed-space-cab-bangkok-metropolitan-bang-phli/19261742,1.0,SUSPECTED_OUTLIER,VERY_LOW_PRICE_REVIEW,,,,,,
30078,19261056,Mazda,3,SP Sports,2015,฿1,2015 Mazda 3 2.0 (ปี 14-18) SP Sports Hatchback,https://www.one2car.com/en/for-sale/mazda-3-sp-sports-bangkok-metropolitan-kanchanaphisek/19261056,1.0,SUSPECTED_OUTLIER,VERY_LOW_PRICE_REVIEW,,,,,,
30079,19261037,Toyota,CAMRY,Hybrid,2010,฿1,2010 Toyota CAMRY 2.4 (ปี 06-12) Hybrid Sedan,https://www.one2car.com/en/for-sale/toyota-camry-hybrid-bangkok-metropolitan-kanchanaphisek/19261037,1.0,SUSPECTED_OUTLIER,VERY_LOW_PRICE_REVIEW,,,,,,
30109,19257832,Mazda,3,SP Sports,2015,฿1,2015 Mazda 3 2.0 (ปี 14-18) SP Sports Hatchback,https://www.one2car.com/en/for-sale/mazda-3-sp-sports-bangkok-metropolitan-kanchanaphisek/19257832,1.0,SUSPECTED_OUTLIER,VERY_LOW_PRICE_REVIEW,,,,,,
30111,19257744,Toyota,CAMRY,Hybrid,2010,฿1,2010 Toyota CAMRY 2.4 (ปี 06-12) Hybrid Sedan,https://www.one2car.com/en/for-sale/toyota-camry-hybrid-bangkok-metropolitan-kanchanaphisek/19257744,1.0,SUSPECTED_OUTLIER,VERY_LOW_PRICE_REVIEW,,,,,,
30167,19254458,Toyota,YARIS,E,2018,฿1,2018 Toyota YARIS 1.2 (ปี 17-25) E Hatchback,https://www.one2car.com/en/for-sale/toyota-yaris-e-northern-region-mueang-phayao/19254458?auc=true,1.0,SUSPECTED_OUTLIER,VERY_LOW_PRICE_REVIEW,,,,,,
30169,19254413,Honda,City,V+,2019,฿1,2019 Honda City 1.5 (ปี 14-18) V+ Sedan,https://www.one2car.com/en/for-sale/honda-city-v-plus-northern-region-mueang-phayao/19254413?auc=true,1.0,SUSPECTED_OUTLIER,VERY_LOW_PRICE_REVIEW,,,,,,
30308,19245164,Honda,CR-V,e:HEV ES,2023,฿1,2023 Honda CR-V 2.0 (ปี 23-29) e:HEV ES SUV,https://www.one2car.com/en/for-sale/honda-cr-v-e-hev-es-bangkok-metropolitan-rarm-intra-sukhaphiban5/19245164?auc=true,1.0,SUSPECTED_OUTLIER,VERY_LOW_PRICE_REVIEW,,,,,,
30361,19242124,Honda,City,ZX SV,2006,฿1,2006 Honda City 1.5 ZX (ปี 05-07) ZX SV Sedan,https://www.one2car.com/en/for-sale/honda-city-zx-sv-bangkok-metropolitan-min-buri/19242124,1.0,SUSPECTED_OUTLIER,VERY_LOW_PRICE_REVIEW,,,,,,
30388,15704584,BMW,640d,,2012,฿1,2012 BMW 640d 3.0 F13 (ปี 11-16) Coupe,https://www.one2car.com/en/for-sale/bmw-640d-bangkok-metropolitan-sukhumvit/15704584,1.0,SUSPECTED_OUTLIER,VERY_LOW_PRICE_REVIEW,,,,,,
30420,15373675,BMW,M5,Competition,2023,฿1,2023 BMW M5 4.4 F90 (ปี 18-24) Competition Sedan,https://www.one2car.com/en/for-sale/bmw-m5-competition-bangkok-metropolitan-sukhumvit/15373675,1.0,SUSPECTED_OUTLIER,VERY_LOW_PRICE_REVIEW,,,,,,
30421,16085412,Bentley,Continental GTC,Speed,2010,฿1,2010 Bentley Continental GTC 6.0 (ปี 03-15) Speed Convertible,https://www.one2car.com/en/for-sale/bentley-continental-gtc-speed-bangkok-metropolitan-sukhumvit/16085412,1.0,SUSPECTED_OUTLIER,VERY_LOW_PRICE_REVIEW,,,,,,
30422,18260974,Lamborghini,AVENTADOR,LP720-4 50th Anniversario,2015,฿1,2015 Lamborghini AVENTADOR 6.5 (ปี 12-22) LP720-4 50th Anniversario 4WD Coupe,https://www.one2car.com/en/for-sale/lamborghini-aventador-lp720-4-50th-anniversario-bangkok-metropolitan-sukhumvit/18260974,1.0,SUSPECTED_OUTLIER,VERY_LOW_PRICE_REVIEW,,,,,,
30423,18779455,MCLAREN,720S,,2022,฿1,2022 MCLAREN 720S 4.0 (ปี 18-24) Coupe,https://www.one2car.com/en/for-sale/mclaren-720s-bangkok-metropolitan-sukhumvit/18779455,1.0,SUSPECTED_OUTLIER,VERY_LOW_PRICE_REVIEW,,,,,,
30435,19232629,Honda,Brio,Amaze V,2014,฿1,2014 Honda Brio 1.2 (ปี 11-16) Amaze V Sedan,https://www.one2car.com/en/for-sale/honda-brio-amaze-v-bangkok-metropolitan-kanchanaphisek/19232629,1.0,SUSPECTED_OUTLIER,VERY_LOW_PRICE_REVIEW,,,,,,
30436,19232653,Honda,Brio,Amaze V,2014,฿1,2014 Honda Brio 1.2 (ปี 11-16) Amaze V Sedan,https://www.one2car.com/en/for-sale/honda-brio-amaze-v-bangkok-metropolitan-kanchanaphisek/19232653,1.0,SUSPECTED_OUTLIER,VERY_LOW_PRICE_REVIEW,,,,,,
30444,19154112,Suzuki,Ciaz,GL,2020,฿1,2020 Suzuki Ciaz 1.2 (ปี 15-25) GL Sedan,https://www.one2car.com/en/for-sale/suzuki-ciaz-gl-bangkok-metropolitan-kanchanaphisek/19154112,1.0,SUSPECTED_OUTLIER,VERY_LOW_PRICE_REVIEW,,,,,,
30445,19154123,Suzuki,Ciaz,GL,2020,฿1,2020 Suzuki Ciaz 1.2 (ปี 15-25) GL Sedan,https://www.one2car.com/en/for-sale/suzuki-ciaz-gl-bangkok-metropolitan-kanchanaphisek/19154123,1.0,SUSPECTED_OUTLIER,VERY_LOW_PRICE_REVIEW,,,,,,
30446,19237962,Mitsubishi,MIRAGE,Active,2022,฿1,2023 Mitsubishi MIRAGE 1.2 (ปี 19-26) Active Hatchback,https://www.one2car.com/en/for-sale/mitsubishi-mirage-active-bangkok-metropolitan-kanchanaphisek/19237962,1.0,SUSPECTED_OUTLIER,VERY_LOW_PRICE_REVIEW,,,,,,
30447,19154141,Suzuki,Ciaz,GL,2018,฿1,2018 Suzuki Ciaz 1.2 (ปี 15-25) GL Sedan,https://www.one2car.com/en/for-sale/suzuki-ciaz-gl-bangkok-metropolitan-kanchanaphisek/19154141,1.0,SUSPECTED_OUTLIER,VERY_LOW_PRICE_REVIEW,,,,,,
30448,19154159,Suzuki,Ciaz,GL,2018,฿1,2018 Suzuki Ciaz 1.2 (ปี 15-25) GL Sedan,https://www.one2car.com/en/for-sale/suzuki-ciaz-gl-bangkok-metropolitan-kanchanaphisek/19154159,1.0,SUSPECTED_OUTLIER,VERY_LOW_PRICE_REVIEW,,,,,,
30556,19233493,Lamborghini,Urus,,2023,฿1,2023 Lamborghini Urus 4.0 (ปี 18-25) AWD SUV,https://www.one2car.com/en/for-sale/lamborghini-urus-bangkok-metropolitan-phaholyothin-bang-sue-chatuchak/19233493,1.0,SUSPECTED_OUTLIER,VERY_LOW_PRICE_REVIEW,,,,,,
30577,19232711,Honda,CIVIC,E Navi,2008,฿1,2008 Honda CIVIC 1.8 FD (ปี 05-12) E Navi Sedan,https://www.one2car.com/en/for-sale/honda-civic-e-navi-bangkok-metropolitan-kanchanaphisek/19232711,1.0,SUSPECTED_OUTLIER,VERY_LOW_PRICE_REVIEW,,,,,,
30579,19232688,Honda,CIVIC,E Navi,2008,฿1,2008 Honda CIVIC 1.8 FD (ปี 05-12) E Navi Sedan,https://www.one2car.com/en/for-sale/honda-civic-e-navi-bangkok-metropolitan-kanchanaphisek/19232688,1.0,SUSPECTED_OUTLIER,VERY_LOW_PRICE_REVIEW,,,,,,
30638,19229429,Mitsubishi,AIRTREK,,2005,฿1,2005 Mitsubishi AIRTREK 2.0 (ปี 01-08) 4WD Wagon,https://www.one2car.com/en/for-sale/mitsubishi-airtrek-bangkok-metropolitan-kanchanaphisek/19229429,1.0,SUSPECTED_OUTLIER,VERY_LOW_PRICE_REVIEW,,,,,,
30750,19220389,Toyota,VIOS,E,2018,฿1,2018 Toyota VIOS 1.5 (ปี 17-22) E Sedan,https://www.one2car.com/en/for-sale/toyota-vios-e-bangkok-metropolitan-min-buri/19220389,1.0,SUSPECTED_OUTLIER,VERY_LOW_PRICE_REVIEW,,,,,,
30756,19197788,Honda,STEPWGN,Spada EL,2013,฿1,2013 Honda STEPWGN 2.0 (ปี 09-16) Spada EL Wagon,https://www.one2car.com/en/for-sale/honda-stepwgn-spada-el-bangkok-metropolitan-kanchanaphisek/19197788,1.0,SUSPECTED_OUTLIER,VERY_LOW_PRICE_REVIEW,,,,,,
30778,19218567,Land Rover,DEFENDER,110 SE,2016,฿1,2016 Land Rover DEFENDER 2.2 (ปี 95-15) 110 SE 4WD SUV,https://www.one2car.com/en/for-sale/land-rover-defender-110-se-bangkok-metropolitan-pattanakarn-rama-ix/19218567,1.0,SUSPECTED_OUTLIER,VERY_LOW_PRICE_REVIEW,,,,,,
30823,19141544,Isuzu,MU-X,Elegant,2022,฿1,2022 Isuzu MU-X 3.0 (ปี 20-26) Elegant SUV,https://www.one2car.com/en/for-sale/isuzu-mu-x-elegant-eastern-region-mueang-chonburi/19141544,1.0,SUSPECTED_OUTLIER,VERY_LOW_PRICE_REVIEW,,,,,,
30996,19207099,Honda,CR-V,E,2013,฿1,2013 Honda CR-V 2.0 (ปี 12-16) E AWD SUV,https://www.one2car.com/en/for-sale/honda-cr-v-e-bangkok-metropolitan-kanchanaphisek/19207099,1.0,SUSPECTED_OUTLIER,VERY_LOW_PRICE_REVIEW,,,,,,
30997,19207079,Toyota,CAMRY,G,2011,฿1,2011 Toyota CAMRY 2.0 (ปี 06-12) G Sedan,https://www.one2car.com/en/for-sale/toyota-camry-g-bangkok-metropolitan-kanchanaphisek/19207079,1.0,SUSPECTED_OUTLIER,VERY_LOW_PRICE_REVIEW,,,,,,
30998,19207078,Toyota,CAMRY,G,2011,฿1,2011 Toyota CAMRY 2.0 (ปี 06-12) G Sedan,https://www.one2car.com/en/for-sale/toyota-camry-g-bangkok-metropolitan-kanchanaphisek/19207078,1.0,SUSPECTED_OUTLIER,VERY_LOW_PRICE_REVIEW,,,,,,
30999,19207063,Suzuki,SWIFT,GLX,2013,฿1,2013 Suzuki SWIFT 1.2 (ปี 12-17) GLX Hatchback,https://www.one2car.com/en/for-sale/suzuki-swift-glx-bangkok-metropolitan-kanchanaphisek/19207063,1.0,SUSPECTED_OUTLIER,VERY_LOW_PRICE_REVIEW,,,,,,
31000,19207057,Suzuki,SWIFT,GLX,2013,฿1,2013 Suzuki SWIFT 1.2 (ปี 12-17) GLX Hatchback,https://www.one2car.com/en/for-sale/suzuki-swift-glx-bangkok-metropolitan-kanchanaphisek/19207057,1.0,SUSPECTED_OUTLIER,VERY_LOW_PRICE_REVIEW,,,,,,
31086,19198555,Audi,A1,Sportback 35 TFSI S-Line,2020,฿1,2020 Audi A1 1.5 (ปี 19-26) Sportback 35 TFSI S-Line Hatchback,https://www.one2car.com/en/for-sale/audi-a1-sportback-35-tfsi-s-line-bangkok-metropolitan-kanchanaphisek/19198555,1.0,SUSPECTED_OUTLIER,VERY_LOW_PRICE_REVIEW,,,,,,
31124,19200185,Lexus,LX500d,,2022,฿1,2024 Lexus LX500d 3.3 (ปี 22-32) 4WD SUV,https://www.one2car.com/en/for-sale/lexus-lx500d-bangkok-metropolitan-pattanakarn-rama-ix/19200185,1.0,SUSPECTED_OUTLIER,VERY_LOW_PRICE_REVIEW,,,,,,
31276,19187632,Mercedes-Benz,A200,AMG Dynamic,2023,฿1,2024 Mercedes-Benz A200 1.3 W177 (ปี 19-25) AMG Dynamic Sedan,https://www.one2car.com/en/for-sale/mercedes-benz-a200-amg-dynamic-bangkok-metropolitan-kanchanaphisek/19187632,1.0,SUSPECTED_OUTLIER,VERY_LOW_PRICE_REVIEW,,,,,,
31277,19187600,BMW,330e,M Sport,2022,฿1,2022 BMW 330e 2.0 G20 (ปี 19-26) M Sport Sedan,https://www.one2car.com/en/for-sale/bmw-330e-m-sport-bangkok-metropolitan-kanchanaphisek/19187600,1.0,SUSPECTED_OUTLIER,VERY_LOW_PRICE_REVIEW,,,,,,
31318,19185045,Mazda,2,XD High,2015,฿1,2015 Mazda 2 1.5 (ปี 15-25) XD High Sedan,https://www.one2car.com/en/for-sale/mazda-2-xd-high-bangkok-metropolitan-sukhaphiban1-2-3/19185045,1.0,SUSPECTED_OUTLIER,VERY_LOW_PRICE_REVIEW,,,,,,
31397,19180075,Chevrolet,CAPTIVA,LSX,2013,฿1,2013 Chevrolet CAPTIVA 2.0 (ปี 11-16) LSX SUV,https://www.one2car.com/en/for-sale/chevrolet-captiva-lsx-bangkok-metropolitan-kanchanaphisek/19180075,1.0,SUSPECTED_OUTLIER,VERY_LOW_PRICE_REVIEW,,,,,,
31398,19180064,Chevrolet,CAPTIVA,LSX,2013,฿1,2013 Chevrolet CAPTIVA 2.0 (ปี 11-16) LSX SUV,https://www.one2car.com/en/for-sale/chevrolet-captiva-lsx-bangkok-metropolitan-kanchanaphisek/19180064,1.0,SUSPECTED_OUTLIER,VERY_LOW_PRICE_REVIEW,,,,,,
31403,19180013,Nissan,ALMERA,VL,2016,฿1,2016 Nissan ALMERA 1.2 (ปี 11-19) VL Sedan,https://www.one2car.com/en/for-sale/nissan-almera-vl-bangkok-metropolitan-kanchanaphisek/19180013,1.0,SUSPECTED_OUTLIER,VERY_LOW_PRICE_REVIEW,,,,,,
31407,19179994,Nissan,ALMERA,VL,2016,฿1,2016 Nissan ALMERA 1.2 (ปี 11-19) VL Sedan,https://www.one2car.com/en/for-sale/nissan-almera-vl-bangkok-metropolitan-kanchanaphisek/19179994,1.0,SUSPECTED_OUTLIER,VERY_LOW_PRICE_REVIEW,,,,,,
31582,19167639,MG,VS HEV,D,2023,฿1,2023 MG VS HEV 1.5 (ปี 22-27) D SUV,https://www.one2car.com/en/for-sale/mg-vs-hev-d-bangkok-metropolitan-kanchanaphisek/19167639,1.0,SUSPECTED_OUTLIER,VERY_LOW_PRICE_REVIEW,,,,,,
31603,19165127,Volkswagen,SHARAN,TSI,2014,฿1,2017 Volkswagen SHARAN 2.0 (ปี 10-16) TSI Wagon AT,https://www.one2car.com/en/for-sale/volkswagen-sharan-tsi-bangkok-metropolitan-kanchanaphisek/19165127?auc=true,1.0,SUSPECTED_OUTLIER,VERY_LOW_PRICE_REVIEW,,,,,,
31620,19162680,Audi,R8,Spyder FSI Quattro,2022,฿1,2025 Audi R8 5.2 (ปี 16-21) Spyder FSI Quattro Convertible,https://www.one2car.com/en/for-sale/audi-r8-spyder-fsi-quattro-bangkok-metropolitan-pattanakarn-rama-ix/19162680,1.0,SUSPECTED_OUTLIER,VERY_LOW_PRICE_REVIEW,,,,,,
31632,19162721,Jaguar,E-TYPE,,1973,฿1,1993 Jaguar E-TYPE 5.3 (ปี 61-75) Convertible,https://www.one2car.com/en/for-sale/jaguar-e-type-bangkok-metropolitan-pattanakarn-rama-ix/19162721,1.0,SUSPECTED_OUTLIER,VERY_LOW_PRICE_REVIEW,,,,,,
31633,19162709,Bentley,Flying Spur,,2022,฿1,2023 Bentley Flying Spur 4.0 (ปี 20-26) 4WD Sedan,https://www.one2car.com/en/for-sale/bentley-flying-spur-bangkok-metropolitan-pattanakarn-rama-ix/19162709,1.0,SUSPECTED_OUTLIER,VERY_LOW_PRICE_REVIEW,,,,,,
31634,19162693,Bentley,Bentayga,,2020,฿1,2022 Bentley Bentayga 4.0 (ปี 16-20) 4WD SUV,https://www.one2car.com/en/for-sale/bentley-bentayga-bangkok-metropolitan-pattanakarn-rama-ix/19162693,1.0,SUSPECTED_OUTLIER,VERY_LOW_PRICE_REVIEW,,,,,,
31654,19160900,BMW,330e,M Sport,2021,฿1,2021 BMW 330e 2.0 G20 (ปี 19-26) M Sport Sedan,https://www.one2car.com/en/for-sale/bmw-330e-m-sport-bangkok-metropolitan-kanchanaphisek/19160900,1.0,SUSPECTED_OUTLIER,VERY_LOW_PRICE_REVIEW,,,,,,
31706,19156911,Neta,Neta X,Smart,2025,฿1,2025 Neta Neta X 0.0 (ปี 24-28) Smart SUV,https://www.one2car.com/en/for-sale/neta-neta-x-smart-bangkok-metropolitan-kanchanaphisek/19156911,1.0,SUSPECTED_OUTLIER,VERY_LOW_PRICE_REVIEW,,,,,,
31729,19154932,Hyundai,GRAND STAREX,Premium,2012,฿1,2012 Hyundai GRAND STAREX 2.5 (ปี 10-17) Premium Wagon,https://www.one2car.com/en/for-sale/hyundai-grand-starex-premium-bangkok-metropolitan-bang-yai-bang-bua-thong/19154932?auc=true,1.0,SUSPECTED_OUTLIER,VERY_LOW_PRICE_REVIEW,,,,,,
31829,19076419,Mazda,2,High Connect,2017,฿1,2017 Mazda 2 1.3 (ปี 15-25) High Connect Sedan,https://www.one2car.com/en/for-sale/mazda-2-high-connect-eastern-region-mueang-chonburi/19076419,1.0,SUSPECTED_OUTLIER,VERY_LOW_PRICE_REVIEW,,,,,,
31878,19141578,Toyota,HILUX REVO,G Double Cab,2017,฿1,2017 Toyota HILUX REVO 2.8 Double Cab G 4WD Pickup,https://www.one2car.com/en/for-sale/toyota-hilux-revo-g-double-cab-eastern-region-mueang-chonburi/19141578,1.0,SUSPECTED_OUTLIER,VERY_LOW_PRICE_REVIEW,,,,,,
32008,18965224,Mercedes-Benz,S580,e AMG Premium,2024,฿1,2024 Mercedes-Benz S580 3.0 W223 (ปี 21-28) e AMG Premium Sedan,https://www.one2car.com/en/for-sale/mercedes-benz-s580-e-amg-premium-bangkok-metropolitan-liab-duan-ram-inthra-kasetnawamin/18965224,1.0,SUSPECTED_OUTLIER,VERY_LOW_PRICE_REVIEW,,,,,,
32180,18996701,Lexus,RX270,Luxury,2011,฿1,2011 Lexus RX270 2.7 (ปี 11-15) Luxury SUV,https://www.one2car.com/en/for-sale/lexus-rx270-luxury-bangkok-metropolitan-kanchanaphisek/18996701,1.0,SUSPECTED_OUTLIER,VERY_LOW_PRICE_REVIEW,,,,,,
32218,18370666,Mini,COOPER,3-Door,2011,฿1,2011 Mini COOPER 1.6 R50 3-Door Hatchback,https://www.one2car.com/en/for-sale/mini-cooper-3-door-northern-region-san-sai/18370666?auc=true,1.0,SUSPECTED_OUTLIER,VERY_LOW_PRICE_REVIEW,,,,,,
32255,18891339,Toyota,HILUX REVO,Z Edition Mid Double Cab,2020,฿1,2020 Toyota HILUX REVO 2.4 Double Cab Z Edition Mid Pickup,https://www.one2car.com/en/for-sale/toyota-hilux-revo-z-edition-mid-double-cab-southern-region-mueang-songkhla/18891339?auc=true,1.0,SUSPECTED_OUTLIER,VERY_LOW_PRICE_REVIEW,,,,,,
32340,19102983,Mitsubishi,EVOLUTION,VI,1998,฿1,1998 Mitsubishi EVOLUTION 2.0 (โฉมท้ายเบนซ์) VI 4WD Sedan,https://www.one2car.com/en/for-sale/mitsubishi-evolution-vi-bangkok-metropolitan-liab-duan-ram-inthra-kasetnawamin/19102983,1.0,SUSPECTED_OUTLIER,VERY_LOW_PRICE_REVIEW,,,,,,
32341,19102964,Mitsubishi,EVOLUTION,VII,2007,฿1,2010 Mitsubishi EVOLUTION 2.0 (โฉมซีเดีย) VII 4WD Sedan,https://www.one2car.com/en/for-sale/mitsubishi-evolution-vii-bangkok-metropolitan-liab-duan-ram-inthra-kasetnawamin/19102964,1.0,SUSPECTED_OUTLIER,VERY_LOW_PRICE_REVIEW,,,,,,
32411,18300169,Toyota,HIACE,D4D,2014,฿1,2014 Toyota HIACE 3.0 Commuter (ปี 05-19) D4D Van,https://www.one2car.com/en/for-sale/toyota-hiace-d4d-bangkok-metropolitan-pak-kret/18300169?auc=true,1.0,SUSPECTED_OUTLIER,VERY_LOW_PRICE_REVIEW,,,,,,
32414,18452381,Aion,Y Plus,490 Elite,2023,฿1,2023 Aion Y Plus 0.0 (ปี 23-29) 490 Elite SUV,https://www.one2car.com/en/for-sale/aion-y-plus-490-elite-bangkok-metropolitan-pak-kret/18452381?auc=true,1.0,SUSPECTED_OUTLIER,VERY_LOW_PRICE_REVIEW,,,,,,
32415,18431883,BYD,Sealion 6,DM-i Premium,2025,฿1,2025 BYD Sealion 6 1.5 (ปี 24-30) DM-i Premium SUV,https://www.one2car.com/en/for-sale/byd-sealion-6-dm-i-premium-bangkok-metropolitan-pak-kret/18431883?auc=true,1.0,SUSPECTED_OUTLIER,VERY_LOW_PRICE_REVIEW,,,,,,
32456,19080130,Honda,NSX,,2021,฿1,2022 Honda NSX 3.5 (ปี 16-22) 4WD Coupe,https://www.one2car.com/en/for-sale/honda-nsx-bangkok-metropolitan-pattanakarn-rama-ix/19080130,1.0,SUSPECTED_OUTLIER,VERY_LOW_PRICE_REVIEW,,,,,,
32457,17759621,Honda,NSX,EXi,1994,฿1,1994 Honda NSX 3.0 (ปี 90-01) EXi Coupe,https://www.one2car.com/en/for-sale/honda-nsx-exi-bangkok-metropolitan-rama-iii-sathon-rama-iv/17759621,1.0,SUSPECTED_OUTLIER,VERY_LOW_PRICE_REVIEW,,,,,,
32458,18465306,Mercedes-Benz,SL55,4MATIC+,2022,฿1,2023 Mercedes-Benz SL55 4.0 R232 (ปี 22-32) 4MATIC+ 4WD Convertible,https://www.one2car.com/en/for-sale/mercedes-benz-sl55-4matic-plus-bangkok-metropolitan-rarm-intra-sukhaphiban5/18465306,1.0,SUSPECTED_OUTLIER,VERY_LOW_PRICE_REVIEW,,,,,,
32480,19040419,Mazda,CX-30,100th Anniversary Edition,2021,฿1,2021 Mazda CX-30 2.0 (ปี 20-26) 100th Anniversary Edition SUV,https://www.one2car.com/en/for-sale/mazda-cx-30-100th-anniversary-edition-bangkok-metropolitan-kanchanaphisek/19040419?auc=true,1.0,SUSPECTED_OUTLIER,VERY_LOW_PRICE_REVIEW,,,,,,
32481,19059418,Mazda,CX-30,100th Anniversary Edition,2021,฿1,2021 Mazda CX-30 2.0 (ปี 20-26) 100th Anniversary Edition SUV,https://www.one2car.com/en/for-sale/mazda-cx-30-100th-anniversary-edition-bangkok-metropolitan-kanchanaphisek/19059418?auc=true,1.0,SUSPECTED_OUTLIER,VERY_LOW_PRICE_REVIEW,,,,,,
32514,19086347,Audi,RS5,Quattro,2021,฿1,2021 Audi RS5 2.9 (ปี 16-25) Quattro AWD Coupe,https://www.one2car.com/en/for-sale/audi-rs5-quattro-bangkok-metropolitan-pattanakarn-rama-ix/19086347,1.0,SUSPECTED_OUTLIER,VERY_LOW_PRICE_REVIEW,,,,,,
32573,14329045,Rolls-Royce,Silver Spirit,,1991,฿1,1991 Rolls-Royce Silver Spirit 6.8 (ปี 80-99) Sedan,https://www.one2car.com/en/for-sale/rolls-royce-silver-spirit-bangkok-metropolitan-pak-kret/14329045?auc=true,1.0,SUSPECTED_OUTLIER,VERY_LOW_PRICE_REVIEW,,,,,,
32854,19043928,Toyota,CROWN,Royal Saloon,2007,฿1,2007 Toyota CROWN 2.5 (ปี 00-05) Royal Saloon Sedan,https://www.one2car.com/en/for-sale/toyota-crown-royal-saloon-bangkok-metropolitan-kanchanaphisek/19043928,1.0,SUSPECTED_OUTLIER,VERY_LOW_PRICE_REVIEW,,,,,,
32862,19042560,Porsche,BOXSTER,S,2003,฿1,2003 Porsche BOXSTER 2.7 986 Convertible,https://www.one2car.com/en/for-sale/porsche-boxster-s-bangkok-metropolitan-phaholyothin-bang-sue-chatuchak/19042560,1.0,SUSPECTED_OUTLIER,VERY_LOW_PRICE_REVIEW,,,,,,
32864,19042522,Jaguar,F-TYPE,,2015,฿1,2015 Jaguar F-TYPE 3.0 (ปี 13-20) Coupe,https://www.one2car.com/en/for-sale/jaguar-f-type-bangkok-metropolitan-phaholyothin-bang-sue-chatuchak/19042522,1.0,SUSPECTED_OUTLIER,VERY_LOW_PRICE_REVIEW,,,,,,
32985,19028188,ORA,Good Cat,500 Ultra,2022,฿1,2022 ORA Good Cat 0.0 (ปี 21-27) 500 Ultra Hatchback,https://www.one2car.com/en/for-sale/ora-good-cat-500-ultra-bangkok-metropolitan-kanchanaphisek/19028188,1.0,SUSPECTED_OUTLIER,VERY_LOW_PRICE_REVIEW,,,,,,
33002,19025273,Rolls-Royce,Silver Shadow,II,1989,฿1,1989 Rolls-Royce Silver Shadow 6.8 (ปี 65-80) II Sedan,https://www.one2car.com/en/for-sale/rolls-royce-silver-shadow-ii-bangkok-metropolitan-kanchanaphisek/19025273,1.0,SUSPECTED_OUTLIER,VERY_LOW_PRICE_REVIEW,,,,,,
33171,18991755,GWM Tank,300,Ultra,2025,฿1,2025 GWM Tank 300 2.4 (ปี 23-29) Ultra AWD SUV,https://www.one2car.com/en/for-sale/gwm-tank-300-ultra-bangkok-metropolitan-kanchanaphisek/18991755,1.0,SUSPECTED_OUTLIER,VERY_LOW_PRICE_REVIEW,,,,,,
33221,18987498,Mercedes-Benz,SLK200 Kompressor,AMG,2005,฿1,2005 Mercedes-Benz SLK200 Kompressor 1.8 R171 (ปี 04-10) AMG Convertible,https://www.one2car.com/en/for-sale/mercedes-benz-slk200-kompressor-amg-bangkok-metropolitan-kanchanaphisek/18987498,1.0,SUSPECTED_OUTLIER,VERY_LOW_PRICE_REVIEW,,,,,,
33285,16521022,Mercedes-Benz,CLS220,d AMG Premium,2021,฿1,2021 Mercedes-Benz CLS220 2.0 W257 (ปี 18-24) d AMG Premium Sedan,https://www.one2car.com/en/for-sale/mercedes-benz-cls220-d-amg-premium-bangkok-metropolitan-lam-luk-ka/16521022,1.0,SUSPECTED_OUTLIER,VERY_LOW_PRICE_REVIEW,,,,,,
33286,17221836,Audi,A5,40 TFSI S line,2021,฿1,2021 Audi A5 2.0 (ปี 16-24) 40 TFSI S line Coupe,https://www.one2car.com/en/for-sale/audi-a5-40-tfsi-s-line-bangkok-metropolitan-lam-luk-ka/17221836,1.0,SUSPECTED_OUTLIER,VERY_LOW_PRICE_REVIEW,,,,,,
33287,18307515,BMW,X5,xDrive40e M Sport,2018,฿1,2018 BMW X5 2.0 F15 (ปี 13-17) xDrive40e M Sport SUV,https://www.one2car.com/en/for-sale/bmw-x5-xdrive40e-m-sport-bangkok-metropolitan-lam-luk-ka/18307515,1.0,SUSPECTED_OUTLIER,VERY_LOW_PRICE_REVIEW,,,,,,
33288,18489022,Kia,CARNIVAL,SXL,2024,฿1,2024 Kia CARNIVAL 2.2 (ปี 20-26) SXL Wagon,https://www.one2car.com/en/for-sale/kia-carnival-sxl-bangkok-metropolitan-lam-luk-ka/18489022,1.0,SUSPECTED_OUTLIER,VERY_LOW_PRICE_REVIEW,,,,,,
33289,18489079,BMW,320d,Gran Turismo M Sport,2018,฿1,2019 BMW 320d 2.0 F34 (ปี 13-16) Gran Turismo M Sport Sedan,https://www.one2car.com/en/for-sale/bmw-320d-gran-turismo-m-sport-bangkok-metropolitan-lam-luk-ka/18489079,1.0,SUSPECTED_OUTLIER,VERY_LOW_PRICE_REVIEW,,,,,,
33290,18489097,BMW,520d,M Sport,2019,฿1,2020 BMW 520d 2.0 G30 (ปี 17-22) M Sport Sedan,https://www.one2car.com/en/for-sale/bmw-520d-m-sport-bangkok-metropolitan-lam-luk-ka/18489097,1.0,SUSPECTED_OUTLIER,VERY_LOW_PRICE_REVIEW,,,,,,
33291,18489158,Mercedes-Benz,S500,e AMG Premium,2016,฿1,2021 Mercedes-Benz S500 3.0 W222 (ปี 13-21) e AMG Premium Sedan,https://www.one2car.com/en/for-sale/mercedes-benz-s500-e-amg-premium-bangkok-metropolitan-lam-luk-ka/18489158,1.0,SUSPECTED_OUTLIER,VERY_LOW_PRICE_REVIEW,,,,,,
33292,18670943,Mercedes-Benz,GLC300,e 4MATIC AMG Dynamic,2021,฿1,2022 Mercedes-Benz GLC300 2.0 W253 (ปี 15-22) e 4MATIC AMG Dynamic 4WD SUV,https://www.one2car.com/en/for-sale/mercedes-benz-glc300-e-4matic-amg-dynamic-bangkok-metropolitan-lam-luk-ka/18670943,1.0,SUSPECTED_OUTLIER,VERY_LOW_PRICE_REVIEW,,,,,,
33307,18972290,Toyota,GR Yaris,RZ High Performance,2026,฿1,2026 Toyota GR Yaris 1.6 (ปี 20-26) RZ High Performance AWD Hatchback,https://www.one2car.com/en/for-sale/toyota-gr-yaris-rz-high-performance-bangkok-metropolitan-pattanakarn-rama-ix/18972290,1.0,SUSPECTED_OUTLIER,VERY_LOW_PRICE_REVIEW,,,,,,
33333,18968870,Volvo,XC40,Recharge Pure Electric,2021,฿1,2026 Volvo XC40 (ปี 18-24) Recharge Pure Electric SUV,https://www.one2car.com/en/for-sale/volvo-xc40-recharge-pure-electric-bangkok-metropolitan-pak-kret/18968870?auc=true,1.0,SUSPECTED_OUTLIER,VERY_LOW_PRICE_REVIEW,,,,,,
33576,18846432,ORA,Good Cat,500 Ultra,2024,฿1,2024 ORA Good Cat 0.0 (ปี 21-27) 500 Ultra Hatchback,https://www.one2car.com/en/for-sale/ora-good-cat-500-ultra-bangkok-metropolitan-pak-kret/18846432?auc=true,1.0,SUSPECTED_OUTLIER,VERY_LOW_PRICE_REVIEW,,,,,,
33626,18921434,Mercedes-Benz,190SL,,1955,฿1,1955 Mercedes-Benz 190SL 1.9 W121 (ปี 55-63) Convertible,https://www.one2car.com/en/for-sale/mercedes-benz-190sl-bangkok-metropolitan-phaholyothin-bang-sue-chatuchak/18921434,1.0,SUSPECTED_OUTLIER,VERY_LOW_PRICE_REVIEW,,,,,,
33641,18919007,Bentley,Bentayga,Hybrid,2023,฿1,2025 Bentley Bentayga 3.0 (ปี 21-27) Hybrid 4WD SUV,https://www.one2car.com/en/for-sale/bentley-bentayga-hybrid-bangkok-metropolitan-pattanakarn-rama-ix/18919007,1.0,SUSPECTED_OUTLIER,VERY_LOW_PRICE_REVIEW,,,,,,
33662,18914868,Nissan,SYLPHY,V,2013,฿1,2013 Nissan SYLPHY 1.6 (ปี 12-16) V Sedan,https://www.one2car.com/en/for-sale/nissan-sylphy-v-bangkok-metropolitan-kanchanaphisek/18914868,1.0,SUSPECTED_OUTLIER,VERY_LOW_PRICE_REVIEW,,,,,,
33663,18914849,Toyota,Corolla Altis,E,2013,฿1,2013 Toyota Corolla Altis 1.8 (ปี 08-13) E Sedan,https://www.one2car.com/en/for-sale/toyota-corolla-altis-e-bangkok-metropolitan-kanchanaphisek/18914849,1.0,SUSPECTED_OUTLIER,VERY_LOW_PRICE_REVIEW,,,,,,
33676,18904027,Suzuki,CARRY,,2024,฿1,2024 Suzuki CARRY 1.5 (ปี 19-28) Truck,https://www.one2car.com/en/for-sale/suzuki-carry-bangkok-metropolitan-kanchanaphisek/18904027,1.0,SUSPECTED_OUTLIER,VERY_LOW_PRICE_REVIEW,,,,,,
33783,18862685,Mazda,2,Elegance Spirit,2012,฿1,2012 Mazda 2 1.5 (ปี 09-14) Elegance Spirit Sedan,https://www.one2car.com/en/for-sale/mazda-2-elegance-spirit-bangkok-metropolitan-kanchanaphisek/18862685,1.0,SUSPECTED_OUTLIER,VERY_LOW_PRICE_REVIEW,,,,,,
33848,18846368,Mercedes-Benz,C200,Style,2013,฿1,2013 Mercedes-Benz C200 1.8 W204 (ปี 08-14) Style Sedan,https://www.one2car.com/en/for-sale/mercedes-benz-c200-style-bangkok-metropolitan-pak-kret/18846368?auc=true,1.0,SUSPECTED_OUTLIER,VERY_LOW_PRICE_REVIEW,,,,,,
33901,18496629,Porsche,CAYMAN,,2013,฿1,2013 Porsche CAYMAN 2.7 981 Coupe,https://www.one2car.com/en/for-sale/porsche-cayman-bangkok-metropolitan-liab-duan-ram-inthra-kasetnawamin/18496629,1.0,SUSPECTED_OUTLIER,VERY_LOW_PRICE_REVIEW,,,,,,
33958,7980301,Rolls-Royce,CORNICHE II,,1987,฿1,1987 Rolls-Royce CORNICHE II 6.8 (ปี 86-89) Convertible,https://www.one2car.com/en/for-sale/rolls-royce-corniche-ii-bangkok-metropolitan-liab-duan-ram-inthra-kasetnawamin/7980301,1.0,SUSPECTED_OUTLIER,VERY_LOW_PRICE_REVIEW,,,,,,
34017,18811202,Mazda,2,XD High Plus,2016,฿1,2016 Mazda 2 1.5 (ปี 15-25) XD High Plus Sedan,https://www.one2car.com/en/for-sale/mazda-2-xd-high-plus-bangkok-metropolitan-pak-kret/18811202?auc=true,1.0,SUSPECTED_OUTLIER,VERY_LOW_PRICE_REVIEW,,,,,,
34069,18767406,ORA,Good Cat,500 Ultra,2023,฿1,2023 ORA Good Cat 0.0 (ปี 21-27) 500 Ultra Hatchback,https://www.one2car.com/en/for-sale/ora-good-cat-500-ultra-bangkok-metropolitan-pak-kret/18767406?auc=true,1.0,SUSPECTED_OUTLIER,VERY_LOW_PRICE_REVIEW,,,,,,
34083,18788515,Mercedes-Benz,Vito,122 CDI V6,2013,฿1,2014 Mercedes-Benz Vito 3.0 W639 (ปี 03-14) 122 CDI V6 Van,https://www.one2car.com/en/for-sale/mercedes-benz-vito-122-cdi-v6-bangkok-metropolitan-pak-kret/18788515?auc=true,1.0,SUSPECTED_OUTLIER,VERY_LOW_PRICE_REVIEW,,,,,,
34110,18779905,Mercedes-Benz,300E,Classic,1990,฿1,1990 Mercedes-Benz 300E 3.0 W124 (ปี 85-96) Classic Sedan,https://www.one2car.com/en/for-sale/mercedes-benz-300e-classic-bangkok-metropolitan-kanchanaphisek/18779905,1.0,SUSPECTED_OUTLIER,VERY_LOW_PRICE_REVIEW,,,,,,
34113,18778140,DEEPAL,S05,Max,2026,฿1,2026 DEEPAL S05 0.0 (ปี 23-25) Max SUV,https://www.one2car.com/en/for-sale/deepal-s05-max-bangkok-metropolitan-liab-duan-ram-inthra-kasetnawamin/18778140,1.0,SUSPECTED_OUTLIER,VERY_LOW_PRICE_REVIEW,,,,,,
34136,18767424,BYD,Atto 3,Extended Range,2023,฿1,2023 BYD Atto 3 0.0 (ปี 22-28) Extended Range SUV,https://www.one2car.com/en/for-sale/byd-atto-3-extended-range-bangkok-metropolitan-pak-kret/18767424?auc=true,1.0,SUSPECTED_OUTLIER,VERY_LOW_PRICE_REVIEW,,,,,,
34140,18766521,Honda,JAZZ,S,2016,฿1,2019 Honda JAZZ 1.5 (ปี 14-22) S Hatchback,https://www.one2car.com/en/for-sale/honda-jazz-s-southern-region-mueang-nakhon-si-thammarat/18766521,1.0,SUSPECTED_OUTLIER,VERY_LOW_PRICE_REVIEW,,,,,,
34141,18766468,Honda,City,RS,2022,฿1,2023 Honda City 1.0 (ปี 20-25) RS Hatchback,https://www.one2car.com/en/for-sale/honda-city-rs-southern-region-mueang-nakhon-si-thammarat/18766468,1.0,SUSPECTED_OUTLIER,VERY_LOW_PRICE_REVIEW,,,,,,
34142,18766159,Mitsubishi,TRITON,GL Single Cab,2020,฿1,2021 Mitsubishi TRITON 2.4 Single Cab (ปี 18-23) GL 4WD Pickup,https://www.one2car.com/en/for-sale/mitsubishi-triton-gl-single-cab-southern-region-mueang-nakhon-si-thammarat/18766159,1.0,SUSPECTED_OUTLIER,VERY_LOW_PRICE_REVIEW,,,,,,
34159,18676818,Aion,Y Plus,490 Premium,2023,฿1,2024 Aion Y Plus 0.0 (ปี 23-29) 490 Premium SUV,https://www.one2car.com/en/for-sale/aion-y-plus-490-premium-bangkok-metropolitan-pak-kret/18676818?auc=true,1.0,SUSPECTED_OUTLIER,VERY_LOW_PRICE_REVIEW,,,,,,
34164,18755224,Nissan,JUKE,V,2014,฿1,2014 Nissan JUKE 1.6 (ปี 10-16) V SUV,https://www.one2car.com/en/for-sale/nissan-juke-v-bangkok-metropolitan-kanchanaphisek/18755224,1.0,SUSPECTED_OUTLIER,VERY_LOW_PRICE_REVIEW,,,,,,
34260,9253949,Toyota,COROLLA,XX,1978,฿1,1978 Toyota COROLLA 1.3 KE (ปี 74-83) XX Coupe,https://www.one2car.com/en/for-sale/toyota-corolla-xx-bangkok-metropolitan-liab-duan-ram-inthra-kasetnawamin/9253949,1.0,SUSPECTED_OUTLIER,VERY_LOW_PRICE_REVIEW,,,,,,
34261,17646472,Ferrari,SF90 Stradale,,2022,฿1,2022 Ferrari SF90 Stradale 4.0 (ปี 20-27) Coupe,https://www.one2car.com/en/for-sale/ferrari-sf90-stradale-bangkok-metropolitan-liab-duan-ram-inthra-kasetnawamin/17646472,1.0,SUSPECTED_OUTLIER,VERY_LOW_PRICE_REVIEW,,,,,,
34291,18727030,Rolls-Royce,GHOST,,2023,฿1,2023 Rolls-Royce GHOST 6.7 (ปี 20-30) 4WD Sedan,https://www.one2car.com/en/for-sale/rolls-royce-ghost-bangkok-metropolitan-pattanakarn-rama-ix/18727030,1.0,SUSPECTED_OUTLIER,VERY_LOW_PRICE_REVIEW,,,,,,
34305,17346297,Nissan,ALMERA,V,2021,฿1,2021 Nissan ALMERA 1.0 (ปี 19-25) V Sedan,https://www.one2car.com/en/for-sale/nissan-almera-v-bangkok-metropolitan-tiwanon-pathum-thani/17346297,1.0,SUSPECTED_OUTLIER,VERY_LOW_PRICE_REVIEW,,,,,,
34419,18676786,MG,MG4,X,2025,฿1,2025 MG MG4 0.0 (ปี 22-29) X Hatchback,https://www.one2car.com/en/for-sale/mg-mg4-x-bangkok-metropolitan-pak-kret/18676786?auc=true,1.0,SUSPECTED_OUTLIER,VERY_LOW_PRICE_REVIEW,,,,,,
34639,18603362,Bentley,Bentayga,Hybrid,2023,฿1,2025 Bentley Bentayga 3.0 (ปี 21-27) Hybrid 4WD SUV,https://www.one2car.com/en/for-sale/bentley-bentayga-hybrid-bangkok-metropolitan-pattanakarn-rama-ix/18603362,1.0,SUSPECTED_OUTLIER,VERY_LOW_PRICE_REVIEW,,,,,,
34663,18529039,MG,IM6,Premium,2025,฿1,2025 MG IM6 0.0 (ปี 25-29) Premium SUV,https://www.one2car.com/en/for-sale/mg-im6-premium-bangkok-metropolitan-pak-kret/18529039?auc=true,1.0,SUSPECTED_OUTLIER,VERY_LOW_PRICE_REVIEW,,,,,,
34708,18548753,Neta,Neta V-II,Smart,2025,฿1,2025 Neta Neta V-II 0.0 (ปี 24-28) Smart Hatchback,https://www.one2car.com/en/for-sale/neta-neta-v-ii-smart-bangkok-metropolitan-pak-kret/18548753?auc=true,1.0,SUSPECTED_OUTLIER,VERY_LOW_PRICE_REVIEW,,,,,,
34710,18547723,Avatr,Avatr 11,Long Range,2025,฿1,2025 Avatr Avatr 11 0.0 (ปี 24-31) Long Range SUV,https://www.one2car.com/en/for-sale/avatr-avatr-11-long-range-bangkok-metropolitan-pak-kret/18547723?auc=true,1.0,SUSPECTED_OUTLIER,VERY_LOW_PRICE_REVIEW,,,,,,
34717,18529083,Aion,Y Plus,490 Elite,2023,฿1,2024 Aion Y Plus 0.0 (ปี 23-29) 490 Elite SUV,https://www.one2car.com/en/for-sale/aion-y-plus-490-elite-bangkok-metropolitan-pak-kret/18529083?auc=true,1.0,SUSPECTED_OUTLIER,VERY_LOW_PRICE_REVIEW,,,,,,
